customerID,gender,SeniorCitizen,Partner,Dependents,tenure,PhoneService,MultipleLines,InternetService,OnlineSecurity,OnlineBackup,DeviceProtection,TechSupport,StreamingTV,StreamingMovies,Contract,PaperlessBilling,PaymentMethod,MonthlyCharges,TotalCharges,Churn
4024-ZEKCK,Female,0,No,No,72,Yes,Yes,Fiber optic,Yes,No,No,No,No,No,Month-to-month,Yes,Electronic check,85.79,6164.81,No
3444-QUMYG,Male,0,Yes,No,3,Yes,No,Fiber optic,No,No,No,Yes,No,No,Two year,No,Electronic check,84.3,262.79,Yes
3329-XYTMV,Male,1,Yes,No,2,Yes,No,No,No internet service,No internet service,No internet service,No internet service,No internet service,No internet service,Month-to-month,No,Mailed check,23.74,57.05,No
8335-XJHEW,Female,0,Yes,No,57,Yes,Yes,DSL,No,No,Yes,Yes,No,No,Month-to-month,No,Credit card (automatic),62.94,3611.5,No
3565-RIOLR,Female,0,Yes,Yes,14,Yes,Yes,DSL,Yes,No,Yes,No,No,No,Month-to-month,Yes,Bank transfer (automatic),65.08,912.6,No
2199-HSLYH,Male,0,Yes,No,26,Yes,No,Fiber optic,No,No,No,No,Yes,No,One year,No,Bank transfer (automatic),83.48,2190.34,No
2872-HEWUB,Male,0,No,Yes,18,No,No phone service,DSL,No,No,No,No,Yes,No,Month-to-month,Yes,Mailed check,46.96,845.51,No
5829-ESOYL,Male,0,Yes,No,71,Yes,Yes,No,No internet service,No internet service,No internet service,No internet service,No internet service,No internet service,Month-to-month,Yes,Mailed check,25.66,1802.87,No
5183-MEPYP,Male,0,Yes,No,33,Yes,No,DSL,No,No,No,No,Yes,No,Month-to-month,No,Mailed check,55.97,1859.68,No
3814-GWHZD,Male,1,No,Yes,2,Yes,No,No,No internet service,No internet service,No internet service,No internet service,No internet service,No internet service,One year,Yes,Credit card (automatic),21.57,40.37,No
8098-JKPFB,Female,0,No,No,65,Yes,No,Fiber optic,Yes,No,No,No,Yes,Yes,Two year,No,Mailed check,99.03,6428.15,No
6175-JRARA,Female,0,No,No,10,Yes,Yes,Fiber optic,No,Yes,Yes,No,No,Yes,Two year,Yes,Mailed check,99.86,1026.19,No
3433-LMKOG,Male,0,Yes,Yes,15,Yes,Yes,DSL,Yes,No,Yes,No,No,Yes,One year,No,Electronic check,68.63,1030.4,No
7927-DYQTK,Female,0,Yes,No,8,Yes,No,DSL,No,Yes,No,No,No,No,Month-to-month,Yes,Bank transfer (automatic),51.7,409.11,Yes
6670-VKAOB,Male,0,Yes,Yes,3,Yes,No,DSL,Yes,No,Yes,No,No,No,Month-to-month,Yes,Bank transfer (automatic),61.24,226.1,No
4665-TUPWS,Male,1,Yes,No,19,Yes,Yes,Fiber optic,No,No,No,No,Yes,No,Month-to-month,Yes,Electronic check,93.48,1806.45,Yes
3532-IIWEH,Female,0,No,No,45,No,No phone service,Fiber optic,Yes,No,No,No,No,Yes,Month-to-month,Yes,Credit card (automatic),87.95,3974.28,No
9528-MYSWL,Female,0,Yes,Yes,2,Yes,No,DSL,No,Yes,Yes,Yes,No,No,Two year,Yes,Mailed check,66.34,115.79,No
5762-PDTKG,Female,0,No,No,67,Yes,Yes,Fiber optic,No,No,No,Yes,No,No,Two year,Yes,Electronic check,83.47,5588.33,No
5312-KRHPJ,Male,1,Yes,Yes,17,Yes,No,Fiber optic,No,No,No,No,No,No,Two year,No,Credit card (automatic),80.38,1374.91,No
8723-MAXQF,Male,1,No,No,2,Yes,No,DSL,No,No,Yes,No,No,No,Month-to-month,Yes,Credit card (automatic),53.25,106.37,Yes
6286-RPUJC,Male,0,Yes,Yes,0,Yes,No,Fiber optic,Yes,No,No,No,No,Yes,One year,No,Bank transfer (automatic),85.53,4.95,No
7829-XSZRS,Male,0,Yes,No,60,Yes,Yes,Fiber optic,No,No,Yes,Yes,Yes,No,Two year,Yes,Credit card (automatic),97.1,5818.4,No
7434-FDQPQ,Female,0,Yes,No,5,Yes,No,DSL,No,No,No,No,No,Yes,Month-to-month,Yes,Mailed check,58.06,278.9,No
3511-IOOCN,Male,0,Yes,No,45,Yes,No,Fiber optic,Yes,Yes,No,No,Yes,No,One year,No,Electronic check,93.91,4240.39,Yes
6245-DXUBF,Male,1,No,No,72,Yes,No,Fiber optic,No,Yes,Yes,No,No,Yes,Month-to-month,Yes,Credit card (automatic),98.33,7076.09,No
9388-FPBJF,Female,1,Yes,Yes,34,Yes,No,DSL,No,No,Yes,No,No,Yes,Month-to-month,Yes,Electronic check,67.63,2255.55,Yes
8619-UIDCM,Male,0,Yes,Yes,70,Yes,No,DSL,Yes,No,Yes,Yes,No,Yes,One year,No,Mailed check,73.49,5143.97,No
2215-JFNAJ,Male,0,Yes,Yes,0,Yes,No,DSL,No,No,No,No,No,Yes,Month-to-month,No,Bank transfer (automatic),60.52,0.0,No
8412-WDWZP,Male,0,No,No,28,Yes,No,Fiber optic,No,Yes,Yes,Yes,Yes,No,One year,No,Credit card (automatic),99.34,2793.92,No
5482-BOWPS,Male,0,Yes,No,1,Yes,No,Fiber optic,No,No,No,No,No,Yes,Two year,Yes,Credit card (automatic),87.8,108.33,No
1317-SXBUN,Male,0,Yes,No,32,Yes,No,Fiber optic,No,No,No,No,No,No,Month-to-month,Yes,Electronic check,75.77,2426.27,Yes
9029-MSVZC,Female,0,Yes,No,6,Yes,Yes,Fiber optic,No,Yes,No,No,Yes,No,Month-to-month,Yes,Electronic check,92.44,549.55,Yes
5027-FAFNJ,Male,0,No,No,1,Yes,No,DSL,Yes,No,Yes,No,No,Yes,Month-to-month,Yes,Credit card (automatic),75.89,46.99,No
5358-RZMII,Female,0,No,No,66,Yes,Yes,Fiber optic,Yes,No,No,No,No,Yes,One year,Yes,Electronic check,92.04,6103.65,No
7641-BZDNH,Male,0,Yes,Yes,23,Yes,No,DSL,Yes,No,Yes,No,Yes,Yes,One year,Yes,Credit card (automatic),82.34,1877.96,No
5668-RULWJ,Male,0,Yes,Yes,7,Yes,No,DSL,No,No,No,No,No,Yes,Two year,Yes,Bank transfer (automatic),58.72,390.31,No
7140-VURDJ,Female,0,Yes,No,3,Yes,No,Fiber optic,No,No,Yes,No,Yes,No,Month-to-month,No,Electronic check,88.97,276.54,Yes
7102-BIKVX,Female,0,No,No,8,Yes,No,Fiber optic,No,No,Yes,Yes,No,Yes,Two year,Yes,Bank transfer (automatic),105.34,884.88,No
6117-EXGHU,Male,0,Yes,Yes,45,No,No phone service,Fiber optic,Yes,No,No,No,No,No,Month-to-month,Yes,Electronic check,79.89,3569.36,No
5596-HKBMZ,Male,0,No,No,6,Yes,No,Fiber optic,No,No,Yes,No,No,No,Month-to-month,Yes,Mailed check,85.6,529.86,Yes
7468-HZFQM,Male,0,Yes,Yes,4,Yes,Yes,Fiber optic,No,No,No,No,No,No,One year,No,Electronic check,73.43,283.31,No
5984-LRAAW,Female,0,Yes,Yes,13,Yes,Yes,Fiber optic,No,No,Yes,No,No,No,Month-to-month,Yes,Mailed check,85.85,1137.36,Yes
1627-LZKTX,Female,0,Yes,Yes,54,Yes,Yes,Fiber optic,No,Yes,No,No,No,No,Month-to-month,Yes,Credit card (automatic),83.55,4509.1,Yes
8120-FRFMG,Male,0,Yes,No,61,Yes,No,Fiber optic,Yes,No,No,No,Yes,No,Month-to-month,No,Credit card (automatic),88.35,5369.7,Yes
4402-WHPGA,Female,0,No,No,35,Yes,Yes,DSL,No,Yes,Yes,No,No,Yes,One year,No,Credit card (automatic),67.72,2345.82,No
4193-JORID,Male,0,No,No,25,Yes,No,Fiber optic,No,No,No,No,No,No,Month-to-month,Yes,Credit card (automatic),77.08,1945.23,Yes
3149-ZZOEW,Female,0,No,No,47,Yes,Yes,Fiber optic,No,No,Yes,No,No,No,Month-to-month,Yes,Bank transfer (automatic),86.77,4104.99,No
9015-XJWLU,Male,0,Yes,Yes,14,Yes,No,Fiber optic,No,Yes,Yes,Yes,No,No,Month-to-month,Yes,Electronic check,91.01,1285.8,Yes
7957-RFORU,Male,0,Yes,No,18,Yes,Yes,Fiber optic,Yes,No,No,Yes,No,Yes,Month-to-month,No,Credit card (automatic),92.51,1642.82,Yes
7086-YGTHO,Female,0,Yes,Yes,59,Yes,Yes,DSL,Yes,No,Yes,Yes,No,Yes,Two year,No,Bank transfer (automatic),69.84,4113.56,No
5650-DNVCP,Male,1,No,No,25,Yes,No,Fiber optic,Yes,Yes,No,Yes,No,No,One year,No,Credit card (automatic),92.22,2289.2,No
1004-WSPQN,Male,0,Yes,Yes,18,Yes,Yes,DSL,No,Yes,No,Yes,No,No,One year,Yes,Electronic check,61.54,1073.94,Yes
6541-UMUDP,Male,1,No,No,7,Yes,No,DSL,No,No,No,Yes,No,Yes,Two year,Yes,Bank transfer (automatic),60.3,399.99,No
6472-ZBZHR,Male,0,No,No,18,Yes,No,No,No internet service,No internet service,No internet service,No internet service,No internet service,No internet service,One year,Yes,Bank transfer (automatic),25.5,458.51,No
7390-DGJRT,Female,0,Yes,Yes,64,Yes,Yes,Fiber optic,No,Yes,Yes,No,No,No,Month-to-month,No,Bank transfer (automatic),87.68,5626.44,No
9163-QTNIP,Male,0,No,No,4,Yes,No,No,No internet service,No internet service,No internet service,No internet service,No internet service,No internet service,Month-to-month,No,Electronic check,25.23,106.13,No
2045-WSQXS,Male,1,Yes,No,42,Yes,No,Fiber optic,No,No,No,No,No,Yes,Month-to-month,Yes,Bank transfer (automatic),86.39,3635.11,Yes
5719-YBVFV,Male,0,Yes,Yes,8,Yes,No,Fiber optic,No,No,No,Yes,Yes,No,One year,Yes,Mailed check,96.8,769.56,No
6422-AEPAF,Female,1,No,No,35,Yes,Yes,DSL,Yes,No,No,No,Yes,Yes,Month-to-month,No,Electronic check,67.12,2331.09,Yes
8610-ERNBS,Female,0,No,No,65,Yes,No,DSL,No,No,No,Yes,Yes,No,Month-to-month,Yes,Mailed check,68.64,4465.78,No
3005-YESEC,Male,1,Yes,No,17,Yes,No,DSL,Yes,Yes,No,No,Yes,No,Month-to-month,Yes,Mailed check,70.72,1215.26,Yes
7573-BTAFS,Male,0,Yes,No,22,Yes,No,Fiber optic,No,No,No,No,No,No,Month-to-month,Yes,Bank transfer (automatic),80.38,1783.37,Yes
8837-ESMUP,Female,0,Yes,No,14,Yes,Yes,Fiber optic,No,Yes,No,Yes,No,Yes,Two year,Yes,Mailed check,96.3,1366.77,No
8080-IFKFZ,Male,0,No,No,1,Yes,Yes,DSL,No,No,No,No,No,No,Month-to-month,No,Mailed check,49.83,46.84,Yes
1491-NVBTY,Male,0,Yes,No,6,Yes,No,No,No internet service,No internet service,No internet service,No internet service,No internet service,No internet service,Two year,Yes,Mailed check,26.36,182.59,No
4925-LNQRX,Female,0,No,No,26,Yes,Yes,Fiber optic,Yes,No,Yes,Yes,No,No,Month-to-month,Yes,Electronic check,95.98,2506.67,Yes
9556-YNAHR,Female,0,Yes,Yes,8,Yes,Yes,No,No internet service,No internet service,No internet service,No internet service,No internet service,No internet service,One year,No,Mailed check,22.34,179.79,No
9201-SVGUB,Male,0,No,No,13,Yes,No,No,No internet service,No internet service,No internet service,No internet service,No internet service,No internet service,Month-to-month,Yes,Bank transfer (automatic),24.09,292.59,Yes
6640-IJATT,Male,0,Yes,No,71,Yes,Yes,Fiber optic,Yes,Yes,No,No,No,Yes,Month-to-month,No,Mailed check,98.86,7016.02,Yes
3304-AXVZS,Male,0,Yes,No,2,Yes,No,Fiber optic,No,No,No,No,Yes,No,Month-to-month,No,Electronic check,91.46,175.26,Yes
6820-EURTC,Male,0,No,Yes,65,No,No phone service,DSL,No,No,No,Yes,Yes,No,Two year,Yes,Bank transfer (automatic),53.99,3511.13,No
6990-VUGOX,Male,0,No,No,11,No,No phone service,No,No internet service,No internet service,No internet service,No internet service,No internet service,No internet service,Month-to-month,No,Credit card (automatic),20.13,197.08,Yes
6779-UVVBM,Male,0,Yes,No,39,Yes,Yes,DSL,No,No,No,No,No,Yes,Month-to-month,No,Electronic check,60.68,2362.22,Yes
4410-SHXMO,Female,0,No,No,57,Yes,No,Fiber optic,No,No,No,No,No,No,One year,Yes,Bank transfer (automatic),82.33,4723.48,Yes
1012-FSAWI,Male,0,No,No,9,Yes,Yes,Fiber optic,No,No,No,No,Yes,No,Month-to-month,Yes,Electronic check,88.91,787.58,Yes
2055-EVGCE,Female,1,Yes,No,37,Yes,No,No,No internet service,No internet service,No internet service,No internet service,No internet service,No internet service,One year,Yes,Electronic check,25.07,913.56,Yes
8917-XXYQC,Male,0,No,No,3,Yes,No,Fiber optic,No,No,No,No,No,No,Two year,Yes,Bank transfer (automatic),82.55,248.9,No
4874-OGFRO,Female,0,Yes,No,55,Yes,No,DSL,No,No,No,No,No,No,One year,Yes,Electronic check,45.38,2490.97,No
3364-JAVQG,Male,1,Yes,No,51,Yes,No,Fiber optic,No,No,Yes,No,Yes,No,Month-to-month,Yes,Electronic check,92.93,4743.71,No
3805-VWSRA,Female,1,No,No,72,Yes,No,DSL,Yes,No,Yes,No,Yes,No,Two year,Yes,Electronic check,66.31,4758.71,No
1071-OHOSF,Male,0,No,No,65,Yes,No,Fiber optic,No,Yes,No,No,No,No,One year,No,Electronic check,86.27,5623.15,No
4392-GAODM,Male,1,Yes,No,3,Yes,No,No,No internet service,No internet service,No internet service,No internet service,No internet service,No internet service,Month-to-month,No,Mailed check,24.7,90.76,No
7556-TSACQ,Female,0,No,No,60,Yes,Yes,DSL,No,No,Yes,No,No,No,One year,Yes,Electronic check,57.23,3422.08,No
9462-OJTLA,Male,0,No,No,2,Yes,Yes,DSL,No,No,No,No,No,No,Month-to-month,No,Electronic check,51.72,139.16,Yes
4083-HQQEH,Male,0,No,Yes,22,Yes,No,No,No internet service,No internet service,No internet service,No internet service,No internet service,No internet service,Two year,Yes,Mailed check,29.04,648.37,No
4437-QJMZD,Male,0,Yes,Yes,6,Yes,No,Fiber optic,Yes,No,No,No,Yes,Yes,Month-to-month,Yes,Credit card (automatic),95.87,575.74,No
8543-GNIPN,Female,0,No,Yes,33,Yes,No,DSL,Yes,No,No,No,No,Yes,Two year,Yes,Credit card (automatic),69.68,2325.76,No
1311-BBCCP,Male,0,Yes,No,55,No,No phone service,DSL,No,No,Yes,No,Yes,Yes,Two year,Yes,Electronic check,63.23,3454.63,No
5547-FUKRR,Male,0,No,No,55,Yes,No,Fiber optic,No,No,No,No,No,No,Month-to-month,Yes,Mailed check,76.71,4210.24,No
5851-HOKHT,Male,1,Yes,Yes,68,Yes,No,Fiber optic,No,No,No,Yes,Yes,No,Month-to-month,Yes,Mailed check,92.54,6294.64,No
1985-IFILD,Male,0,No,Yes,5,Yes,No,Fiber optic,No,Yes,No,No,Yes,Yes,Month-to-month,No,Credit card (automatic),98.39,511.35,Yes
9016-ZMSCF,Female,0,Yes,Yes,22,Yes,No,No,No internet service,No internet service,No internet service,No internet service,No internet service,No internet service,One year,Yes,Electronic check,27.33,590.98,No
6149-OELFV,Male,0,No,No,72,Yes,No,DSL,No,No,Yes,Yes,Yes,Yes,One year,No,Mailed check,80.26,5775.5,No
6388-VSZZV,Female,0,No,No,47,Yes,No,DSL,No,No,Yes,Yes,Yes,No,Month-to-month,Yes,Bank transfer (automatic),70.39,3277.18,No
2345-KBFPH,Male,1,No,No,19,Yes,No,Fiber optic,No,Yes,No,No,No,Yes,Month-to-month,No,Electronic check,89.05,1690.75,Yes
3910-LQSHC,Female,0,Yes,Yes,61,Yes,Yes,Fiber optic,No,No,Yes,No,No,No,Month-to-month,Yes,Electronic check,88.59,5389.23,Yes
3080-MRQFP,Female,0,Yes,No,70,Yes,Yes,Fiber optic,No,Yes,Yes,Yes,No,No,Two year,No,Bank transfer (automatic),94.46,6627.14,No
2095-XSNQC,Male,1,Yes,Yes,69,Yes,Yes,Fiber optic,No,Yes,No,Yes,No,No,Month-to-month,Yes,Credit card (automatic),88.77,6113.53,Yes
1159-ZKLKF,Female,1,No,No,6,No,No phone service,Fiber optic,No,Yes,No,Yes,No,Yes,One year,No,Electronic check,92.12,567.77,No
1322-PCTJO,Male,0,Yes,Yes,21,Yes,Yes,No,No internet service,No internet service,No internet service,No internet service,No internet service,No internet service,Month-to-month,No,Electronic check,23.03,446.73,No
5102-VJXHW,Male,0,No,No,45,No,No phone service,Fiber optic,No,No,No,No,Yes,No,Month-to-month,Yes,Credit card (automatic),86.48,3875.41,No
3173-UEPRH,Male,0,Yes,No,42,Yes,Yes,Fiber optic,Yes,Yes,No,Yes,No,No,Two year,Yes,Mailed check,92.42,3878.24,No
7912-ZIBVH,Male,0,No,No,72,Yes,Yes,Fiber optic,Yes,No,No,No,No,No,Month-to-month,Yes,Bank transfer (automatic),78.73,5667.22,No
2451-ZFGBZ,Female,0,No,No,65,Yes,Yes,DSL,No,Yes,No,No,No,Yes,One year,Yes,Electronic check,62.92,4053.31,No
8061-PLMKG,Female,0,Yes,Yes,69,Yes,Yes,DSL,No,No,No,Yes,Yes,Yes,One year,Yes,Bank transfer (automatic),72.4,5025.36,No
8980-XZAEQ,Male,0,No,No,2,Yes,Yes,DSL,No,Yes,Yes,Yes,No,No,Month-to-month,No,Electronic check,66.66,146.36,No
9365-IUWRY,Female,0,Yes,Yes,22,Yes,Yes,No,No internet service,No internet service,No internet service,No internet service,No internet service,No internet service,One year,Yes,Credit card (automatic),34.26,776.49,No
2784-MSBDJ,Male,1,No,No,26,Yes,Yes,Fiber optic,No,No,No,No,No,Yes,Month-to-month,Yes,Credit card (automatic),84.73,2203.0,Yes
2686-ZMDAH,Male,0,Yes,Yes,3,Yes,Yes,DSL,No,No,Yes,No,Yes,Yes,Two year,No,Bank transfer (automatic),72.17,225.88,No
6726-SHQFK,Male,1,Yes,Yes,33,Yes,No,Fiber optic,Yes,Yes,No,No,Yes,Yes,Month-to-month,No,Electronic check,103.46,3412.82,Yes
7810-EKLLI,Male,0,No,No,2,Yes,No,No,No internet service,No internet service,No internet service,No internet service,No internet service,No internet service,One year,Yes,Credit card (automatic),26.96,39.05,No
9346-NLWKK,Female,0,No,Yes,25,Yes,No,DSL,Yes,Yes,Yes,No,Yes,No,Month-to-month,No,Electronic check,74.0,1848.85,Yes
4266-PKYBE,Male,1,No,No,18,Yes,No,DSL,No,Yes,Yes,Yes,No,No,Month-to-month,No,Bank transfer (automatic),71.85,1298.06,Yes
5619-NPKXD,Female,0,No,No,5,Yes,Yes,Fiber optic,Yes,Yes,No,No,Yes,No,One year,No,Bank transfer (automatic),96.36,462.51,No
5115-YICXD,Female,0,No,No,5,Yes,Yes,DSL,No,Yes,No,No,Yes,No,Month-to-month,No,Bank transfer (automatic),63.32,299.17,Yes
3880-FTYAP,Female,1,Yes,No,18,Yes,Yes,Fiber optic,No,No,Yes,No,Yes,No,Two year,Yes,Electronic check,92.0,1658.69,No
1918-IYQIZ,Female,0,Yes,Yes,4,Yes,Yes,Fiber optic,No,Yes,Yes,No,No,No,Two year,Yes,Credit card (automatic),82.64,324.16,No
5322-ISCLP,Female,0,No,No,12,Yes,No,Fiber optic,No,Yes,No,No,No,No,Month-to-month,Yes,Credit card (automatic),84.31,1024.02,No
7453-RGRJG,Male,0,No,No,31,No,No phone service,No,No internet service,No internet service,No internet service,No internet service,No internet service,No internet service,Month-to-month,No,Bank transfer (automatic),19.57,656.67,No
4541-BKKJK,Female,0,No,No,4,Yes,Yes,Fiber optic,No,No,No,No,Yes,Yes,Month-to-month,Yes,Bank transfer (automatic),97.45,373.6,Yes
2431-IIJXP,Female,0,No,No,66,Yes,No,Fiber optic,No,No,No,No,Yes,Yes,Month-to-month,Yes,Mailed check,98.0,6491.23,No
2634-UIKVF,Female,0,No,Yes,6,Yes,No,DSL,No,No,Yes,Yes,Yes,Yes,Two year,No,Bank transfer (automatic),77.19,443.38,No
6335-CKLFE,Male,0,Yes,Yes,58,Yes,No,Fiber optic,No,No,Yes,No,No,Yes,Month-to-month,Yes,Mailed check,93.0,5407.56,Yes
1816-SQBXV,Male,0,Yes,Yes,68,Yes,No,Fiber optic,No,Yes,No,No,Yes,No,Month-to-month,Yes,Electronic check,90.67,6167.31,Yes
1099-PGLZL,Female,1,No,Yes,0,No,No phone service,DSL,No,Yes,Yes,Yes,No,Yes,Month-to-month,Yes,Mailed check,70.7,21.06,No
9365-LMZTX,Female,0,Yes,Yes,55,Yes,Yes,DSL,No,No,No,No,Yes,No,Month-to-month,No,Electronic check,57.57,3180.36,No
3447-HQAHC,Male,0,No,No,61,Yes,No,DSL,No,No,No,No,Yes,No,Two year,No,Credit card (automatic),52.64,3215.91,No
5042-JBORS,Male,1,No,No,16,No,No phone service,No,No internet service,No internet service,No internet service,No internet service,No internet service,No internet service,Month-to-month,Yes,Electronic check,27.29,422.14,Yes
1767-HKJHO,Male,0,No,No,50,Yes,Yes,Fiber optic,No,No,No,No,No,Yes,Month-to-month,No,Electronic check,88.18,4404.79,Yes
6549-ILGKR,Male,0,Yes,No,16,No,No phone service,Fiber optic,No,No,No,No,No,No,One year,Yes,Bank transfer (automatic),76.51,1181.34,No
4558-GOKCQ,Female,0,No,No,6,Yes,Yes,DSL,Yes,Yes,No,Yes,Yes,Yes,Month-to-month,No,Bank transfer (automatic),73.31,461.54,No
5194-AFWFQ,Male,0,No,No,0,Yes,No,Fiber optic,No,No,No,No,Yes,No,Month-to-month,Yes,Electronic check,85.86,2.4,No
6442-NGGER,Male,0,Yes,Yes,55,Yes,No,DSL,No,Yes,Yes,No,No,No,Month-to-month,No,Mailed check,56.33,3086.39,No
4085-BZWAS,Male,0,Yes,No,25,Yes,Yes,No,No internet service,No internet service,No internet service,No internet service,No internet service,No internet service,Month-to-month,Yes,Credit card (automatic),22.93,583.75,No
6766-QTCDT,Male,0,Yes,Yes,16,Yes,No,DSL,No,No,No,No,No,Yes,Month-to-month,Yes,Electronic check,60.02,961.27,Yes
8231-OITPI,Female,0,No,No,9,Yes,Yes,Fiber optic,No,No,Yes,No,No,Yes,Month-to-month,No,Electronic check,95.65,864.89,Yes
9915-GECCD,Female,0,Yes,No,23,Yes,No,DSL,No,Yes,Yes,Yes,Yes,Yes,Month-to-month,Yes,Electronic check,80.1,1848.35,Yes
1431-PMYAN,Male,0,Yes,No,11,Yes,No,DSL,No,Yes,Yes,No,Yes,No,Month-to-month,Yes,Electronic check,68.9,807.25,No
4194-SOOCS,Male,0,Yes,Yes,69,Yes,No,No,No internet service,No internet service,No internet service,No internet service,No internet service,No internet service,Two year,No,Mailed check,21.56,1457.37,No
8190-TXKZB,Male,0,Yes,No,21,Yes,Yes,No,No internet service,No internet service,No internet service,No internet service,No internet service,No internet service,Month-to-month,Yes,Mailed check,23.97,496.99,No
9545-YSXMV,Male,0,Yes,Yes,26,Yes,Yes,Fiber optic,Yes,Yes,Yes,Yes,Yes,No,Month-to-month,Yes,Mailed check,106.63,2805.98,Yes
1558-FVUOY,Male,0,No,No,8,Yes,Yes,DSL,No,No,No,No,Yes,No,Two year,Yes,Electronic check,69.44,573.83,Yes
5788-OSVSY,Male,1,Yes,Yes,57,Yes,No,Fiber optic,No,No,Yes,Yes,Yes,Yes,One year,No,Electronic check,102.95,5873.33,No
2591-LRXWP,Female,0,Yes,No,20,Yes,No,Fiber optic,No,No,No,No,Yes,No,Month-to-month,No,Bank transfer (automatic),86.16,1713.7,No
2912-YAICH,Female,0,Yes,Yes,34,Yes,Yes,DSL,No,No,No,Yes,Yes,No,Month-to-month,No,Bank transfer (automatic),65.28,2224.98,No
4888-WZYON,Male,0,No,No,24,Yes,Yes,Fiber optic,No,Yes,No,No,Yes,No,One year,No,Mailed check,94.77,2287.65,No
2684-AAZEG,Female,0,No,No,30,Yes,Yes,Fiber optic,No,No,No,No,No,No,One year,Yes,Credit card (automatic),85.26,2554.65,No
8041-CYQUN,Male,0,No,No,3,Yes,Yes,DSL,No,No,No,Yes,No,No,Month-to-month,No,Credit card (automatic),55.42,214.23,No
1516-ZVOMF,Female,1,No,No,14,Yes,No,DSL,No,No,Yes,No,No,Yes,Two year,No,Credit card (automatic),65.33,899.81,No
1849-LXDWC,Male,0,No,No,64,Yes,No,DSL,Yes,Yes,No,No,No,No,Two year,Yes,Credit card (automatic),64.04,4083.09,No
2088-KAFMJ,Male,0,Yes,Yes,54,Yes,Yes,Fiber optic,No,No,No,No,Yes,Yes,One year,No,Bank transfer (automatic),96.88,5238.15,No
7151-SZDXS,Male,0,No,No,21,Yes,No,Fiber optic,No,No,No,No,Yes,Yes,Two year,Yes,Mailed check,94.88,1992.8,No
4545-GNKLP,Female,0,No,No,64,Yes,No,Fiber optic,No,No,No,No,No,No,Two year,Yes,Mailed check,82.34,5232.15,No
7730-ESNYJ,Female,0,No,No,10,Yes,No,Fiber optic,No,No,Yes,Yes,Yes,No,Month-to-month,Yes,Mailed check,92.96,938.41,Yes
8255-NWWJZ,Female,0,No,No,3,Yes,No,Fiber optic,No,Yes,No,No,No,No,Month-to-month,Yes,Electronic check,83.1,236.66,Yes
8972-QWMJZ,Female,0,Yes,No,5,Yes,No,DSL,No,No,No,No,No,Yes,Month-to-month,Yes,Credit card (automatic),55.87,271.81,Yes
7561-MYTLR,Female,0,Yes,No,43,Yes,Yes,DSL,No,Yes,No,Yes,Yes,Yes,Month-to-month,Yes,Bank transfer (automatic),73.47,3185.96,Yes
1298-VYSZJ,Female,0,Yes,No,56,Yes,No,Fiber optic,No,Yes,No,No,No,Yes,Two year,No,Mailed check,97.64,5465.72,No
2428-DUQUK,Female,0,No,No,9,No,No phone service,DSL,No,No,No,No,No,No,Two year,No,Credit card (automatic),44.27,407.74,No
3820-IUGIK,Female,0,No,No,72,Yes,No,DSL,Yes,No,No,No,Yes,No,Month-to-month,Yes,Electronic check,56.91,4094.24,Yes
6022-BEWYG,Female,0,Yes,Yes,35,Yes,No,No,No internet service,No internet service,No internet service,No internet service,No internet service,No internet service,Month-to-month,No,Electronic check,24.85,890.5,No
6674-XHSCO,Male,1,Yes,No,4,Yes,Yes,Fiber optic,No,Yes,Yes,No,Yes,Yes,Two year,Yes,Mailed check,106.32,442.33,No
9122-KPLYJ,Male,1,No,No,16,Yes,Yes,Fiber optic,No,No,No,Yes,No,No,Month-to-month,Yes,Electronic check,91.04,1423.82,Yes
5464-CEBME,Female,0,Yes,Yes,15,Yes,No,DSL,No,No,No,No,Yes,Yes,Two year,No,Electronic check,58.86,921.29,No
4679-YXPAV,Male,0,No,No,0,Yes,No,DSL,No,Yes,No,Yes,Yes,No,Two year,Yes,Credit card (automatic),68.74,50.0,No
1135-TXMKB,Male,0,No,No,17,Yes,No,No,No internet service,No internet service,No internet service,No internet service,No internet service,No internet service,Month-to-month,Yes,Bank transfer (automatic),28.7,481.51,No
2289-ORALH,Male,0,Yes,Yes,23,Yes,No,Fiber optic,No,Yes,No,No,No,No,Month-to-month,No,Credit card (automatic),87.61,2022.9,Yes
3489-PGEDN,Female,0,Yes,Yes,20,Yes,No,Fiber optic,Yes,Yes,No,No,No,No,Month-to-month,Yes,Credit card (automatic),90.74,1832.76,Yes
2622-BQGGY,Female,0,No,No,9,No,No phone service,DSL,No,Yes,Yes,No,No,Yes,One year,Yes,Electronic check,61.49,540.59,No
5584-AHKQP,Female,0,No,No,14,No,No phone service,No,No internet service,No internet service,No internet service,No internet service,No internet service,No internet service,Month-to-month,Yes,Credit card (automatic),18.25,294.43,No
4651-MMOLZ,Female,0,No,No,49,Yes,Yes,DSL,No,No,No,No,No,Yes,Two year,Yes,Bank transfer (automatic),59.4,2901.6,No
4174-WICOO,Female,0,No,No,47,Yes,No,Fiber optic,Yes,No,No,No,No,No,One year,No,Electronic check,86.92,4088.12,No
9185-OUKBR,Male,0,Yes,No,31,Yes,Yes,No,No internet service,No internet service,No internet service,No internet service,No internet service,No internet service,Month-to-month,Yes,Electronic check,26.15,795.34,No
9829-CYDUW,Female,0,Yes,No,3,Yes,No,No,No internet service,No internet service,No internet service,No internet service,No internet service,No internet service,One year,No,Credit card (automatic),24.9,45.15,No
3090-ECGKU,Female,0,No,No,20,Yes,Yes,DSL,No,Yes,No,Yes,Yes,No,One year,Yes,Bank transfer (automatic),64.83,1281.05,No
8613-ZYWTM,Female,0,No,No,3,Yes,Yes,Fiber optic,Yes,Yes,No,No,No,No,Month-to-month,No,Credit card (automatic),90.0,267.82,Yes
4774-BNGOS,Male,1,No,Yes,50,Yes,Yes,Fiber optic,Yes,No,Yes,No,No,No,One year,Yes,Electronic check,87.35,4337.8,No
2751-CKRBE,Male,0,Yes,No,30,Yes,Yes,DSL,No,Yes,No,Yes,Yes,Yes,Month-to-month,No,Electronic check,73.3,2165.15,No
6070-WORWI,Male,0,No,No,67,Yes,No,DSL,No,Yes,Yes,Yes,No,Yes,One year,Yes,Mailed check,77.78,5211.49,No
3125-IOZVI,Female,0,No,No,14,Yes,No,Fiber optic,Yes,No,No,No,Yes,No,Month-to-month,Yes,Bank transfer (automatic),99.73,1381.51,No
4472-JPBFD,Male,1,Yes,Yes,12,Yes,Yes,DSL,No,Yes,Yes,Yes,No,Yes,Month-to-month,No,Credit card (automatic),68.98,835.3,No
8289-NQWWA,Female,0,No,No,30,Yes,Yes,DSL,Yes,No,No,Yes,No,Yes,Month-to-month,Yes,Mailed check,64.9,1931.19,Yes
8927-TNYQA,Male,0,No,No,32,No,No phone service,Fiber optic,Yes,No,No,Yes,Yes,No,Two year,Yes,Electronic check,90.16,2883.52,No
5838-NWXHL,Male,0,No,No,28,Yes,No,DSL,No,No,Yes,Yes,No,No,Two year,No,Credit card (automatic),60.38,1676.73,No
3532-WWMOA,Female,0,Yes,Yes,56,Yes,Yes,DSL,No,No,Yes,Yes,No,No,Two year,Yes,Electronic check,59.25,3297.63,No
9850-NYAZL,Female,0,Yes,Yes,5,Yes,Yes,DSL,No,No,No,Yes,No,No,Month-to-month,No,Bank transfer (automatic),49.24,239.31,Yes
8668-TOEJG,Male,0,Yes,No,5,Yes,No,DSL,Yes,No,Yes,Yes,No,Yes,Month-to-month,Yes,Bank transfer (automatic),76.65,397.54,No
8420-VYUVX,Male,0,No,No,65,Yes,Yes,DSL,No,No,No,Yes,Yes,Yes,Month-to-month,Yes,Mailed check,70.27,4539.15,No
8742-TFQGM,Male,0,No,No,49,Yes,Yes,No,No internet service,No internet service,No internet service,No internet service,No internet service,No internet service,Month-to-month,Yes,Electronic check,28.75,1370.35,Yes
7473-MQWRW,Female,1,No,Yes,37,Yes,No,DSL,No,No,No,No,No,No,Two year,No,Credit card (automatic),48.32,1812.59,No
3797-MHSTW,Male,0,Yes,No,8,Yes,No,Fiber optic,Yes,No,Yes,Yes,No,No,Month-to-month,Yes,Mailed check,94.66,753.11,No
4847-HMLWL,Female,0,Yes,No,64,Yes,No,Fiber optic,No,Yes,Yes,Yes,No,No,Month-to-month,No,Mailed check,94.35,6017.55,No
2602-WSGDW,Female,1,No,No,10,Yes,Yes,Fiber optic,No,No,No,Yes,Yes,No,Month-to-month,Yes,Bank transfer (automatic),87.1,841.49,Yes
4733-DBDED,Female,1,No,No,58,Yes,Yes,DSL,No,No,Yes,Yes,No,No,Month-to-month,Yes,Electronic check,61.37,3545.13,No
7611-ZQVWK,Female,0,Yes,Yes,6,Yes,Yes,Fiber optic,No,No,Yes,Yes,Yes,No,Month-to-month,No,Bank transfer (automatic),96.5,579.81,Yes
2303-BEGRD,Male,0,Yes,Yes,1,Yes,No,DSL,No,No,No,No,Yes,No,Month-to-month,Yes,Bank transfer (automatic),60.63,76.65,Yes
2316-OTQKH,Female,1,No,No,63,Yes,Yes,No,No internet service,No internet service,No internet service,No internet service,No internet service,No internet service,Month-to-month,No,Electronic check,23.22,1483.78,No
2437-LWIIO,Male,0,Yes,Yes,32,Yes,No,DSL,No,Yes,Yes,No,Yes,No,Month-to-month,Yes,Electronic check,64.84,2046.16,No
7607-YBTDR,Male,0,Yes,No,8,No,No phone service,Fiber optic,No,No,No,No,No,Yes,Month-to-month,Yes,Mailed check,80.34,624.73,Yes
6768-GRISN,Female,0,No,No,0,Yes,No,DSL,No,Yes,Yes,No,No,No,Month-to-month,No,Bank transfer (automatic),58.69,0.0,No
6124-QLYMY,Female,0,No,No,72,Yes,No,Fiber optic,No,No,No,Yes,Yes,Yes,One year,No,Bank transfer (automatic),94.25,6779.83,No
4924-EUNWW,Female,0,Yes,No,71,No,No phone service,DSL,Yes,Yes,Yes,No,Yes,No,Month-to-month,No,Electronic check,72.58,5175.06,No
7097-SKNNL,Female,0,Yes,No,69,Yes,Yes,Fiber optic,No,Yes,Yes,No,No,No,Two year,No,Credit card (automatic),93.15,6439.93,No
7607-PRLJE,Female,0,Yes,Yes,58,Yes,Yes,Fiber optic,Yes,Yes,Yes,Yes,No,No,Month-to-month,No,Bank transfer (automatic),96.44,5582.75,No
5280-GNBSC,Male,0,No,No,62,No,No phone service,Fiber optic,No,Yes,Yes,No,No,Yes,Month-to-month,Yes,Electronic check,98.15,6098.01,No
9091-FJMRA,Female,0,Yes,Yes,57,Yes,No,Fiber optic,No,Yes,No,Yes,Yes,No,Month-to-month,No,Bank transfer (automatic),98.45,5590.37,No
8505-PJSCL,Male,0,Yes,No,13,Yes,No,Fiber optic,No,No,No,No,No,Yes,Two year,Yes,Credit card (automatic),89.82,1178.31,No
3179-PYWXT,Male,0,No,No,31,Yes,No,Fiber optic,No,Yes,No,No,No,Yes,One year,No,Credit card (automatic),93.42,2878.38,Yes
8678-LDUNY,Female,1,No,No,6,Yes,No,Fiber optic,Yes,Yes,No,No,No,Yes,Two year,Yes,Bank transfer (automatic),97.94,630.46,No
5342-LZXEW,Female,1,No,No,13,Yes,No,DSL,No,No,Yes,No,Yes,No,One year,No,Bank transfer (automatic),64.15,831.79,No
8567-TKQIL,Female,0,No,No,56,Yes,Yes,No,No internet service,No internet service,No internet service,No internet service,No internet service,No internet service,Month-to-month,Yes,Electronic check,29.92,1668.87,No
4698-ZPGLG,Male,1,No,No,68,Yes,Yes,DSL,No,Yes,No,Yes,Yes,Yes,Month-to-month,No,Mailed check,76.28,5215.55,No
1924-MQWBY,Male,0,Yes,Yes,35,Yes,Yes,Fiber optic,No,Yes,Yes,No,No,No,Month-to-month,Yes,Electronic check,89.17,3128.45,Yes
6777-FGVIZ,Female,0,Yes,Yes,16,Yes,Yes,No,No internet service,No internet service,No internet service,No internet service,No internet service,No internet service,Two year,Yes,Credit card (automatic),27.51,424.05,No
1490-IIRJB,Female,0,Yes,Yes,69,Yes,Yes,Fiber optic,No,Yes,Yes,No,No,Yes,Month-to-month,Yes,Credit card (automatic),85.92,5929.18,No
7561-KWXHT,Male,0,Yes,Yes,35,No,No phone service,No,No internet service,No internet service,No internet service,No internet service,No internet service,No internet service,Month-to-month,Yes,Bank transfer (automatic),18.57,668.2,Yes
6046-GFBKS,Female,0,Yes,Yes,6,Yes,No,DSL,Yes,No,No,No,No,Yes,Two year,Yes,Electronic check,63.15,391.17,Yes
5202-VFILS,Female,0,Yes,Yes,72,Yes,No,DSL,No,No,Yes,Yes,Yes,Yes,Two year,Yes,Mailed check,77.54,5609.34,No
4740-BBEOE,Female,0,No,No,33,Yes,Yes,DSL,No,Yes,No,No,No,No,Two year,No,Credit card (automatic),56.98,1886.66,No
7961-ZHPNX,Female,0,No,Yes,20,Yes,No,No,No internet service,No internet service,No internet service,No internet service,No internet service,No internet service,Month-to-month,Yes,Bank transfer (automatic),24.15,478.22,No
2531-KJJSH,Female,0,Yes,No,3,Yes,Yes,DSL,No,No,Yes,No,Yes,No,One year,Yes,Electronic check,67.31,207.93,No
4661-YYTZA,Female,1,No,No,72,Yes,No,Fiber optic,No,No,Yes,No,Yes,No,Month-to-month,Yes,Mailed check,98.03,7062.58,No
4659-XPUQC,Male,0,No,No,66,Yes,No,No,No internet service,No internet service,No internet service,No internet service,No internet service,No internet service,Month-to-month,Yes,Electronic check,27.08,1825.19,No
7263-DLAFU,Female,0,Yes,Yes,57,Yes,Yes,Fiber optic,No,No,No,No,No,No,Two year,No,Credit card (automatic),81.43,4612.98,No
6668-NVJEK,Male,0,No,No,30,Yes,No,DSL,Yes,No,No,No,No,Yes,Month-to-month,No,Bank transfer (automatic),60.37,1820.97,No
8902-MUEIO,Female,0,No,No,10,Yes,No,Fiber optic,Yes,Yes,Yes,Yes,No,No,Two year,No,Electronic check,97.96,970.49,Yes
9411-ACCYA,Female,0,Yes,No,69,Yes,No,DSL,No,No,No,Yes,Yes,No,One year,No,Electronic check,62.27,4288.02,No
1552-AKPJZ,Female,0,Yes,No,67,Yes,No,Fiber optic,Yes,No,Yes,No,Yes,Yes,Month-to-month,No,Credit card (automatic),108.37,7267.7,No
8352-CUAYE,Female,0,No,No,5,Yes,No,DSL,No,No,No,No,No,Yes,One year,Yes,Electronic check,57.34,266.34,No
2980-CGWKM,Male,0,No,No,59,Yes,No,DSL,Yes,Yes,No,No,Yes,Yes,Month-to-month,No,Electronic check,74.86,4403.73,No
6327-SLNLD,Male,0,No,No,33,Yes,Yes,No,No internet service,No internet service,No internet service,No internet service,No internet service,No internet service,Month-to-month,Yes,Mailed check,20.26,675.17,No
7678-RZPAJ,Male,1,No,No,49,Yes,No,DSL,Yes,No,No,No,No,Yes,Month-to-month,Yes,Credit card (automatic),59.79,2924.15,No
4241-BMLIK,Female,0,No,Yes,8,Yes,Yes,DSL,Yes,Yes,Yes,No,Yes,No,Two year,Yes,Bank transfer (automatic),70.4,559.65,No
2760-LQKZK,Female,0,No,Yes,59,Yes,Yes,Fiber optic,Yes,No,No,Yes,No,No,One year,Yes,Electronic check,95.54,5642.12,No
6254-GTCAV,Male,0,Yes,Yes,12,Yes,Yes,DSL,Yes,Yes,Yes,No,Yes,No,Two year,Yes,Bank transfer (automatic),71.43,868.01,No
1927-HYYKF,Male,0,No,Yes,3,Yes,Yes,No,No internet service,No internet service,No internet service,No internet service,No internet service,No internet service,Month-to-month,Yes,Electronic check,27.27,76.09,Yes
1877-SWNRS,Female,0,No,No,2,Yes,No,DSL,No,Yes,Yes,No,Yes,No,Month-to-month,Yes,Electronic check,66.64,129.76,Yes
8959-KTSMZ,Male,0,No,No,3,Yes,Yes,DSL,No,Yes,No,No,Yes,Yes,Month-to-month,Yes,Bank transfer (automatic),74.79,218.24,Yes
6204-PPEJD,Female,0,No,No,70,Yes,Yes,Fiber optic,No,Yes,No,No,Yes,Yes,Month-to-month,No,Credit card (automatic),102.66,7193.57,No
2366-VFFPU,Female,0,Yes,Yes,72,Yes,No,DSL,Yes,Yes,No,No,No,No,Two year,Yes,Electronic check,56.95,4101.57,No
6559-LGPOD,Female,0,Yes,Yes,14,Yes,No,No,No internet service,No internet service,No internet service,No internet service,No internet service,No internet service,Month-to-month,Yes,Electronic check,25.02,388.45,Yes
5445-ZUTBB,Male,0,No,No,0,Yes,No,Fiber optic,No,Yes,Yes,No,No,Yes,Month-to-month,Yes,Electronic check,99.45,0.94,Yes
8844-PKYVJ,Male,0,No,No,10,Yes,No,Fiber optic,Yes,Yes,No,Yes,Yes,No,One year,No,Electronic check,101.53,1016.39,No
9200-PQTHH,Male,0,No,No,9,Yes,No,DSL,No,No,No,No,Yes,Yes,Two year,No,Credit card (automatic),64.54,593.94,No
1498-JLWOP,Male,0,Yes,No,26,Yes,Yes,DSL,No,Yes,No,No,No,No,Two year,Yes,Electronic check,55.99,1429.56,No
6952-CTBAH,Male,0,No,No,58,No,No phone service,No,No internet service,No internet service,No internet service,No internet service,No internet service,No internet service,Month-to-month,No,Electronic check,21.96,1281.33,No
3183-JPIDH,Female,0,No,No,17,Yes,Yes,DSL,No,No,No,No,Yes,No,Two year,Yes,Mailed check,52.03,854.74,No
4357-HYUSA,Male,0,No,No,9,Yes,Yes,DSL,No,No,No,No,No,No,One year,No,Electronic check,47.79,429.8,No
4372-QTBVZ,Male,1,No,No,65,Yes,Yes,DSL,No,Yes,No,No,No,Yes,One year,Yes,Bank transfer (automatic),63.91,4169.75,No
6651-RENPY,Female,0,Yes,Yes,13,Yes,No,Fiber optic,No,Yes,No,No,Yes,No,Month-to-month,No,Electronic check,92.27,1200.28,Yes
9061-NTDNM,Male,0,No,No,1,Yes,No,DSL,No,No,No,No,No,Yes,Month-to-month,No,Bank transfer (automatic),50.76,59.17,No
2205-OHZQC,Male,0,Yes,No,2,Yes,Yes,No,No internet service,No internet service,No internet service,No internet service,No internet service,No internet service,Two year,No,Mailed check,21.38,7.25,No
9435-EEWMD,Male,0,Yes,No,11,Yes,No,Fiber optic,Yes,No,No,Yes,Yes,Yes,Month-to-month,Yes,Electronic check,103.89,1165.78,No
8160-VCVAV,Female,0,No,No,27,Yes,No,DSL,No,No,No,No,Yes,Yes,One year,No,Bank transfer (automatic),62.75,1714.84,No
6202-SCPKX,Male,0,Yes,Yes,72,Yes,Yes,No,No internet service,No internet service,No internet service,No internet service,No internet service,No internet service,Two year,Yes,Mailed check,23.26,1663.98,No
7148-DEGIS,Male,1,Yes,Yes,1,Yes,Yes,No,No internet service,No internet service,No internet service,No internet service,No internet service,No internet service,Month-to-month,No,Bank transfer (automatic),29.47,0.0,Yes
3630-RELEB,Female,0,No,No,5,Yes,Yes,Fiber optic,Yes,Yes,No,Yes,Yes,No,Two year,No,Electronic check,103.31,514.47,No
9772-JPKXE,Female,0,Yes,Yes,9,Yes,No,Fiber optic,No,No,No,Yes,No,No,Month-to-month,Yes,Mailed check,87.32,833.03,No
4892-VNFQC,Female,0,No,No,21,Yes,No,Fiber optic,No,Yes,No,No,No,Yes,Two year,Yes,Mailed check,98.43,2074.46,No
2385-MMMNE,Male,0,Yes,Yes,61,Yes,No,No,No internet service,No internet service,No internet service,No internet service,No internet service,No internet service,Two year,Yes,Electronic check,23.03,1444.2,No
1332-VXFSY,Female,0,Yes,Yes,63,Yes,No,No,No internet service,No internet service,No internet service,No internet service,No internet service,No internet service,Two year,Yes,Credit card (automatic),23.1,1426.06,No
2523-ZCLCX,Female,0,No,No,19,Yes,Yes,Fiber optic,Yes,No,Yes,No,No,No,Month-to-month,Yes,Electronic check,91.9,1748.22,Yes
7981-PGWVF,Female,1,Yes,Yes,8,Yes,No,DSL,No,No,Yes,Yes,No,No,Month-to-month,Yes,Bank transfer (automatic),61.22,447.29,No
1876-PFSAO,Female,0,Yes,Yes,60,Yes,No,Fiber optic,No,Yes,No,No,Yes,Yes,Two year,No,Mailed check,99.8,5980.9,No
6235-YMFUW,Female,0,Yes,Yes,67,Yes,No,DSL,No,No,Yes,No,Yes,Yes,Two year,Yes,Electronic check,64.8,4331.28,Yes
6913-XZYLS,Female,1,No,Yes,58,Yes,Yes,Fiber optic,Yes,Yes,Yes,No,Yes,Yes,Month-to-month,No,Mailed check,104.29,6055.52,Yes
5832-ERXDB,Male,0,Yes,Yes,25,Yes,Yes,Fiber optic,Yes,No,Yes,No,Yes,Yes,Two year,No,Credit card (automatic),111.68,2768.25,No
4268-NXIBU,Female,1,No,No,11,Yes,No,Fiber optic,No,No,No,No,Yes,Yes,One year,Yes,Credit card (automatic),92.03,995.07,No
7165-NGWHF,Female,0,Yes,Yes,57,Yes,Yes,Fiber optic,No,Yes,No,Yes,No,Yes,One year,No,Credit card (automatic),95.81,5476.4,No
4779-KYHKG,Female,0,Yes,Yes,5,Yes,Yes,DSL,No,Yes,No,No,No,Yes,One year,Yes,Bank transfer (automatic),57.82,307.38,No
5829-GTVTE,Male,0,No,No,64,Yes,No,Fiber optic,No,No,Yes,No,No,No,Month-to-month,No,Bank transfer (automatic),78.15,5004.01,No
9642-VPAXZ,Male,0,No,No,23,Yes,Yes,Fiber optic,Yes,Yes,Yes,Yes,No,Yes,Month-to-month,Yes,Credit card (automatic),110.14,2535.08,Yes
2529-XMYNH,Male,0,No,No,12,Yes,No,DSL,Yes,No,Yes,No,No,No,Month-to-month,Yes,Bank transfer (automatic),63.26,746.54,No
2420-WNDID,Female,0,No,Yes,55,Yes,No,DSL,No,No,No,Yes,No,Yes,One year,No,Bank transfer (automatic),59.88,3267.31,No
3131-ARTCW,Female,0,No,Yes,29,Yes,No,Fiber optic,No,No,Yes,Yes,Yes,No,Month-to-month,Yes,Electronic check,103.26,2989.5,Yes
3241-FCRHF,Female,0,No,No,19,Yes,No,No,No internet service,No internet service,No internet service,No internet service,No internet service,No internet service,One year,Yes,Electronic check,23.74,474.63,No
1873-ZKNKW,Male,0,No,No,66,No,No phone service,DSL,Yes,No,No,Yes,Yes,No,Month-to-month,Yes,Bank transfer (automatic),62.01,4094.54,No
5133-RDKLO,Female,1,Yes,Yes,20,Yes,Yes,Fiber optic,No,Yes,No,Yes,No,Yes,Two year,No,Electronic check,97.93,1976.07,No
5501-WNAIN,Male,0,Yes,Yes,36,Yes,No,Fiber optic,No,Yes,Yes,No,No,Yes,Two year,Yes,Mailed check,97.64,3494.76,No
2242-FYQZE,Male,1,No,No,72,Yes,Yes,Fiber optic,No,No,No,No,No,No,Two year,Yes,Mailed check,82.58,5957.48,No
9109-HWMCU,Female,0,No,No,23,Yes,Yes,Fiber optic,Yes,No,No,No,No,Yes,Two year,No,Credit card (automatic),92.16,2115.33,No
3864-ETLQS,Male,0,Yes,No,16,Yes,No,No,No internet service,No internet service,No internet service,No internet service,No internet service,No internet service,Two year,No,Electronic check,21.46,353.76,No
2226-PNSET,Male,0,Yes,Yes,66,Yes,Yes,Fiber optic,Yes,No,No,No,No,Yes,Month-to-month,No,Credit card (automatic),87.85,5811.56,No
6933-ERXHD,Female,0,Yes,No,40,Yes,No,No,No internet service,No internet service,No internet service,No internet service,No internet service,No internet service,Month-to-month,Yes,Bank transfer (automatic),23.05,934.45,No
8130-XBRZB,Male,0,No,Yes,12,Yes,Yes,No,No internet service,No internet service,No internet service,No internet service,No internet service,No internet service,Month-to-month,No,Electronic check,29.68,391.88,Yes
4907-CMZMQ,Male,0,No,No,6,Yes,No,Fiber optic,No,Yes,No,No,No,No,One year,No,Bank transfer (automatic),81.65,457.96,Yes
3440-GABJU,Male,0,No,No,23,Yes,Yes,DSL,No,No,Yes,No,No,Yes,Month-to-month,Yes,Bank transfer (automatic),69.84,1605.6,Yes
6041-SBUUC,Male,0,No,No,64,Yes,Yes,Fiber optic,No,No,Yes,No,No,No,Two year,No,Credit card (automatic),82.69,5291.47,No
8012-CUSTT,Female,0,Yes,Yes,27,Yes,No,DSL,No,Yes,Yes,No,Yes,Yes,Month-to-month,No,Electronic check,74.48,1998.57,No
3513-QVPXI,Female,0,No,No,9,No,No phone service,Fiber optic,No,Yes,Yes,No,No,Yes,One year,No,Bank transfer (automatic),97.35,875.66,No
5368-RMEWJ,Male,1,No,No,69,Yes,No,DSL,No,No,No,No,Yes,No,One year,No,Mailed check,58.81,4043.98,No
8196-YCHHP,Female,0,No,No,1,Yes,No,Fiber optic,No,No,No,No,Yes,No,Month-to-month,Yes,Electronic check,86.78,37.22,Yes
6600-OPLQX,Male,0,No,No,68,Yes,Yes,Fiber optic,Yes,No,Yes,Yes,No,No,Two year,Yes,Credit card (automatic),90.96,6183.53,No
2980-ZRKLE,Female,0,No,No,72,Yes,No,Fiber optic,Yes,No,No,No,No,No,One year,Yes,Credit card (automatic),86.48,6208.98,No
4851-JLCVI,Female,0,No,No,12,Yes,Yes,Fiber optic,No,No,No,Yes,Yes,No,Month-to-month,No,Electronic check,90.95,1072.45,Yes
2953-MEVCM,Male,0,Yes,Yes,11,Yes,Yes,No,No internet service,No internet service,No internet service,No internet service,No internet service,No internet service,Two year,Yes,Mailed check,28.9,337.13,No
9268-GNIWX,Female,0,No,No,2,Yes,No,Fiber optic,No,Yes,No,No,Yes,No,One year,No,Electronic check,93.6,180.29,No
4279-SLURT,Male,0,No,No,18,Yes,Yes,No,No internet service,No internet service,No internet service,No internet service,No internet service,No internet service,Month-to-month,No,Credit card (automatic),23.07,400.18,Yes
8417-KSJMD,Female,0,Yes,No,70,No,No phone service,DSL,Yes,No,No,Yes,Yes,No,Month-to-month,No,Bank transfer (automatic),60.44,4225.95,No
1903-ETIBL,Female,0,No,No,10,Yes,Yes,Fiber optic,No,No,Yes,Yes,No,No,One year,No,Bank transfer (automatic),88.32,874.83,No
6418-MAKHC,Female,0,Yes,Yes,9,Yes,Yes,DSL,No,No,No,No,Yes,No,One year,Yes,Mailed check,58.04,563.35,No
7078-UCGCN,Female,0,Yes,Yes,58,Yes,Yes,Fiber optic,No,Yes,Yes,No,Yes,No,Month-to-month,Yes,Electronic check,98.53,5712.9,Yes
4230-HKZXS,Male,0,No,Yes,13,Yes,Yes,Fiber optic,No,No,No,No,No,No,Month-to-month,No,Bank transfer (automatic),81.84,1039.18,Yes
8693-BAACM,Female,0,No,No,6,Yes,Yes,Fiber optic,No,No,Yes,No,Yes,Yes,Month-to-month,Yes,Electronic check,100.3,613.55,No
8224-EQCCM,Female,0,No,No,17,Yes,Yes,No,No internet service,No internet service,No internet service,No internet service,No internet service,No internet service,Month-to-month,Yes,Credit card (automatic),29.64,514.02,Yes
2324-KBKKM,Male,0,No,No,17,Yes,No,Fiber optic,No,No,No,Yes,No,Yes,Month-to-month,Yes,Mailed check,97.48,1643.9,Yes
1785-EKISJ,Male,0,Yes,Yes,11,Yes,No,No,No internet service,No internet service,No internet service,No internet service,No internet service,No internet service,One year,Yes,Electronic check,34.35,427.85,No
3763-IDUEM,Male,0,No,No,63,Yes,Yes,Fiber optic,No,No,No,No,Yes,No,Month-to-month,Yes,Electronic check,86.54,5466.5,Yes
8556-SANYK,Male,0,Yes,No,66,Yes,Yes,Fiber optic,No,No,Yes,Yes,Yes,No,Month-to-month,Yes,Mailed check,98.7,6492.01,No
2393-VRVFX,Male,0,Yes,Yes,22,Yes,Yes,No,No internet service,No internet service,No internet service,No internet service,No internet service,No internet service,Two year,Yes,Electronic check,27.14,588.46,No
9195-JXTIC,Male,0,Yes,Yes,12,Yes,No,DSL,No,Yes,No,Yes,No,No,Two year,Yes,Mailed check,59.83,701.04,No
8875-RMAZV,Male,0,No,No,61,Yes,No,DSL,Yes,Yes,No,No,No,No,Month-to-month,Yes,Electronic check,59.68,3649.79,No
2772-IFGXG,Female,0,No,No,63,Yes,No,DSL,Yes,No,No,No,No,Yes,Two year,Yes,Credit card (automatic),67.01,4206.63,No
5013-GYVSY,Male,0,Yes,Yes,11,Yes,Yes,Fiber optic,No,Yes,No,No,Yes,Yes,Month-to-month,No,Mailed check,102.76,1120.39,No
7989-WUMNL,Male,1,Yes,No,0,Yes,Yes,No,No internet service,No internet service,No internet service,No internet service,No internet service,No internet service,Month-to-month,No,Electronic check,31.86,17.57,Yes
2261-ZJITI,Female,0,No,No,45,Yes,No,No,No internet service,No internet service,No internet service,No internet service,No internet service,No internet service,One year,Yes,Bank transfer (automatic),27.3,1222.6,No
2875-YYSIX,Male,0,No,No,29,Yes,Yes,Fiber optic,No,Yes,Yes,No,Yes,No,Two year,Yes,Credit card (automatic),99.47,2882.46,No
6065-NQSPV,Male,0,Yes,No,18,Yes,No,No,No internet service,No internet service,No internet service,No internet service,No internet service,No internet service,Two year,Yes,Bank transfer (automatic),22.51,390.22,No
8450-OFTZC,Male,0,No,No,22,Yes,No,Fiber optic,No,No,No,No,No,No,One year,No,Electronic check,80.4,1780.53,No
2023-HIAXN,Female,0,Yes,Yes,8,Yes,Yes,DSL,Yes,No,Yes,No,Yes,No,Two year,No,Electronic check,67.99,580.54,No
2802-XSZMZ,Male,0,Yes,Yes,4,Yes,No,DSL,Yes,Yes,No,Yes,No,No,Month-to-month,No,Bank transfer (automatic),64.23,217.63,No
5113-SAUQG,Male,0,No,No,16,Yes,No,DSL,Yes,No,No,No,No,No,Month-to-month,Yes,Bank transfer (automatic),59.73,960.09,No
8042-NPUKS,Male,0,No,No,24,Yes,Yes,No,No internet service,No internet service,No internet service,No internet service,No internet service,No internet service,Month-to-month,Yes,Electronic check,24.13,582.85,No
4000-XRRFZ,Female,0,No,Yes,32,No,No phone service,Fiber optic,No,Yes,Yes,No,No,No,Month-to-month,Yes,Credit card (automatic),82.14,2635.17,Yes
6767-PKVWC,Male,0,Yes,No,66,Yes,Yes,Fiber optic,Yes,No,No,No,No,No,Month-to-month,Yes,Credit card (automatic),90.17,5940.71,Yes
1781-ZBNPB,Male,0,No,No,1,Yes,No,DSL,No,Yes,No,No,No,Yes,Month-to-month,Yes,Credit card (automatic),60.07,57.5,Yes
4517-XCDSE,Female,0,Yes,Yes,72,Yes,No,Fiber optic,Yes,Yes,No,No,No,No,Month-to-month,Yes,Electronic check,95.09,6836.13,No
5942-HPSEY,Female,0,No,No,1,Yes,No,Fiber optic,No,No,No,No,No,No,Two year,Yes,Electronic check,83.18,78.14,No
8787-DSQFL,Male,1,Yes,Yes,72,Yes,No,Fiber optic,Yes,Yes,No,No,Yes,Yes,Month-to-month,Yes,Bank transfer (automatic),110.0,7922.19,No
6871-BMLXB,Male,1,Yes,Yes,8,Yes,No,DSL,Yes,Yes,Yes,No,Yes,No,Month-to-month,Yes,Mailed check,71.69,542.76,Yes
9437-LNEPM,Male,0,No,No,16,Yes,No,DSL,No,Yes,No,Yes,No,No,Two year,Yes,Credit card (automatic),57.17,934.07,No
5224-BMUTI,Female,0,No,No,71,Yes,No,DSL,No,Yes,No,No,Yes,Yes,Month-to-month,Yes,Electronic check,75.25,5340.45,Yes
1732-MSRTF,Male,0,Yes,No,20,Yes,Yes,Fiber optic,No,No,No,No,No,No,Two year,No,Electronic check,80.5,1612.98,No
6476-ZASQP,Female,0,Yes,Yes,37,Yes,No,DSL,No,Yes,Yes,No,Yes,No,Month-to-month,No,Electronic check,60.65,2262.99,No
4481-RCCHC,Female,0,No,No,11,Yes,No,No,No internet service,No internet service,No internet service,No internet service,No internet service,No internet service,Month-to-month,Yes,Bank transfer (automatic),32.75,372.87,No
6217-CGRWK,Male,0,Yes,No,26,Yes,Yes,Fiber optic,No,No,No,Yes,Yes,No,Two year,Yes,Credit card (automatic),96.79,2538.84,No
3499-UXKZM,Male,0,No,No,0,Yes,No,Fiber optic,No,Yes,Yes,No,Yes,Yes,Month-to-month,Yes,Mailed check,100.96,0.0,Yes
9022-VBFNT,Female,0,Yes,Yes,6,Yes,No,DSL,No,Yes,No,No,No,Yes,Two year,Yes,Electronic check,64.19,382.09,Yes
1540-JBGCX,Male,1,No,No,27,Yes,No,Fiber optic,No,No,No,No,No,No,Month-to-month,Yes,Electronic check,79.68,2130.68,No
5389-CBUAH,Female,0,No,No,8,Yes,Yes,DSL,No,No,No,No,Yes,No,Month-to-month,Yes,Bank transfer (automatic),59.1,460.38,No
5606-OHIGX,Female,0,No,No,9,Yes,No,Fiber optic,No,No,Yes,No,No,Yes,Month-to-month,No,Credit card (automatic),97.53,873.44,Yes
5494-RQWNZ,Male,0,No,No,72,Yes,Yes,DSL,No,Yes,No,No,No,Yes,Month-to-month,Yes,Mailed check,61.79,4441.69,No
8244-MFLOK,Male,0,No,No,13,Yes,Yes,No,No internet service,No internet service,No internet service,No internet service,No internet service,No internet service,Month-to-month,Yes,Electronic check,23.78,298.19,Yes
1767-MLECV,Female,0,Yes,Yes,5,Yes,Yes,Fiber optic,No,No,No,Yes,Yes,No,Two year,Yes,Mailed check,94.38,444.97,Yes
3627-PFBRX,Female,0,Yes,No,4,Yes,Yes,No,No internet service,No internet service,No internet service,No internet service,No internet service,No internet service,Month-to-month,Yes,Electronic check,30.78,100.29,No
9270-QQXBR,Male,0,Yes,No,20,Yes,No,DSL,No,No,No,No,No,Yes,Month-to-month,Yes,Electronic check,55.21,1100.63,No
2216-KUAAY,Male,0,No,No,2,Yes,No,Fiber optic,No,No,No,Yes,No,No,Two year,Yes,Mailed check,83.65,154.45,No
4446-WQEJK,Male,0,No,No,6,Yes,No,No,No internet service,No internet service,No internet service,No internet service,No internet service,No internet service,One year,No,Credit card (automatic),30.23,194.53,No
4842-RLHOO,Female,0,Yes,Yes,5,No,No phone service,Fiber optic,No,No,No,No,No,No,Month-to-month,No,Credit card (automatic),72.91,369.08,Yes
9776-XBQOQ,Male,0,Yes,Yes,11,Yes,Yes,Fiber optic,Yes,Yes,Yes,No,Yes,Yes,Month-to-month,No,Mailed check,118.75,1311.52,No
4371-FXTQC,Female,0,Yes,Yes,19,Yes,No,DSL,Yes,No,No,No,Yes,Yes,Month-to-month,No,Electronic check,71.99,1357.45,Yes
4112-VDTOQ,Male,0,No,No,10,Yes,No,No,No internet service,No internet service,No internet service,No internet service,No internet service,No internet service,Month-to-month,Yes,Electronic check,23.17,222.24,No
3275-VWZRJ,Female,0,No,No,38,No,No phone service,DSL,No,No,Yes,Yes,No,No,Two year,Yes,Electronic check,58.65,2204.64,No
9104-VDCWK,Female,0,Yes,Yes,6,Yes,Yes,Fiber optic,Yes,No,No,No,Yes,No,Month-to-month,No,Bank transfer (automatic),89.32,510.08,No
3416-KSLES,Male,0,No,No,27,Yes,Yes,DSL,Yes,No,No,No,Yes,Yes,Month-to-month,Yes,Credit card (automatic),73.2,1953.09,Yes
1175-YRTAR,Male,0,Yes,No,6,Yes,No,Fiber optic,Yes,No,No,Yes,No,No,Two year,Yes,Electronic check,90.18,565.2,No
9251-WTDBI,Male,0,No,No,33,Yes,No,Fiber optic,Yes,No,Yes,No,Yes,Yes,Month-to-month,Yes,Mailed check,103.6,3405.49,No
5573-BPHAK,Male,0,No,No,15,Yes,No,Fiber optic,No,No,No,Yes,No,Yes,Month-to-month,No,Mailed check,96.88,1486.99,No
4666-ZIGOA,Male,1,No,No,28,Yes,Yes,Fiber optic,Yes,No,No,No,Yes,No,One year,No,Bank transfer (automatic),95.23,2678.12,Yes
3302-IIPXE,Female,0,Yes,Yes,15,Yes,Yes,No,No internet service,No internet service,No internet service,No internet service,No internet service,No internet service,Two year,No,Credit card (automatic),28.8,456.33,No
1222-FUCYK,Male,0,Yes,No,71,Yes,Yes,DSL,No,No,No,Yes,No,No,Month-to-month,No,Bank transfer (automatic),55.47,3950.24,No
9907-GDRUM,Male,1,Yes,Yes,2,Yes,No,No,No internet service,No internet service,No internet service,No internet service,No internet service,No internet service,Month-to-month,No,Mailed check,28.68,79.85,No
4109-XSTVM,Female,0,Yes,Yes,71,Yes,Yes,Fiber optic,No,No,No,No,No,No,One year,Yes,Electronic check,79.95,5674.26,No
9566-DJRZP,Male,0,Yes,No,72,Yes,Yes,DSL,No,No,No,No,No,No,Month-to-month,Yes,Mailed check,51.42,3724.21,No
4875-PJUHS,Female,0,Yes,Yes,16,Yes,Yes,Fiber optic,No,No,Yes,No,No,No,Month-to-month,No,Electronic check,80.51,1286.55,No
8288-XNJXB,Female,0,No,No,23,Yes,Yes,DSL,Yes,No,No,No,Yes,No,Two year,Yes,Bank transfer (automatic),67.1,1526.18,No
9735-YWCXM,Female,1,Yes,Yes,0,Yes,Yes,No,No internet service,No internet service,No internet service,No internet service,No internet service,No internet service,Month-to-month,Yes,Electronic check,20.62,0.0,No
9006-QLYPX,Female,0,No,No,15,Yes,No,Fiber optic,No,No,No,Yes,Yes,Yes,One year,No,Electronic check,100.17,1522.41,No
7963-KCIXC,Male,1,No,No,60,Yes,No,DSL,No,No,No,No,No,No,Two year,Yes,Mailed check,49.1,2947.54,No
1112-ZUKED,Female,0,No,No,16,Yes,Yes,DSL,Yes,Yes,No,No,Yes,No,Month-to-month,No,Bank transfer (automatic),66.59,1054.74,No
4192-DNRQV,Male,0,Yes,Yes,21,Yes,No,Fiber optic,No,No,No,No,No,Yes,Month-to-month,No,Bank transfer (automatic),93.38,1940.15,No
8678-JYHAY,Male,0,Yes,Yes,19,Yes,No,Fiber optic,Yes,No,No,No,Yes,Yes,One year,Yes,Credit card (automatic),103.37,1941.71,Yes
7005-SELWR,Female,0,No,No,7,Yes,No,No,No internet service,No internet service,No internet service,No internet service,No internet service,No internet service,Month-to-month,Yes,Electronic check,31.05,229.79,No
5338-QNGRS,Female,0,No,No,72,No,No phone service,Fiber optic,No,No,Yes,No,Yes,Yes,Month-to-month,Yes,Mailed check,89.5,6463.66,No
4157-FBGDU,Male,0,No,No,4,Yes,Yes,No,No internet service,No internet service,No internet service,No internet service,No internet service,No internet service,Month-to-month,Yes,Credit card (automatic),21.41,84.76,Yes
4226-LNYYK,Female,0,No,No,4,Yes,No,Fiber optic,No,Yes,No,Yes,Yes,Yes,Two year,No,Mailed check,103.16,394.82,No
5050-KIUBD,Male,0,No,No,7,No,No phone service,Fiber optic,Yes,Yes,No,Yes,Yes,No,Month-to-month,No,Credit card (automatic),99.42,697.68,Yes
2211-YLPYS,Male,0,No,No,34,Yes,No,Fiber optic,No,Yes,No,No,No,No,Month-to-month,Yes,Electronic check,85.14,2944.76,Yes
8645-DCDYL,Female,1,No,No,33,Yes,No,Fiber optic,Yes,No,Yes,No,Yes,Yes,One year,Yes,Electronic check,112.17,3700.67,Yes
6362-NZBEJ,Female,1,No,No,10,Yes,No,DSL,Yes,No,Yes,No,No,Yes,One year,Yes,Electronic check,71.13,726.23,Yes
6086-AQFIP,Female,0,No,No,61,Yes,No,Fiber optic,Yes,No,No,No,No,Yes,Month-to-month,Yes,Electronic check,92.46,5686.23,No
4777-ENGWB,Female,0,No,No,4,Yes,No,No,No internet service,No internet service,No internet service,No internet service,No internet service,No internet service,Month-to-month,No,Bank transfer (automatic),24.94,114.52,No
6418-JJRBG,Female,0,Yes,No,6,Yes,Yes,DSL,No,Yes,No,Yes,Yes,No,Month-to-month,Yes,Credit card (automatic),67.78,404.47,Yes
9750-NSLTT,Male,0,Yes,Yes,7,Yes,No,No,No internet service,No internet service,No internet service,No internet service,No internet service,No internet service,Month-to-month,Yes,Electronic check,25.77,188.4,Yes
2605-PYIVO,Male,0,Yes,Yes,58,Yes,No,No,No internet service,No internet service,No internet service,No internet service,No internet service,No internet service,Month-to-month,Yes,Credit card (automatic),26.35,1518.46,No
2731-FYAHF,Male,0,Yes,No,72,Yes,Yes,No,No internet service,No internet service,No internet service,No internet service,No internet service,No internet service,Month-to-month,No,Electronic check,25.57,1826.9,No
2274-RXLUN,Female,0,Yes,No,28,Yes,No,No,No internet service,No internet service,No internet service,No internet service,No internet service,No internet service,Month-to-month,Yes,Bank transfer (automatic),21.26,569.31,No
8053-PFZKL,Female,0,No,No,19,Yes,No,Fiber optic,No,No,No,No,Yes,No,Month-to-month,No,Credit card (automatic),89.99,1677.86,Yes
3439-BCUHT,Male,0,Yes,Yes,70,Yes,No,Fiber optic,No,Yes,No,No,No,No,One year,Yes,Credit card (automatic),84.87,5941.72,No
8388-FTDVA,Male,0,Yes,No,14,Yes,Yes,DSL,No,No,No,No,No,No,Month-to-month,Yes,Bank transfer (automatic),55.4,798.78,Yes
9585-WCQSK,Female,0,No,No,40,Yes,No,Fiber optic,No,Yes,No,No,No,Yes,One year,Yes,Electronic check,87.41,3496.99,No
6137-PTQKN,Male,0,Yes,Yes,11,No,No phone service,Fiber optic,Yes,No,No,No,Yes,No,Month-to-month,Yes,Mailed check,81.74,921.86,No
3203-IEOWP,Female,0,Yes,Yes,1,Yes,Yes,No,No internet service,No internet service,No internet service,No internet service,No internet service,No internet service,Month-to-month,Yes,Bank transfer (automatic),30.31,61.64,No
2949-LPRAI,Male,0,No,Yes,9,Yes,Yes,DSL,No,No,No,No,No,No,Two year,No,Bank transfer (automatic),52.59,470.8,No
5466-LULIR,Male,1,Yes,Yes,55,Yes,No,No,No internet service,No internet service,No internet service,No internet service,No internet service,No internet service,Month-to-month,Yes,Bank transfer (automatic),27.07,1472.77,No
3330-HLHBC,Male,0,Yes,No,23,Yes,No,Fiber optic,No,No,No,No,No,Yes,One year,No,Bank transfer (automatic),88.92,2042.14,Yes
8837-CUROO,Male,0,Yes,Yes,40,Yes,No,Fiber optic,Yes,No,No,No,Yes,No,Month-to-month,Yes,Mailed check,91.46,3652.63,No
4659-RAUCD,Male,0,No,No,16,Yes,No,Fiber optic,No,No,No,No,Yes,No,Two year,No,Mailed check,92.08,1513.81,Yes
2599-BCNTM,Female,0,No,No,6,Yes,Yes,Fiber optic,Yes,Yes,Yes,No,No,No,One year,No,Bank transfer (automatic),101.03,616.54,Yes
1930-IKBCH,Male,0,No,No,57,Yes,Yes,No,No internet service,No internet service,No internet service,No internet service,No internet service,No internet service,Two year,Yes,Mailed check,24.05,1371.76,No
8907-PWMWQ,Female,1,No,No,30,No,No phone service,Fiber optic,Yes,No,No,Yes,No,No,Two year,Yes,Mailed check,83.44,2489.19,No
9873-CYMRE,Female,0,Yes,Yes,16,Yes,No,Fiber optic,No,No,No,No,No,No,One year,Yes,Electronic check,80.01,1276.39,Yes
9992-SVWQJ,Female,0,Yes,No,39,Yes,No,DSL,Yes,Yes,Yes,Yes,No,Yes,Month-to-month,No,Credit card (automatic),79.77,3108.94,No
2072-ENJFA,Female,0,Yes,Yes,64,Yes,No,Fiber optic,Yes,Yes,Yes,No,No,No,One year,Yes,Electronic check,94.4,6036.47,No
2114-SONUI,Female,1,No,No,71,Yes,No,DSL,No,No,Yes,Yes,No,No,One year,Yes,Electronic check,58.49,4158.5,No
1648-TCTKU,Female,0,Yes,No,28,Yes,No,Fiber optic,No,No,Yes,No,No,No,One year,Yes,Bank transfer (automatic),80.58,2271.89,No
1857-FROIO,Male,0,No,No,19,Yes,Yes,Fiber optic,No,No,No,No,No,No,Month-to-month,No,Bank transfer (automatic),73.82,1352.58,Yes
5308-LNWAR,Female,0,No,No,54,Yes,No,Fiber optic,Yes,No,No,No,Yes,Yes,One year,Yes,Credit card (automatic),99.57,5388.86,Yes
9472-ZIDZD,Male,1,Yes,Yes,11,Yes,Yes,DSL,Yes,No,Yes,Yes,Yes,Yes,One year,No,Electronic check,76.56,851.06,No
4383-QEPBR,Male,0,Yes,No,6,Yes,No,Fiber optic,No,No,No,No,No,Yes,Two year,Yes,Electronic check,85.25,486.69,No
8411-OTKQW,Male,0,Yes,No,72,Yes,Yes,Fiber optic,No,No,Yes,No,Yes,Yes,Month-to-month,Yes,Electronic check,103.09,7421.3,Yes
1673-OERZC,Female,0,No,No,1,Yes,No,Fiber optic,No,No,No,No,Yes,No,Month-to-month,Yes,Electronic check,88.18,80.86,Yes
4704-GSNHS,Male,0,Yes,Yes,4,Yes,Yes,Fiber optic,Yes,No,Yes,No,Yes,No,Month-to-month,Yes,Electronic check,95.34,372.79,Yes
7418-SUWSK,Female,0,No,No,35,Yes,No,No,No internet service,No internet service,No internet service,No internet service,No internet service,No internet service,Two year,Yes,Bank transfer (automatic),20.6,724.64,No
2083-ARQGM,Female,0,Yes,Yes,63,Yes,Yes,Fiber optic,No,Yes,Yes,Yes,No,Yes,Month-to-month,Yes,Mailed check,100.51,6300.63,No
4760-ASVUQ,Male,0,Yes,No,56,Yes,Yes,DSL,No,No,No,Yes,Yes,Yes,Month-to-month,No,Electronic check,72.03,4010.96,No
8092-XMNFG,Female,0,No,No,37,Yes,Yes,Fiber optic,No,Yes,No,Yes,No,No,Month-to-month,Yes,Bank transfer (automatic),86.45,3198.94,No
7890-CXKFL,Male,0,No,No,67,Yes,No,Fiber optic,No,No,Yes,Yes,No,Yes,Month-to-month,Yes,Bank transfer (automatic),102.43,6841.72,No
8930-XDMUT,Male,0,Yes,No,2,Yes,No,DSL,No,Yes,Yes,Yes,No,No,Two year,Yes,Mailed check,64.52,151.26,No
3891-CLPIW,Female,0,Yes,No,14,Yes,Yes,No,No internet service,No internet service,No internet service,No internet service,No internet service,No internet service,Month-to-month,No,Mailed check,21.04,280.28,No
5487-NLYZW,Female,0,No,No,37,Yes,Yes,Fiber optic,No,No,No,No,No,Yes,Two year,No,Bank transfer (automatic),90.41,3354.65,No
3437-DBCLO,Male,0,Yes,Yes,2,Yes,No,Fiber optic,No,No,Yes,No,No,No,One year,No,Electronic check,84.59,160.06,No
8570-UDIFM,Female,0,No,No,69,Yes,No,Fiber optic,Yes,No,No,No,Yes,No,Month-to-month,Yes,Bank transfer (automatic),95.89,6627.12,Yes
8521-MAOAC,Female,1,Yes,Yes,56,Yes,Yes,Fiber optic,Yes,Yes,Yes,Yes,Yes,Yes,Month-to-month,Yes,Mailed check,118.75,6671.88,No
9287-ZOUTN,Male,0,Yes,Yes,47,Yes,Yes,DSL,No,No,No,No,No,Yes,Month-to-month,Yes,Bank transfer (automatic),63.15,2958.08,Yes
6046-VTDIK,Male,0,Yes,Yes,61,Yes,No,Fiber optic,No,No,Yes,No,No,No,Month-to-month,No,Bank transfer (automatic),83.77,5104.55,No
3670-KBBNM,Male,1,Yes,No,56,Yes,Yes,DSL,No,No,No,No,No,No,Two year,No,Credit card (automatic),50.93,2840.1,No
2384-CPJHM,Female,1,No,No,34,Yes,No,Fiber optic,No,Yes,Yes,No,Yes,No,Two year,No,Electronic check,97.58,3333.13,No
4908-WZDNS,Male,0,Yes,Yes,1,Yes,No,DSL,No,No,No,No,Yes,No,One year,No,Bank transfer (automatic),59.01,81.12,Yes
3610-WTMEL,Female,0,No,Yes,36,Yes,Yes,Fiber optic,No,No,Yes,No,No,No,Two year,Yes,Bank transfer (automatic),86.51,3138.25,No
7889-RATFI,Female,0,Yes,Yes,59,Yes,No,DSL,No,Yes,Yes,No,No,Yes,Month-to-month,No,Credit card (automatic),68.78,4052.45,No
9139-CEXFB,Male,0,Yes,Yes,63,Yes,Yes,Fiber optic,No,No,Yes,No,No,No,Month-to-month,No,Electronic check,86.97,5467.25,No
9056-DSYDK,Female,0,Yes,Yes,25,Yes,No,Fiber optic,No,No,No,No,No,Yes,Month-to-month,No,Electronic check,87.97,2176.05,No
4013-TRSGW,Male,0,Yes,Yes,21,Yes,No,Fiber optic,Yes,Yes,No,No,No,Yes,Two year,Yes,Mailed check,97.52,2025.36,No
5575-WBBKT,Female,0,No,No,38,Yes,No,DSL,No,Yes,No,No,No,No,Two year,No,Electronic check,53.87,2036.47,No
6161-RCLME,Female,0,No,No,21,Yes,Yes,No,No internet service,No internet service,No internet service,No internet service,No internet service,No internet service,Month-to-month,No,Mailed check,32.02,689.6,No
9550-ZCPQO,Male,0,No,No,4,Yes,No,Fiber optic,No,No,Yes,No,Yes,Yes,Two year,Yes,Electronic check,103.34,413.83,Yes
9451-HRXQB,Male,0,Yes,Yes,33,Yes,No,No,No internet service,No internet service,No internet service,No internet service,No internet service,No internet service,Month-to-month,Yes,Electronic check,21.16,717.48,No
5976-VWHEG,Male,0,No,No,55,Yes,Yes,Fiber optic,No,Yes,Yes,Yes,Yes,No,Month-to-month,Yes,Credit card (automatic),102.7,5678.74,Yes
5010-WKXKN,Female,0,Yes,Yes,6,Yes,No,DSL,Yes,Yes,No,No,No,Yes,Month-to-month,No,Credit card (automatic),75.6,461.47,Yes
3361-BSWYF,Male,0,No,Yes,12,Yes,No,DSL,Yes,No,No,No,No,Yes,Month-to-month,Yes,Mailed check,60.73,706.62,Yes
1769-RWELJ,Female,0,No,Yes,19,Yes,No,No,No internet service,No internet service,No internet service,No internet service,No internet service,No internet service,Month-to-month,No,Bank transfer (automatic),28.68,523.93,No
5957-RAFMM,Female,0,No,No,55,Yes,No,Fiber optic,Yes,No,No,No,Yes,No,Month-to-month,Yes,Bank transfer (automatic),97.24,5322.37,Yes
2260-XJEIQ,Male,1,No,No,46,Yes,No,DSL,Yes,No,No,No,No,No,One year,Yes,Mailed check,58.05,2675.84,No
4855-DGZFZ,Female,0,No,No,33,Yes,Yes,No,No internet service,No internet service,No internet service,No internet service,No internet service,No internet service,Month-to-month,Yes,Mailed check,25.48,837.13,No
7064-KNVMV,Male,0,Yes,Yes,32,Yes,Yes,Fiber optic,No,Yes,Yes,Yes,No,No,Two year,Yes,Electronic check,86.46,2763.7,No
1740-WIBYB,Female,0,Yes,Yes,19,No,No phone service,DSL,No,No,No,No,Yes,No,Month-to-month,Yes,Electronic check,54.36,1035.25,No
7092-QMSJV,Female,0,No,Yes,19,Yes,No,DSL,No,Yes,No,No,No,Yes,Month-to-month,No,Credit card (automatic),58.7,1126.59,No
8224-YSIOG,Male,0,No,No,14,Yes,No,No,No internet service,No internet service,No internet service,No internet service,No internet service,No internet service,Month-to-month,Yes,Bank transfer (automatic),24.35,358.21,Yes
3711-UOCIZ,Male,0,No,Yes,55,Yes,No,DSL,No,Yes,Yes,Yes,Yes,No,Two year,No,Electronic check,79.08,4373.76,No
3741-YUSHN,Female,0,Yes,Yes,1,Yes,No,Fiber optic,No,Yes,No,No,No,No,Month-to-month,Yes,Electronic check,91.97,81.58,Yes
3917-PRHDI,Female,0,Yes,Yes,29,Yes,Yes,DSL,No,No,Yes,Yes,No,No,One year,Yes,Credit card (automatic),56.33,1598.21,No
2786-TMZAA,Male,0,Yes,Yes,59,Yes,No,Fiber optic,No,No,Yes,No,Yes,No,One year,No,Credit card (automatic),99.09,5859.43,No
6129-ADGHI,Male,0,No,No,23,No,No phone service,Fiber optic,No,No,No,No,No,Yes,Two year,No,Credit card (automatic),84.22,1930.61,No
8847-VRXRL,Female,1,Yes,Yes,72,Yes,Yes,DSL,Yes,No,No,Yes,No,No,One year,No,Electronic check,59.17,4249.43,No
6747-EMVZR,Male,0,Yes,Yes,4,Yes,No,Fiber optic,No,No,Yes,No,No,No,One year,Yes,Credit card (automatic),85.67,357.1,No
7094-MBQOS,Male,0,Yes,No,8,Yes,No,No,No internet service,No internet service,No internet service,No internet service,No internet service,No internet service,One year,No,Mailed check,21.46,136.86,No
2636-QKZEZ,Male,0,Yes,No,18,Yes,No,No,No internet service,No internet service,No internet service,No internet service,No internet service,No internet service,One year,Yes,Electronic check,28.73,474.27,No
1935-SULBC,Female,1,Yes,Yes,6,Yes,Yes,Fiber optic,No,Yes,No,No,No,No,One year,No,Bank transfer (automatic),88.24,519.61,No
3203-WCGGG,Male,1,No,Yes,59,Yes,No,Fiber optic,No,No,No,No,Yes,No,Month-to-month,No,Mailed check,91.42,5393.36,No
1532-AWIJN,Male,0,No,No,72,Yes,No,No,No internet service,No internet service,No internet service,No internet service,No internet service,No internet service,One year,Yes,Mailed check,24.28,1756.85,No
3658-AZBPP,Male,0,No,No,72,Yes,Yes,Fiber optic,No,Yes,No,No,No,Yes,Month-to-month,No,Credit card (automatic),94.69,6806.5,No
1448-HQGMO,Female,1,No,No,13,Yes,No,Fiber optic,No,Yes,Yes,No,No,No,Two year,Yes,Bank transfer (automatic),87.02,1110.63,Yes
6056-TCJHD,Female,0,No,No,61,Yes,No,Fiber optic,Yes,No,No,No,Yes,Yes,One year,Yes,Electronic check,99.15,6035.78,No
2406-SKSJN,Female,1,No,No,72,No,No phone service,DSL,No,No,No,No,No,No,Month-to-month,No,Credit card (automatic),46.74,3398.74,No
6107-PQRLS,Male,0,No,No,2,Yes,No,Fiber optic,Yes,No,No,No,No,No,Month-to-month,Yes,Mailed check,78.32,141.82,Yes
9828-QEXWZ,Female,0,No,No,5,Yes,No,Fiber optic,Yes,No,No,No,Yes,No,Two year,Yes,Bank transfer (automatic),94.71,498.03,No
2062-QCQSU,Female,0,No,No,3,Yes,Yes,Fiber optic,No,Yes,No,No,No,No,Month-to-month,Yes,Electronic check,85.43,256.81,Yes
9197-WXGYM,Female,1,Yes,Yes,71,Yes,No,Fiber optic,No,Yes,Yes,No,Yes,No,Two year,Yes,Electronic check,99.57,7064.66,Yes
4431-ZMSCB,Male,0,No,Yes,21,Yes,No,DSL,Yes,No,No,Yes,No,No,Month-to-month,Yes,Credit card (automatic),56.9,1201.39,No
7391-XOSIY,Male,0,No,No,9,Yes,Yes,Fiber optic,No,No,Yes,Yes,No,Yes,Month-to-month,Yes,Mailed check,95.62,836.24,Yes
3267-AHZRK,Female,0,No,No,14,Yes,Yes,Fiber optic,No,No,No,No,No,No,One year,No,Credit card (automatic),81.15,1110.91,No
1293-YSETY,Male,1,No,No,31,No,No phone service,Fiber optic,No,No,No,Yes,No,Yes,Two year,Yes,Mailed check,90.39,2826.41,No
7721-DRNEK,Female,0,No,No,21,Yes,Yes,No,No internet service,No internet service,No internet service,No internet service,No internet service,No internet service,Month-to-month,No,Credit card (automatic),30.57,673.05,No
3204-OLHJA,Male,0,Yes,No,72,Yes,No,Fiber optic,No,No,No,Yes,Yes,No,Two year,Yes,Mailed check,93.35,6713.48,No
3490-SVSEO,Female,0,No,No,20,Yes,No,DSL,No,No,No,No,Yes,No,Two year,Yes,Electronic check,59.01,1207.04,No
6913-CLHGW,Female,0,No,No,29,Yes,No,No,No internet service,No internet service,No internet service,No internet service,No internet service,No internet service,One year,No,Bank transfer (automatic),24.24,712.7,No
7612-MDSHF,Male,0,No,Yes,68,Yes,No,DSL,No,No,No,No,Yes,Yes,Two year,No,Electronic check,67.67,4633.17,No
5595-ARIVT,Female,0,No,No,54,No,No phone service,Fiber optic,Yes,Yes,No,No,No,Yes,One year,Yes,Bank transfer (automatic),97.06,5269.87,No
8478-JHGLC,Female,0,No,No,26,Yes,No,Fiber optic,No,Yes,No,Yes,Yes,Yes,Two year,No,Bank transfer (automatic),109.86,2889.34,No
3836-MSIYQ,Male,1,Yes,Yes,38,Yes,No,Fiber optic,Yes,No,No,No,No,No,Month-to-month,Yes,Electronic check,75.7,2902.01,Yes
3160-RBMMJ,Female,0,Yes,No,31,Yes,Yes,DSL,No,Yes,Yes,No,Yes,Yes,One year,Yes,Credit card (automatic),72.76,2237.9,No
2838-HRCIX,Female,0,No,No,29,Yes,Yes,Fiber optic,No,No,No,No,No,No,Two year,Yes,Electronic check,80.21,2306.14,No
6288-UCNPP,Male,0,Yes,No,3,Yes,No,Fiber optic,No,Yes,No,No,No,No,Month-to-month,Yes,Bank transfer (automatic),83.96,201.88,Yes
9526-HIOHH,Male,0,Yes,No,53,Yes,Yes,No,No internet service,No internet service,No internet service,No internet service,No internet service,No internet service,Month-to-month,No,Bank transfer (automatic),25.74,1363.32,No
1042-CMLQD,Male,0,No,No,66,No,No phone service,Fiber optic,No,No,Yes,No,Yes,Yes,One year,No,Bank transfer (automatic),93.38,6198.8,No
1901-ZNTMB,Female,0,Yes,No,6,Yes,Yes,Fiber optic,Yes,Yes,No,No,Yes,No,Month-to-month,Yes,Electronic check,93.5,569.73,Yes
1220-XJKBC,Female,0,No,No,2,Yes,Yes,No,No internet service,No internet service,No internet service,No internet service,No internet service,No internet service,Two year,No,Mailed check,22.67,35.49,No
7994-AOXIW,Female,1,No,No,13,Yes,Yes,Fiber optic,Yes,Yes,Yes,No,No,Yes,One year,Yes,Bank transfer (automatic),100.66,1295.54,No
6204-PKEKG,Female,0,No,No,59,Yes,No,DSL,No,Yes,No,Yes,Yes,Yes,Month-to-month,Yes,Electronic check,76.6,4506.2,No
2605-EXHNQ,Male,0,No,No,47,No,No phone service,DSL,Yes,Yes,No,No,No,Yes,Month-to-month,Yes,Bank transfer (automatic),67.45,3206.15,No
4641-DSMFL,Female,0,No,No,0,Yes,Yes,No,No internet service,No internet service,No internet service,No internet service,No internet service,No internet service,Two year,No,Mailed check,29.87,1.06,No
3960-ZVHWI,Male,1,Yes,Yes,45,Yes,No,Fiber optic,No,No,Yes,Yes,No,No,Month-to-month,Yes,Mailed check,89.27,4020.84,No
3351-GJIIP,Male,0,Yes,Yes,17,Yes,Yes,Fiber optic,Yes,No,No,No,Yes,No,One year,No,Credit card (automatic),87.18,1514.28,No
9122-EBZLK,Female,0,No,No,31,Yes,Yes,Fiber optic,Yes,Yes,No,No,No,No,One year,Yes,Mailed check,87.89,2758.29,No
8641-TYFQX,Female,0,No,No,14,No,No phone service,No,No internet service,No internet service,No internet service,No internet service,No internet service,No internet service,Month-to-month,No,Electronic check,20.53,270.08,Yes
3273-XCJGM,Male,0,Yes,Yes,59,Yes,Yes,Fiber optic,No,Yes,No,No,No,Yes,Month-to-month,Yes,Electronic check,90.96,5370.07,No
6139-VIGZO,Male,0,No,No,67,Yes,Yes,Fiber optic,Yes,No,No,No,Yes,No,One year,No,Bank transfer (automatic),94.34,6361.38,No
4642-ELYNE,Male,0,Yes,No,15,Yes,No,Fiber optic,No,Yes,No,No,Yes,Yes,Month-to-month,Yes,Electronic check,108.03,1614.36,Yes
5353-SQBUJ,Male,0,Yes,Yes,57,Yes,Yes,No,No internet service,No internet service,No internet service,No internet service,No internet service,No internet service,Month-to-month,No,Bank transfer (automatic),33.26,1913.47,No
3353-VRWON,Female,0,Yes,No,12,Yes,No,DSL,No,Yes,No,No,No,No,Two year,Yes,Credit card (automatic),55.37,665.82,No
2450-QIBRB,Male,0,No,No,4,Yes,No,Fiber optic,No,Yes,No,Yes,Yes,Yes,One year,No,Mailed check,106.84,437.97,No
4007-RYAYL,Female,0,No,No,22,No,No phone service,DSL,No,Yes,No,No,No,No,Month-to-month,Yes,Mailed check,49.36,1069.99,No
4257-FRAPB,Male,0,Yes,No,63,No,No phone service,Fiber optic,No,Yes,Yes,No,Yes,No,Two year,No,Bank transfer (automatic),88.53,5570.81,No
6891-ICIPU,Female,0,Yes,Yes,2,Yes,No,Fiber optic,No,Yes,No,No,No,No,Month-to-month,Yes,Credit card (automatic),83.16,193.21,Yes
7260-KDHYO,Female,0,No,No,59,Yes,Yes,DSL,No,No,Yes,No,Yes,No,Month-to-month,Yes,Electronic check,63.68,3756.04,No
4598-GDERN,Male,0,No,Yes,20,Yes,No,No,No internet service,No internet service,No internet service,No internet service,No internet service,No internet service,Two year,No,Bank transfer (automatic),22.16,414.37,Yes
2019-UFGWS,Female,0,No,No,44,Yes,Yes,No,No internet service,No internet service,No internet service,No internet service,No internet service,No internet service,Month-to-month,Yes,Electronic check,33.67,1436.48,Yes
6230-MZHNV,Female,0,Yes,Yes,0,Yes,Yes,No,No internet service,No internet service,No internet service,No internet service,No internet service,No internet service,Month-to-month,Yes,Electronic check,24.68,0.0,No
8435-ACTTV,Female,0,Yes,Yes,72,No,No phone service,DSL,Yes,Yes,Yes,Yes,No,No,Month-to-month,Yes,Mailed check,66.15,4806.18,No
5006-GTEFZ,Male,0,Yes,No,9,No,No phone service,No,No internet service,No internet service,No internet service,No internet service,No internet service,No internet service,One year,Yes,Mailed check,18.25,172.43,No
8165-OWHUX,Female,0,Yes,No,67,No,No phone service,DSL,No,Yes,Yes,No,No,No,Two year,No,Electronic check,52.59,3542.33,No
8516-WVXAV,Male,0,Yes,Yes,26,Yes,No,DSL,No,No,Yes,Yes,No,No,Month-to-month,Yes,Credit card (automatic),58.66,1534.41,No
5042-ZZRVY,Male,1,No,No,40,Yes,No,Fiber optic,No,Yes,No,No,No,Yes,Month-to-month,No,Mailed check,97.6,3897.51,No
5449-ADRJU,Female,0,No,No,10,Yes,Yes,Fiber optic,No,No,No,Yes,No,No,Month-to-month,Yes,Bank transfer (automatic),89.56,895.27,No
9305-DMUFJ,Male,0,No,No,45,Yes,No,Fiber optic,No,Yes,No,No,No,Yes,Month-to-month,Yes,Mailed check,93.02,4152.79,Yes
4439-IJJBT,Male,0,Yes,No,1,Yes,Yes,No,No internet service,No internet service,No internet service,No internet service,No internet service,No internet service,Two year,No,Mailed check,25.61,16.09,No
9933-RZCHF,Female,0,Yes,No,34,Yes,Yes,DSL,No,Yes,No,No,No,No,One year,Yes,Bank transfer (automatic),55.43,1870.3,No
1095-KQONQ,Male,0,Yes,No,72,Yes,Yes,DSL,No,No,Yes,No,No,No,Month-to-month,Yes,Bank transfer (automatic),53.49,3875.92,No
4403-JYLGY,Male,0,No,Yes,10,Yes,Yes,DSL,Yes,No,Yes,Yes,Yes,No,Month-to-month,Yes,Mailed check,71.86,742.75,Yes
5228-ZKETJ,Male,0,Yes,Yes,67,Yes,No,No,No internet service,No internet service,No internet service,No internet service,No internet service,No internet service,Month-to-month,Yes,Mailed check,22.28,1513.29,No
7389-TOJJY,Female,0,Yes,No,0,Yes,No,No,No internet service,No internet service,No internet service,No internet service,No internet service,No internet service,Month-to-month,No,Electronic check,28.46,2.77,Yes
1419-ZDTRY,Male,0,No,No,10,Yes,Yes,Fiber optic,Yes,No,No,No,No,Yes,Month-to-month,Yes,Mailed check,85.42,850.84,Yes
9519-VTFHK,Female,0,Yes,Yes,2,Yes,Yes,Fiber optic,No,No,No,No,Yes,Yes,Two year,Yes,Mailed check,94.14,185.71,No
7507-JTNTA,Female,0,Yes,No,72,No,No phone service,Fiber optic,No,No,No,No,Yes,No,Month-to-month,Yes,Electronic check,87.3,6276.89,No
4866-MDBGG,Female,0,Yes,No,2,Yes,No,Fiber optic,No,No,Yes,No,No,No,Two year,Yes,Mailed check,85.56,141.79,No
8334-HLSVI,Female,0,Yes,No,61,Yes,No,Fiber optic,Yes,No,Yes,No,No,Yes,One year,No,Bank transfer (automatic),96.82,5865.25,No
6096-WYEON,Male,0,Yes,Yes,18,Yes,Yes,No,No internet service,No internet service,No internet service,No internet service,No internet service,No internet service,One year,No,Electronic check,24.05,445.95,No
9335-CZGFO,Female,0,Yes,No,6,Yes,Yes,DSL,No,No,No,Yes,Yes,Yes,Month-to-month,Yes,Credit card (automatic),69.99,449.63,Yes
6652-YDRPZ,Female,0,Yes,No,67,Yes,Yes,No,No internet service,No internet service,No internet service,No internet service,No internet service,No internet service,One year,Yes,Mailed check,23.43,1559.62,No
3695-ZLHBK,Female,0,Yes,Yes,8,Yes,No,Fiber optic,No,Yes,No,No,No,No,Two year,No,Bank transfer (automatic),82.84,642.92,Yes
2087-GWIXQ,Male,0,No,No,26,Yes,No,No,No internet service,No internet service,No internet service,No internet service,No internet service,No internet service,Month-to-month,No,Bank transfer (automatic),33.12,860.14,Yes
1443-YYDCR,Female,0,No,No,65,Yes,Yes,DSL,No,No,Yes,No,Yes,Yes,Month-to-month,Yes,Bank transfer (automatic),69.24,4506.54,No
1761-AKBGO,Male,0,Yes,No,15,Yes,No,Fiber optic,Yes,Yes,No,Yes,Yes,No,Month-to-month,No,Bank transfer (automatic),102.98,1571.27,Yes
6435-WJIGO,Female,0,Yes,Yes,53,Yes,No,DSL,No,No,Yes,No,No,No,Month-to-month,Yes,Electronic check,58.41,3106.59,No
3289-LDOOZ,Female,1,Yes,Yes,45,Yes,No,Fiber optic,No,No,Yes,No,No,No,Month-to-month,Yes,Bank transfer (automatic),83.36,3780.18,No
7093-USKYJ,Male,1,No,No,72,Yes,No,Fiber optic,No,No,Yes,No,No,Yes,Month-to-month,Yes,Bank transfer (automatic),91.32,6557.0,No
9750-YEZSK,Male,0,Yes,Yes,69,Yes,No,No,No internet service,No internet service,No internet service,No internet service,No internet service,No internet service,Month-to-month,Yes,Credit card (automatic),25.28,1736.44,Yes
9945-QKXIA,Female,0,Yes,Yes,72,Yes,Yes,DSL,No,No,No,No,Yes,No,Month-to-month,Yes,Credit card (automatic),58.08,4180.65,No
6223-VCLNJ,Male,0,Yes,Yes,62,Yes,No,DSL,Yes,Yes,No,Yes,Yes,No,Two year,No,Mailed check,71.81,4463.25,No
8399-UGFAE,Male,0,Yes,No,22,Yes,No,No,No internet service,No internet service,No internet service,No internet service,No internet service,No internet service,Two year,No,Mailed check,23.59,550.42,No
2682-FAZEI,Male,0,Yes,No,72,No,No phone service,No,No internet service,No internet service,No internet service,No internet service,No internet service,No internet service,One year,Yes,Mailed check,22.1,1590.13,No
6434-SMSKA,Male,1,No,No,6,No,No phone service,Fiber optic,No,No,Yes,Yes,No,No,Two year,Yes,Electronic check,81.19,451.11,No
6818-TRNVW,Male,0,Yes,Yes,28,Yes,No,No,No internet service,No internet service,No internet service,No internet service,No internet service,No internet service,Month-to-month,Yes,Bank transfer (automatic),28.6,797.09,No
2886-LGMVK,Male,0,Yes,No,21,No,No phone service,No,No internet service,No internet service,No internet service,No internet service,No internet service,No internet service,Month-to-month,Yes,Bank transfer (automatic),22.22,443.71,No
9199-ZNNHU,Male,1,No,No,13,Yes,No,DSL,No,Yes,No,Yes,Yes,No,Two year,No,Mailed check,65.48,834.08,No
8103-LPALH,Female,0,No,No,9,Yes,No,Fiber optic,No,No,No,Yes,No,No,One year,Yes,Electronic check,86.9,782.13,No
3253-VCTBR,Female,0,No,No,9,Yes,No,No,No internet service,No internet service,No internet service,No internet service,No internet service,No internet service,Month-to-month,Yes,Mailed check,27.2,221.37,No
7865-IDVEF,Male,0,No,No,57,Yes,No,Fiber optic,No,No,No,Yes,Yes,Yes,Month-to-month,No,Electronic check,103.49,5912.23,Yes
6645-FKSXQ,Female,0,No,No,69,Yes,Yes,DSL,Yes,No,No,No,No,Yes,Month-to-month,No,Bank transfer (automatic),65.25,4519.17,Yes
9651-KPKFS,Male,0,Yes,No,3,Yes,Yes,Fiber optic,No,No,No,No,No,Yes,Two year,No,Credit card (automatic),89.64,285.66,No
8972-QEDWA,Female,0,No,No,66,Yes,No,DSL,Yes,No,No,No,No,Yes,Month-to-month,No,Bank transfer (automatic),63.05,4162.11,No
7200-NVKQY,Male,0,Yes,No,13,Yes,No,Fiber optic,Yes,Yes,Yes,Yes,No,No,Two year,No,Electronic check,97.99,1290.33,No
4233-XDEVG,Female,0,Yes,Yes,58,Yes,No,Fiber optic,No,Yes,No,No,Yes,Yes,Month-to-month,Yes,Credit card (automatic),98.28,5704.89,No
8797-JWLDF,Female,1,No,No,17,Yes,No,Fiber optic,No,Yes,No,Yes,Yes,No,Two year,Yes,Bank transfer (automatic),95.9,1642.97,No
7291-TBWUW,Female,1,Yes,Yes,56,Yes,No,DSL,Yes,Yes,No,No,No,Yes,Month-to-month,No,Bank transfer (automatic),69.45,3900.45,Yes
4376-XPQOX,Female,0,No,No,11,No,No phone service,DSL,Yes,No,No,No,No,Yes,Month-to-month,Yes,Electronic check,54.78,552.58,Yes
5180-VFMND,Male,0,Yes,Yes,32,Yes,No,DSL,Yes,No,No,Yes,No,No,One year,Yes,Mailed check,57.72,1839.88,No
9117-UVANM,Female,0,Yes,Yes,19,Yes,Yes,Fiber optic,No,No,Yes,No,No,Yes,Month-to-month,No,Electronic check,93.59,1785.88,Yes
8230-ZEKOY,Male,0,Yes,Yes,37,Yes,Yes,Fiber optic,Yes,Yes,No,Yes,Yes,Yes,Month-to-month,Yes,Electronic check,106.99,3965.06,No
3157-JRLVY,Female,0,No,No,10,No,No phone service,DSL,No,No,No,Yes,Yes,No,Month-to-month,Yes,Electronic check,54.8,588.15,Yes
3842-FAAPX,Female,0,Yes,Yes,26,Yes,No,DSL,No,Yes,No,No,No,Yes,One year,No,Mailed check,60.64,1613.37,No
1122-SSEZN,Male,0,Yes,Yes,35,Yes,Yes,Fiber optic,No,Yes,No,No,Yes,No,Month-to-month,No,Mailed check,94.94,3306.53,No
8676-NMPBF,Female,0,No,No,14,Yes,Yes,Fiber optic,Yes,No,Yes,Yes,No,Yes,One year,Yes,Mailed check,100.77,1403.97,No
8061-FVDSU,Male,0,Yes,Yes,25,Yes,Yes,No,No internet service,No internet service,No internet service,No internet service,No internet service,No internet service,Month-to-month,Yes,Credit card (automatic),22.01,537.41,No
1512-WBNYF,Female,0,No,Yes,11,Yes,Yes,DSL,No,Yes,No,No,No,No,Month-to-month,Yes,Credit card (automatic),56.51,610.47,Yes
7386-FGNEG,Female,0,Yes,No,59,Yes,No,DSL,No,No,Yes,No,Yes,No,One year,Yes,Bank transfer (automatic),64.1,3792.74,No
5820-SXIFH,Male,0,No,No,5,Yes,No,DSL,No,No,Yes,No,No,No,Month-to-month,No,Bank transfer (automatic),59.28,311.46,Yes
2299-CWAOK,Female,0,No,No,66,Yes,Yes,Fiber optic,No,Yes,No,No,Yes,Yes,One year,Yes,Credit card (automatic),100.93,6662.23,No
5604-XMGDO,Female,0,No,Yes,35,Yes,No,Fiber optic,No,No,No,Yes,No,Yes,Month-to-month,No,Electronic check,94.53,3296.03,Yes
7017-KUDTD,Female,0,Yes,Yes,72,Yes,No,No,No internet service,No internet service,No internet service,No internet service,No internet service,No internet service,Two year,Yes,Electronic check,23.42,1736.24,No
3175-FVWRR,Female,0,No,No,22,No,No phone service,Fiber optic,No,Yes,No,No,No,No,Month-to-month,No,Mailed check,79.94,1734.01,No
1203-DDGBZ,Female,1,No,No,65,Yes,Yes,DSL,No,Yes,Yes,No,No,No,Month-to-month,Yes,Bank transfer (automatic),63.01,4100.82,No
3288-ECHNN,Male,0,No,No,3,Yes,No,DSL,No,No,Yes,Yes,No,Yes,Month-to-month,No,Credit card (automatic),73.17,193.4,Yes
4330-BRSRI,Female,0,No,Yes,36,Yes,No,Fiber optic,No,Yes,Yes,No,Yes,Yes,Month-to-month,Yes,Bank transfer (automatic),102.11,3655.44,No
7744-WWESV,Female,0,No,No,20,Yes,Yes,Fiber optic,No,No,Yes,No,No,No,Month-to-month,Yes,Credit card (automatic),77.26,1551.35,Yes
7806-ILWBO,Male,0,No,No,58,Yes,Yes,DSL,No,Yes,No,No,Yes,No,Month-to-month,No,Credit card (automatic),64.0,3698.03,Yes
6044-IAAKC,Female,1,Yes,No,11,Yes,No,Fiber optic,Yes,Yes,Yes,No,No,No,Two year,No,Mailed check,86.82,953.1,No
3006-YFJQX,Male,0,No,No,56,No,No phone service,Fiber optic,No,No,Yes,Yes,Yes,No,Month-to-month,Yes,Mailed check,88.42,4973.0,No
7497-YKRWW,Female,0,Yes,No,56,Yes,Yes,No,No internet service,No internet service,No internet service,No internet service,No internet service,No internet service,Month-to-month,No,Electronic check,28.5,1586.84,No
2989-JZPNZ,Female,0,No,No,30,Yes,Yes,DSL,Yes,No,No,No,No,Yes,Two year,Yes,Credit card (automatic),58.85,1770.71,No
1636-QZRMK,Female,0,Yes,Yes,55,Yes,Yes,Fiber optic,No,No,Yes,No,No,No,Month-to-month,No,Mailed check,92.7,5098.59,Yes
6716-ZHFGM,Female,0,No,No,13,Yes,No,Fiber optic,Yes,No,No,Yes,Yes,Yes,One year,Yes,Electronic check,107.24,1390.77,No
8005-DIYLG,Female,0,Yes,Yes,10,Yes,No,DSL,Yes,No,No,Yes,No,Yes,Month-to-month,Yes,Credit card (automatic),66.03,693.95,No
2345-GENSY,Male,0,Yes,No,21,No,No phone service,DSL,Yes,No,No,No,No,Yes,Month-to-month,Yes,Credit card (automatic),51.32,1067.95,No
2346-PYISU,Female,0,No,No,5,Yes,No,DSL,Yes,No,No,No,Yes,Yes,Month-to-month,Yes,Electronic check,75.63,378.02,No
9492-HKNAN,Female,0,Yes,No,55,No,No phone service,DSL,No,No,No,No,Yes,Yes,One year,Yes,Bank transfer (automatic),58.13,3196.18,No
1672-ICEKN,Female,0,Yes,Yes,39,Yes,No,No,No internet service,No internet service,No internet service,No internet service,No internet service,No internet service,Month-to-month,Yes,Electronic check,31.15,1217.52,Yes
5627-SSDQI,Male,0,Yes,Yes,19,Yes,No,Fiber optic,No,Yes,Yes,No,No,No,Two year,Yes,Bank transfer (automatic),89.37,1678.12,No
4020-SKHUA,Female,1,No,No,20,Yes,Yes,Fiber optic,Yes,Yes,No,No,No,No,Month-to-month,No,Bank transfer (automatic),83.78,1693.53,Yes
6489-VLDNA,Male,0,No,No,31,Yes,No,DSL,No,Yes,Yes,No,Yes,Yes,Month-to-month,No,Electronic check,76.58,2395.32,No
6967-CXVJV,Female,0,Yes,No,14,Yes,No,Fiber optic,Yes,No,No,No,No,Yes,Two year,No,Electronic check,94.67,1357.64,No
9126-ILMNI,Female,0,Yes,Yes,64,Yes,No,No,No internet service,No internet service,No internet service,No internet service,No internet service,No internet service,Month-to-month,Yes,Bank transfer (automatic),26.87,1714.57,No
3855-JVLYQ,Female,1,No,No,58,Yes,No,Fiber optic,No,No,Yes,No,No,Yes,Month-to-month,No,Bank transfer (automatic),90.36,5223.28,No
8632-KYDSI,Male,0,No,No,12,Yes,Yes,Fiber optic,Yes,No,Yes,Yes,No,Yes,Two year,No,Electronic check,101.69,1231.26,Yes
1207-AZOKU,Female,1,No,Yes,6,Yes,Yes,No,No internet service,No internet service,No internet service,No internet service,No internet service,No internet service,Two year,Yes,Bank transfer (automatic),28.52,142.9,No
3125-BVZRE,Male,0,Yes,Yes,12,Yes,No,DSL,No,No,Yes,Yes,No,No,Two year,No,Mailed check,58.24,680.4,Yes
3446-PDINM,Male,0,Yes,Yes,5,Yes,No,DSL,Yes,No,No,No,No,No,Two year,Yes,Mailed check,54.72,261.07,No
7770-RUMGL,Female,0,No,No,30,Yes,Yes,Fiber optic,Yes,No,Yes,Yes,No,No,Month-to-month,Yes,Electronic check,101.86,3039.42,Yes
3501-MQXGG,Female,0,No,No,32,Yes,No,No,No internet service,No internet service,No internet service,No internet service,No internet service,No internet service,Month-to-month,No,Bank transfer (automatic),22.77,739.5,No
8726-YWVLW,Male,1,No,No,64,Yes,Yes,DSL,Yes,Yes,Yes,Yes,Yes,Yes,Two year,No,Bank transfer (automatic),81.51,5227.84,No
1268-BSYUM,Female,0,Yes,No,11,Yes,No,DSL,No,No,No,No,No,No,Two year,Yes,Bank transfer (automatic),46.7,512.57,No
9420-AOBLS,Male,0,No,No,62,Yes,No,Fiber optic,No,No,No,Yes,No,Yes,Month-to-month,No,Mailed check,94.71,5880.76,No
7870-SUSFC,Female,1,No,No,16,No,No phone service,Fiber optic,No,No,No,Yes,Yes,No,Month-to-month,No,Credit card (automatic),89.33,1415.69,No
3926-KMLCF,Male,1,No,No,3,Yes,No,No,No internet service,No internet service,No internet service,No internet service,No internet service,No internet service,Month-to-month,No,Electronic check,26.46,69.95,Yes
9266-AXMMG,Female,1,Yes,Yes,3,Yes,No,No,No internet service,No internet service,No internet service,No internet service,No internet service,No internet service,Month-to-month,No,Electronic check,25.03,77.13,Yes
6979-TYYCC,Male,1,No,No,56,Yes,Yes,DSL,No,No,No,Yes,No,No,Month-to-month,No,Credit card (automatic),59.5,3351.62,No
5284-SXHJN,Female,0,Yes,No,12,Yes,No,Fiber optic,No,No,No,No,Yes,No,Month-to-month,Yes,Bank transfer (automatic),91.93,1115.02,Yes
5679-BSHAF,Female,0,No,No,6,Yes,No,Fiber optic,No,No,No,Yes,Yes,No,One year,Yes,Mailed check,92.84,524.07,No
6669-XCWBG,Female,0,Yes,No,35,Yes,Yes,No,No internet service,No internet service,No internet service,No internet service,No internet service,No internet service,Month-to-month,Yes,Mailed check,25.8,894.44,No
8168-MKUQC,Male,0,No,No,39,Yes,No,No,No internet service,No internet service,No internet service,No internet service,No internet service,No internet service,One year,Yes,Mailed check,21.83,860.13,No
4036-TPZSQ,Male,0,Yes,Yes,24,Yes,Yes,DSL,No,Yes,No,No,Yes,No,Two year,No,Mailed check,54.96,1329.97,No
4538-SJDOR,Female,0,No,Yes,15,Yes,Yes,Fiber optic,Yes,Yes,Yes,No,Yes,Yes,One year,Yes,Credit card (automatic),105.14,1596.41,Yes
3282-OTNMT,Male,0,No,No,40,Yes,No,Fiber optic,No,No,No,No,No,No,Two year,Yes,Mailed check,82.32,3285.87,No
5227-HNGEO,Female,0,No,No,25,Yes,Yes,No,No internet service,No internet service,No internet service,No internet service,No internet service,No internet service,Two year,Yes,Mailed check,24.09,586.29,No
4479-RMCON,Male,1,No,Yes,6,Yes,Yes,Fiber optic,No,No,Yes,Yes,Yes,Yes,Month-to-month,Yes,Mailed check,108.42,656.22,Yes
5896-SPDLL,Male,0,Yes,No,60,Yes,No,Fiber optic,No,Yes,No,No,No,No,Month-to-month,No,Bank transfer (automatic),87.49,5257.89,No
1621-WYZSA,Male,0,Yes,Yes,63,Yes,Yes,No,No internet service,No internet service,No internet service,No internet service,No internet service,No internet service,Month-to-month,Yes,Credit card (automatic),24.76,1587.72,No
7658-YGDBO,Male,1,Yes,Yes,2,Yes,No,DSL,No,No,No,No,No,No,Month-to-month,Yes,Electronic check,52.24,114.76,Yes
2609-JYZSC,Female,0,No,No,19,Yes,No,Fiber optic,Yes,No,No,No,No,No,One year,Yes,Mailed check,86.47,1628.25,No
9176-MLTUM,Female,1,No,No,12,Yes,No,DSL,Yes,No,No,No,Yes,Yes,Month-to-month,No,Electronic check,72.83,886.12,Yes
8153-NLRBU,Female,0,No,No,67,Yes,No,Fiber optic,No,Yes,No,Yes,No,No,Month-to-month,Yes,Electronic check,85.55,5751.12,No
3075-MFBIU,Female,0,No,No,0,Yes,Yes,Fiber optic,No,Yes,Yes,No,No,No,One year,No,Credit card (automatic),87.64,26.62,Yes
6006-GGRAK,Female,1,Yes,Yes,66,Yes,No,Fiber optic,No,Yes,Yes,Yes,Yes,No,One year,Yes,Credit card (automatic),109.12,7207.32,No
6745-UNQDD,Male,0,No,No,72,Yes,No,Fiber optic,Yes,Yes,Yes,No,No,No,Month-to-month,No,Mailed check,92.46,6640.86,No
4791-TWPJE,Male,0,Yes,No,59,Yes,No,Fiber optic,No,No,No,No,No,No,Month-to-month,Yes,Electronic check,80.66,4777.56,No
3607-FYMSM,Male,0,Yes,No,6,Yes,No,No,No internet service,No internet service,No internet service,No internet service,No internet service,No internet service,One year,Yes,Mailed check,26.48,141.25,No
9735-QRNRJ,Male,1,No,No,67,Yes,No,No,No internet service,No internet service,No internet service,No internet service,No internet service,No internet service,Month-to-month,Yes,Electronic check,22.4,1489.97,No
7188-NJFWL,Male,0,No,No,72,Yes,Yes,No,No internet service,No internet service,No internet service,No internet service,No internet service,No internet service,Month-to-month,No,Bank transfer (automatic),25.27,1813.28,No
8688-NYHPA,Female,0,No,No,29,Yes,Yes,No,No internet service,No internet service,No internet service,No internet service,No internet service,No internet service,Month-to-month,Yes,Bank transfer (automatic),25.86,751.0,No
1288-AYRXT,Female,0,Yes,No,56,Yes,Yes,No,No internet service,No internet service,No internet service,No internet service,No internet service,No internet service,Two year,Yes,Electronic check,26.68,1524.92,No
8290-NRIYR,Female,0,No,No,18,Yes,Yes,DSL,No,No,No,Yes,Yes,No,One year,Yes,Mailed check,60.16,1075.48,Yes
5435-PJPPK,Female,0,No,No,13,No,No phone service,DSL,No,Yes,No,No,No,Yes,Two year,Yes,Mailed check,55.31,750.98,No
4554-DNVGF,Male,0,No,No,7,Yes,No,Fiber optic,No,No,Yes,No,No,No,Month-to-month,No,Bank transfer (automatic),88.69,588.58,Yes
7507-BHPRE,Female,0,No,No,27,Yes,Yes,No,No internet service,No internet service,No internet service,No internet service,No internet service,No internet service,Two year,Yes,Mailed check,24.35,646.73,No
2423-EATED,Female,0,No,No,10,Yes,Yes,Fiber optic,No,Yes,No,No,No,No,Month-to-month,Yes,Bank transfer (automatic),80.11,795.02,Yes
3588-UZUWZ,Female,0,No,No,26,Yes,Yes,DSL,No,No,No,No,Yes,No,Month-to-month,Yes,Credit card (automatic),56.47,1477.39,No
6559-IVRRF,Male,1,Yes,No,24,No,No phone service,Fiber optic,No,No,No,No,No,No,One year,No,Electronic check,73.78,1770.97,No
5954-PMEFL,Female,0,Yes,Yes,7,Yes,Yes,DSL,No,No,Yes,No,No,No,Month-to-month,Yes,Electronic check,58.54,423.9,No
4462-BJZLJ,Male,0,No,No,66,Yes,Yes,Fiber optic,Yes,Yes,No,Yes,No,No,Month-to-month,No,Mailed check,93.31,6154.47,No
8369-TXTAQ,Female,0,Yes,No,63,Yes,Yes,Fiber optic,No,No,No,No,No,No,Two year,No,Electronic check,83.17,5219.81,No
9649-GEBCM,Female,0,Yes,No,26,Yes,No,No,No internet service,No internet service,No internet service,No internet service,No internet service,No internet service,Month-to-month,No,Electronic check,29.69,762.91,No
1014-IQZSK,Male,0,Yes,Yes,10,Yes,No,DSL,No,No,Yes,No,No,Yes,Month-to-month,No,Mailed check,66.57,685.0,No
4614-ALPYP,Male,0,No,No,37,Yes,Yes,DSL,No,No,Yes,No,Yes,Yes,Two year,Yes,Credit card (automatic),68.27,2546.98,No
3847-BHPUU,Female,0,Yes,Yes,7,Yes,Yes,Fiber optic,No,No,Yes,No,Yes,Yes,One year,Yes,Mailed check,101.86,726.02,No
2090-LZUUY,Female,1,Yes,No,7,Yes,No,DSL,Yes,No,Yes,No,Yes,No,Two year,No,Electronic check,73.55,529.43,No
5492-PZMFP,Female,0,No,No,18,Yes,No,No,No internet service,No internet service,No internet service,No internet service,No internet service,No internet service,Month-to-month,No,Bank transfer (automatic),25.64,426.54,Yes
2026-BORZU,Male,0,Yes,No,66,Yes,Yes,No,No internet service,No internet service,No internet service,No internet service,No internet service,No internet service,Month-to-month,No,Credit card (automatic),32.57,2131.18,No
4416-NCLMA,Female,0,Yes,No,33,Yes,No,No,No internet service,No internet service,No internet service,No internet service,No internet service,No internet service,One year,No,Electronic check,25.82,807.36,No
9932-UHSJD,Male,0,No,No,63,Yes,No,DSL,No,Yes,No,Yes,Yes,No,Month-to-month,No,Electronic check,72.03,4550.03,No
1864-XZIIF,Female,0,No,No,57,Yes,Yes,Fiber optic,No,Yes,No,No,Yes,No,Two year,No,Credit card (automatic),91.16,5208.04,No
4725-ENMYF,Male,0,No,No,1,Yes,Yes,Fiber optic,No,No,No,No,No,Yes,Month-to-month,Yes,Bank transfer (automatic),88.27,60.57,Yes
7465-GAACE,Female,0,No,No,72,Yes,Yes,DSL,No,No,Yes,Yes,Yes,No,Two year,No,Mailed check,65.98,4734.58,No
1567-NJVBH,Female,1,Yes,Yes,8,Yes,Yes,No,No internet service,No internet service,No internet service,No internet service,No internet service,No internet service,Month-to-month,Yes,Electronic check,24.85,220.4,No
2781-TGTEO,Male,0,Yes,Yes,27,Yes,No,Fiber optic,Yes,No,No,No,Yes,No,Month-to-month,No,Mailed check,96.39,2595.96,No
9312-ILTVQ,Female,0,No,No,27,Yes,No,Fiber optic,No,No,No,No,Yes,Yes,Month-to-month,No,Electronic check,97.36,2644.23,Yes
1386-QJCSB,Male,0,No,No,10,Yes,Yes,Fiber optic,No,No,No,No,Yes,Yes,Two year,Yes,Mailed check,91.44,886.51,No
6028-AODLC,Male,0,No,No,13,Yes,Yes,Fiber optic,Yes,No,No,Yes,No,Yes,Two year,Yes,Bank transfer (automatic),97.61,1292.79,No
9669-RRAUT,Male,0,No,No,68,Yes,No,DSL,No,No,No,No,No,Yes,Two year,No,Mailed check,58.85,3997.77,No
7202-EVHVB,Male,0,Yes,Yes,71,Yes,No,DSL,No,Yes,No,No,Yes,Yes,Month-to-month,Yes,Credit card (automatic),68.89,4875.13,No
5048-ICPHB,Female,0,No,No,72,Yes,Yes,DSL,No,Yes,No,No,Yes,No,One year,No,Electronic check,57.68,4167.32,No
5188-XWZPM,Female,1,No,Yes,5,Yes,No,Fiber optic,Yes,No,Yes,No,Yes,No,One year,No,Credit card (automatic),100.45,508.16,Yes
3846-YJBZS,Female,1,Yes,No,45,Yes,No,Fiber optic,Yes,No,No,No,Yes,No,Month-to-month,No,Credit card (automatic),91.43,4151.81,No
1436-KYQEO,Male,0,Yes,No,55,Yes,No,DSL,No,No,Yes,No,No,Yes,Month-to-month,Yes,Electronic check,67.29,3716.6,No
5150-JIMOQ,Female,0,Yes,Yes,45,Yes,No,DSL,No,No,Yes,Yes,No,No,Month-to-month,Yes,Credit card (automatic),54.02,2448.09,No
9783-WNLBJ,Male,1,No,No,22,No,No phone service,DSL,Yes,No,Yes,Yes,No,Yes,One year,Yes,Credit card (automatic),65.87,1446.67,No
2317-DBUCT,Female,1,Yes,No,60,Yes,No,DSL,Yes,No,Yes,No,No,No,One year,No,Mailed check,58.52,3518.27,No
6932-CUCQB,Male,0,No,Yes,3,Yes,No,DSL,No,No,Yes,No,Yes,Yes,Month-to-month,Yes,Credit card (automatic),73.02,245.41,No
8207-INCWD,Female,0,Yes,Yes,8,Yes,No,Fiber optic,No,No,No,No,No,No,One year,No,Mailed check,80.94,652.26,No
5405-YYNQY,Male,0,Yes,No,22,Yes,No,Fiber optic,Yes,No,No,Yes,No,No,Two year,Yes,Credit card (automatic),92.8,2059.53,Yes
3973-DDRAE,Female,0,No,No,6,Yes,Yes,No,No internet service,No internet service,No internet service,No internet service,No internet service,No internet service,Month-to-month,Yes,Credit card (automatic),27.09,142.84,Yes
9129-ONWAI,Male,0,Yes,Yes,16,Yes,No,Fiber optic,Yes,No,Yes,No,Yes,Yes,One year,Yes,Bank transfer (automatic),101.91,1650.88,No
9053-NHJHH,Male,1,Yes,No,19,Yes,No,No,No internet service,No internet service,No internet service,No internet service,No internet service,No internet service,One year,Yes,Bank transfer (automatic),24.6,443.85,No
3761-ACDRL,Male,0,Yes,No,23,Yes,No,No,No internet service,No internet service,No internet service,No internet service,No internet service,No internet service,Two year,Yes,Mailed check,23.34,510.28,No
2237-PJMCE,Male,1,No,No,24,Yes,No,Fiber optic,Yes,Yes,Yes,No,Yes,No,Month-to-month,No,Credit card (automatic),95.73,2301.58,Yes
3584-NPZLI,Male,1,No,No,41,Yes,No,Fiber optic,Yes,No,Yes,No,No,Yes,One year,Yes,Electronic check,95.04,3895.06,Yes
9519-NEBEB,Female,0,Yes,No,66,Yes,No,Fiber optic,No,Yes,No,No,Yes,No,Month-to-month,Yes,Electronic check,91.49,6026.95,Yes
5566-FAWYI,Male,0,No,No,24,No,No phone service,No,No internet service,No internet service,No internet service,No internet service,No internet service,No internet service,Two year,No,Electronic check,19.15,447.74,No
2789-VIWSN,Female,0,Yes,No,19,Yes,No,Fiber optic,Yes,Yes,Yes,No,Yes,No,Month-to-month,Yes,Electronic check,100.22,1918.79,Yes
7637-OUSRB,Male,0,No,No,38,Yes,No,Fiber optic,No,No,No,Yes,Yes,No,Month-to-month,Yes,Bank transfer (automatic),89.4,3364.92,Yes
8529-WDXQA,Female,0,Yes,No,5,Yes,Yes,DSL,Yes,No,No,No,No,No,Month-to-month,No,Credit card (automatic),50.57,255.84,No
5085-DPTNW,Female,0,Yes,Yes,20,No,No phone service,Fiber optic,Yes,No,No,No,Yes,No,Month-to-month,Yes,Electronic check,92.67,1838.91,No
5510-YDDCM,Male,1,Yes,Yes,72,Yes,Yes,No,No internet service,No internet service,No internet service,No internet service,No internet service,No internet service,One year,No,Mailed check,18.25,1312.08,No
2719-HJILS,Male,0,Yes,Yes,22,Yes,No,DSL,No,No,No,No,Yes,No,Month-to-month,Yes,Mailed check,57.45,1267.22,Yes
1189-CPZQG,Male,0,Yes,Yes,21,Yes,No,Fiber optic,No,No,No,Yes,Yes,No,Two year,Yes,Bank transfer (automatic),91.09,1913.31,No
3229-XHPES,Male,0,Yes,Yes,17,Yes,Yes,DSL,Yes,No,No,No,No,No,Month-to-month,Yes,Mailed check,53.73,943.4,No
2429-TWQHS,Female,0,No,No,14,Yes,No,Fiber optic,Yes,No,Yes,No,No,No,Month-to-month,Yes,Credit card (automatic),93.48,1340.58,No
9670-KCZQX,Female,0,Yes,No,58,Yes,Yes,Fiber optic,No,Yes,Yes,No,Yes,No,Two year,Yes,Electronic check,102.26,5962.13,No
1423-XJCXJ,Female,0,Yes,No,63,Yes,No,DSL,No,No,Yes,Yes,No,No,Month-to-month,Yes,Electronic check,59.8,3747.18,No
2450-PUTVJ,Female,0,No,No,9,Yes,No,Fiber optic,No,No,Yes,Yes,Yes,No,Month-to-month,No,Bank transfer (automatic),99.92,854.13,No
4042-GEABQ,Male,0,No,No,72,Yes,Yes,Fiber optic,No,No,No,No,No,No,Month-to-month,No,Credit card (automatic),79.74,5749.48,No
3691-JMQXS,Female,0,No,No,55,Yes,Yes,No,No internet service,No internet service,No internet service,No internet service,No internet service,No internet service,Month-to-month,Yes,Credit card (automatic),22.19,1214.8,No
8611-WDPIL,Female,0,Yes,No,72,Yes,No,Fiber optic,Yes,Yes,No,No,No,No,Month-to-month,No,Bank transfer (automatic),85.87,6184.03,No
6131-NTQCF,Female,1,No,No,41,Yes,Yes,No,No internet service,No internet service,No internet service,No internet service,No internet service,No internet service,Month-to-month,No,Electronic check,25.83,1043.24,No
6989-PFNPM,Female,0,No,No,6,Yes,No,Fiber optic,Yes,Yes,Yes,Yes,No,Yes,Month-to-month,Yes,Electronic check,100.88,617.74,No
1103-LWHJW,Female,1,No,No,42,Yes,No,Fiber optic,No,No,No,No,No,No,One year,No,Mailed check,80.7,3415.5,No
2906-WWIQP,Female,0,Yes,Yes,70,Yes,No,DSL,No,No,No,No,No,Yes,Month-to-month,No,Bank transfer (automatic),60.04,4198.2,No
7550-AYGYN,Female,0,Yes,No,60,Yes,Yes,No,No internet service,No internet service,No internet service,No internet service,No internet service,No internet service,Two year,Yes,Bank transfer (automatic),26.1,1575.74,No
7196-GJHCC,Male,0,No,No,71,Yes,Yes,DSL,Yes,No,No,No,Yes,No,Two year,Yes,Bank transfer (automatic),61.4,4362.03,No
2946-VYWKR,Male,0,Yes,No,3,Yes,No,No,No internet service,No internet service,No internet service,No internet service,No internet service,No internet service,Two year,Yes,Bank transfer (automatic),25.36,61.41,No
7258-KRVHQ,Male,0,No,No,26,Yes,Yes,Fiber optic,No,No,No,Yes,No,No,Month-to-month,No,Mailed check,84.94,2210.54,No
6847-MFMXD,Male,0,No,Yes,2,Yes,No,Fiber optic,No,No,Yes,No,No,Yes,Two year,Yes,Bank transfer (automatic),103.05,216.48,No
4392-KYTKE,Male,0,Yes,Yes,2,Yes,Yes,DSL,No,Yes,No,No,Yes,No,One year,Yes,Electronic check,64.18,161.22,No
4549-RAATQ,Female,0,Yes,Yes,72,Yes,No,No,No internet service,No internet service,No internet service,No internet service,No internet service,No internet service,Two year,No,Mailed check,24.86,1794.16,No
9952-CZRTU,Male,0,Yes,No,72,Yes,Yes,DSL,No,Yes,Yes,No,Yes,No,One year,Yes,Electronic check,69.81,5027.6,No
3441-VWKCT,Male,0,Yes,No,16,Yes,No,DSL,No,Yes,No,No,Yes,Yes,Month-to-month,Yes,Electronic check,71.84,1116.72,Yes
4659-PIJCA,Female,0,Yes,Yes,8,Yes,No,Fiber optic,Yes,Yes,Yes,No,Yes,No,Month-to-month,Yes,Mailed check,104.21,853.44,Yes
6988-DBIJO,Male,1,Yes,No,70,Yes,No,No,No internet service,No internet service,No internet service,No internet service,No internet service,No internet service,Month-to-month,Yes,Electronic check,25.77,1823.88,No
1496-HHGVB,Female,0,Yes,No,3,Yes,No,Fiber optic,No,No,Yes,No,Yes,No,One year,No,Credit card (automatic),88.93,251.1,Yes
5413-DQCFN,Male,1,No,No,23,No,No phone service,No,No internet service,No internet service,No internet service,No internet service,No internet service,No internet service,Month-to-month,No,Electronic check,24.37,536.89,No
6113-IMQJX,Female,0,No,No,53,No,No phone service,DSL,No,No,No,No,Yes,Yes,Two year,Yes,Electronic check,62.96,3352.83,No
1055-BWGER,Female,0,No,No,5,Yes,Yes,Fiber optic,No,Yes,No,No,No,Yes,Two year,Yes,Bank transfer (automatic),92.06,493.01,Yes
3087-EUKSQ,Female,0,Yes,No,19,Yes,Yes,No,No internet service,No internet service,No internet service,No internet service,No internet service,No internet service,One year,No,Mailed check,27.64,523.79,No
7025-JVOSN,Female,0,No,No,20,Yes,No,Fiber optic,Yes,Yes,No,No,No,No,Month-to-month,Yes,Credit card (automatic),86.35,1695.85,Yes
7538-ZTXLO,Female,0,No,No,8,Yes,No,No,No internet service,No internet service,No internet service,No internet service,No internet service,No internet service,One year,Yes,Credit card (automatic),26.54,198.12,Yes
6379-NILFO,Male,0,No,No,17,Yes,No,DSL,No,Yes,Yes,Yes,No,Yes,One year,No,Electronic check,76.07,1303.42,No
1154-GNRKS,Male,0,Yes,No,48,Yes,Yes,DSL,No,Yes,No,No,No,Yes,Two year,Yes,Credit card (automatic),67.13,3199.08,No
3988-WJFDL,Female,0,No,No,41,Yes,No,Fiber optic,No,No,No,No,No,No,Month-to-month,No,Credit card (automatic),82.86,3424.85,No
3665-SYRCX,Female,0,No,No,11,Yes,Yes,DSL,Yes,Yes,No,Yes,No,No,One year,Yes,Electronic check,57.71,621.2,Yes
7727-HDKGG,Male,0,Yes,Yes,4,Yes,Yes,Fiber optic,No,No,No,Yes,No,No,Month-to-month,No,Bank transfer (automatic),83.29,329.31,No
6705-ZSBWF,Male,0,No,No,52,Yes,No,Fiber optic,Yes,Yes,No,Yes,Yes,Yes,One year,No,Bank transfer (automatic),108.77,5650.4,No
1207-HJWYE,Male,0,Yes,Yes,10,Yes,No,DSL,No,Yes,Yes,Yes,Yes,No,Month-to-month,Yes,Credit card (automatic),75.47,749.52,Yes
9423-DEBWM,Female,0,No,No,3,Yes,No,Fiber optic,No,No,Yes,No,No,Yes,Two year,Yes,Electronic check,96.23,338.69,No
8448-MQPDF,Male,0,Yes,Yes,57,Yes,No,DSL,No,No,No,No,No,Yes,Month-to-month,Yes,Mailed check,56.79,3195.82,No
6095-GODNU,Male,0,No,No,28,Yes,No,DSL,No,No,No,No,No,No,One year,No,Mailed check,54.23,1537.13,No
9173-QYGWG,Female,0,Yes,Yes,26,Yes,Yes,Fiber optic,Yes,No,No,No,No,No,One year,Yes,Electronic check,87.88,2273.99,No
7062-SGCSS,Male,0,No,No,18,Yes,No,No,No internet service,No internet service,No internet service,No internet service,No internet service,No internet service,Month-to-month,No,Electronic check,30.85,562.33,No
3336-NFJTS,Female,0,Yes,Yes,15,Yes,Yes,No,No internet service,No internet service,No internet service,No internet service,No internet service,No internet service,Month-to-month,No,Electronic check,27.08,398.33,No
4185-MUNDP,Male,0,Yes,No,30,Yes,Yes,Fiber optic,No,Yes,Yes,No,No,No,Month-to-month,Yes,Mailed check,87.92,2599.66,No
4647-NGIUI,Male,0,Yes,No,35,Yes,No,Fiber optic,Yes,No,No,No,No,No,One year,Yes,Bank transfer (automatic),81.0,2853.79,No
1996-OVRQJ,Female,0,Yes,Yes,11,Yes,Yes,DSL,Yes,Yes,No,No,No,Yes,Two year,Yes,Credit card (automatic),62.75,698.6,No
4512-XTHAB,Female,0,No,No,36,Yes,Yes,Fiber optic,Yes,Yes,No,No,Yes,No,Two year,No,Electronic check,98.05,3527.99,No
7789-PWWNX,Female,1,Yes,Yes,29,No,No phone service,Fiber optic,Yes,No,No,No,No,No,One year,Yes,Electronic check,83.59,2438.38,No
8141-FJWKZ,Female,0,No,No,2,Yes,Yes,DSL,Yes,No,Yes,Yes,Yes,No,Month-to-month,Yes,Credit card (automatic),69.47,114.74,No
1433-BHCMX,Female,1,Yes,Yes,54,Yes,Yes,DSL,No,Yes,No,No,Yes,Yes,One year,Yes,Electronic check,71.9,3877.93,No
7342-KFUWW,Male,0,Yes,No,10,Yes,No,DSL,No,No,No,No,No,Yes,Month-to-month,Yes,Mailed check,55.33,573.73,No
8837-QAPXL,Male,0,Yes,Yes,34,Yes,Yes,Fiber optic,No,No,No,Yes,No,No,One year,Yes,Electronic check,83.03,2837.35,No
4779-FBYVR,Female,0,No,No,41,Yes,No,Fiber optic,No,No,No,No,No,Yes,One year,Yes,Credit card (automatic),86.36,3562.82,No
5109-ACEIC,Female,1,No,No,10,Yes,No,Fiber optic,No,Yes,No,Yes,No,No,Two year,Yes,Electronic check,86.34,858.89,No
5998-WBUHU,Female,1,No,No,4,Yes,Yes,Fiber optic,No,No,No,Yes,No,No,Month-to-month,Yes,Electronic check,81.69,310.05,Yes
5261-VNXPK,Male,0,Yes,No,47,Yes,Yes,DSL,No,Yes,No,No,Yes,No,Month-to-month,No,Mailed check,62.84,2903.48,No
3988-RREDG,Male,0,Yes,Yes,6,Yes,No,DSL,No,No,No,No,No,No,Month-to-month,Yes,Bank transfer (automatic),52.38,358.84,Yes
3422-MEJUJ,Male,0,No,No,59,Yes,Yes,DSL,Yes,Yes,Yes,No,No,No,Month-to-month,Yes,Bank transfer (automatic),63.35,3759.07,No
6763-XFRZS,Female,0,Yes,No,34,Yes,Yes,No,No internet service,No internet service,No internet service,No internet service,No internet service,No internet service,Two year,Yes,Mailed check,25.28,842.94,No
6326-JQFCW,Male,0,Yes,No,9,Yes,No,DSL,Yes,No,No,No,No,Yes,Month-to-month,Yes,Electronic check,60.66,525.75,No
5828-DTCUN,Male,0,No,No,56,No,No phone service,No,No internet service,No internet service,No internet service,No internet service,No internet service,No internet service,Month-to-month,Yes,Mailed check,18.25,1025.15,No
5651-QAMPG,Female,1,No,No,15,Yes,No,Fiber optic,Yes,Yes,No,Yes,No,Yes,Month-to-month,Yes,Credit card (automatic),99.89,1513.18,No
6616-HEMUI,Female,0,Yes,No,8,Yes,No,DSL,Yes,No,No,No,No,Yes,Two year,Yes,Electronic check,65.68,516.34,No
4939-WHARC,Male,0,Yes,Yes,13,Yes,Yes,No,No internet service,No internet service,No internet service,No internet service,No internet service,No internet service,Month-to-month,No,Credit card (automatic),25.03,354.95,Yes
3598-KSWSK,Female,0,No,No,13,Yes,No,No,No internet service,No internet service,No internet service,No internet service,No internet service,No internet service,Month-to-month,No,Credit card (automatic),29.44,387.17,Yes
2718-JHVON,Male,1,Yes,No,65,Yes,Yes,No,No internet service,No internet service,No internet service,No internet service,No internet service,No internet service,Month-to-month,No,Electronic check,24.51,1584.51,No
3173-VQMXR,Male,0,No,No,21,Yes,No,No,No internet service,No internet service,No internet service,No internet service,No internet service,No internet service,One year,No,Electronic check,21.64,467.58,No
6593-JEZHP,Female,0,Yes,No,15,Yes,No,Fiber optic,No,No,No,No,No,No,Month-to-month,Yes,Credit card (automatic),79.96,1190.11,Yes
5000-XVBOY,Female,0,Yes,Yes,21,Yes,Yes,DSL,Yes,Yes,No,No,Yes,Yes,Month-to-month,No,Credit card (automatic),76.3,1594.85,Yes
6170-KMMUI,Male,0,No,No,17,Yes,Yes,Fiber optic,No,No,Yes,No,No,Yes,Two year,Yes,Bank transfer (automatic),83.49,1383.89,No
9645-XCXSW,Female,0,Yes,No,7,Yes,No,DSL,No,Yes,Yes,Yes,No,Yes,Month-to-month,Yes,Mailed check,77.96,532.29,No
4194-WJGSA,Male,0,No,No,33,Yes,No,No,No internet service,No internet service,No internet service,No internet service,No internet service,No internet service,Month-to-month,Yes,Mailed check,28.0,950.43,No
3157-MOGZJ,Female,0,No,No,67,Yes,No,DSL,No,Yes,No,Yes,Yes,No,Two year,Yes,Mailed check,67.96,4526.06,No
5081-FJUXK,Male,1,No,No,15,Yes,Yes,No,No internet service,No internet service,No internet service,No internet service,No internet service,No internet service,Month-to-month,Yes,Electronic check,22.07,314.85,No
7734-PEGKN,Male,0,No,No,71,Yes,Yes,DSL,No,No,No,No,No,Yes,Month-to-month,No,Mailed check,62.83,4462.12,No
1407-QPUBE,Female,1,No,No,18,Yes,No,No,No internet service,No internet service,No internet service,No internet service,No internet service,No internet service,Month-to-month,Yes,Credit card (automatic),22.98,416.87,No
6458-EPJRS,Male,0,Yes,Yes,15,Yes,No,DSL,No,No,Yes,Yes,Yes,Yes,Month-to-month,Yes,Mailed check,75.07,1147.0,No
4972-XCKAY,Female,0,No,No,39,Yes,Yes,Fiber optic,Yes,Yes,No,No,No,No,One year,No,Electronic check,93.44,3643.69,No
6973-JHYFU,Female,0,Yes,Yes,46,Yes,Yes,No,No internet service,No internet service,No internet service,No internet service,No internet service,No internet service,Month-to-month,No,Credit card (automatic),26.66,1199.69,No
9461-LDFZE,Male,0,No,Yes,56,Yes,Yes,No,No internet service,No internet service,No internet service,No internet service,No internet service,No internet service,Month-to-month,Yes,Bank transfer (automatic),26.63,1488.82,No
2117-XROAA,Female,0,No,No,7,Yes,No,Fiber optic,No,Yes,No,Yes,Yes,No,Month-to-month,No,Mailed check,92.04,631.48,Yes
5943-PBAEO,Male,1,Yes,No,46,Yes,Yes,Fiber optic,No,Yes,No,No,No,No,Two year,No,Credit card (automatic),84.26,3873.2,No
1812-ESNWI,Male,0,Yes,No,18,Yes,Yes,Fiber optic,Yes,No,No,No,Yes,No,Month-to-month,No,Mailed check,92.2,1663.32,No
9859-KTSSZ,Male,0,Yes,No,15,Yes,Yes,DSL,No,Yes,No,No,No,Yes,Month-to-month,No,Bank transfer (automatic),62.79,932.94,Yes
1697-QLTSM,Female,0,No,No,20,Yes,No,DSL,No,No,No,No,No,No,Month-to-month,No,Mailed check,56.1,1137.36,No
5932-NXUED,Male,0,No,No,41,Yes,No,Fiber optic,Yes,No,No,No,Yes,No,Two year,No,Electronic check,94.93,3915.1,No
1111-MODOD,Male,0,No,No,17,Yes,No,Fiber optic,Yes,No,No,Yes,No,No,Month-to-month,Yes,Bank transfer (automatic),83.75,1421.49,No
3471-AVSXP,Male,1,Yes,No,67,Yes,No,Fiber optic,Yes,No,Yes,Yes,Yes,No,Two year,Yes,Bank transfer (automatic),103.22,6919.1,No
1533-LKVWM,Female,0,No,No,11,Yes,Yes,DSL,No,No,No,No,Yes,No,One year,No,Mailed check,54.39,580.35,No
9762-FJBHP,Female,0,Yes,Yes,4,Yes,No,No,No internet service,No internet service,No internet service,No internet service,No internet service,No internet service,Month-to-month,No,Credit card (automatic),32.81,106.03,Yes
8276-XOSNW,Female,0,No,No,68,Yes,No,DSL,Yes,Yes,No,No,Yes,No,Month-to-month,Yes,Electronic check,62.76,4256.34,No
1339-JTTWM,Male,0,No,No,25,Yes,Yes,Fiber optic,No,No,No,No,Yes,No,Month-to-month,No,Bank transfer (automatic),81.4,2031.44,Yes
4261-KAOAQ,Male,0,No,No,41,Yes,Yes,DSL,No,No,No,No,Yes,Yes,Month-to-month,Yes,Credit card (automatic),68.92,2819.99,No
2431-AFHDW,Female,0,Yes,Yes,12,Yes,No,Fiber optic,Yes,No,No,Yes,No,No,Month-to-month,Yes,Mailed check,92.37,1133.86,Yes
3895-EOVHI,Female,1,No,Yes,2,Yes,No,No,No internet service,No internet service,No internet service,No internet service,No internet service,No internet service,Month-to-month,Yes,Electronic check,27.35,80.04,Yes
1919-ENXJG,Female,1,No,No,2,No,No phone service,Fiber optic,No,No,Yes,No,Yes,Yes,Month-to-month,Yes,Electronic check,96.12,168.11,Yes
4419-VKPNA,Female,0,No,No,69,Yes,No,No,No internet service,No internet service,No internet service,No internet service,No internet service,No internet service,One year,Yes,Mailed check,21.53,1500.15,No
4051-DIKHZ,Female,0,Yes,Yes,15,Yes,Yes,Fiber optic,Yes,No,Yes,Yes,Yes,Yes,Month-to-month,No,Electronic check,108.63,1631.25,Yes
1762-WVOUD,Male,0,Yes,No,68,Yes,No,DSL,No,Yes,No,No,No,Yes,Two year,Yes,Bank transfer (automatic),57.71,3974.28,No
6802-FUCFZ,Female,0,No,No,20,Yes,Yes,Fiber optic,No,No,No,No,No,No,Two year,Yes,Credit card (automatic),79.26,1587.68,Yes
8054-ICRWN,Female,0,Yes,No,13,Yes,No,Fiber optic,No,No,No,No,Yes,No,Month-to-month,Yes,Mailed check,91.81,1196.86,No
4094-JHGMX,Female,0,No,No,15,Yes,Yes,DSL,Yes,No,Yes,Yes,Yes,Yes,Month-to-month,Yes,Mailed check,73.6,1076.69,Yes
8600-VDSRA,Female,0,No,Yes,11,Yes,Yes,No,No internet service,No internet service,No internet service,No internet service,No internet service,No internet service,Two year,Yes,Mailed check,18.25,183.93,No
5256-DAWFX,Male,0,Yes,Yes,47,Yes,Yes,Fiber optic,No,Yes,No,Yes,Yes,Yes,Month-to-month,No,Credit card (automatic),99.54,4686.04,No
3128-OBBNR,Male,0,No,No,24,Yes,Yes,Fiber optic,No,Yes,No,No,Yes,Yes,Month-to-month,Yes,Mailed check,101.28,2422.38,Yes
2449-GYIQL,Male,1,Yes,Yes,58,Yes,Yes,No,No internet service,No internet service,No internet service,No internet service,No internet service,No internet service,Two year,Yes,Mailed check,22.44,1292.84,No
7700-DLQAN,Male,0,Yes,No,56,Yes,No,DSL,Yes,Yes,No,Yes,No,Yes,Month-to-month,No,Bank transfer (automatic),74.37,4124.32,No
6340-WHWFK,Male,0,No,No,11,Yes,No,DSL,No,Yes,No,No,Yes,Yes,One year,No,Electronic check,71.44,761.09,No
4975-HRKLA,Female,1,Yes,No,58,Yes,Yes,Fiber optic,No,No,No,No,No,No,One year,Yes,Electronic check,81.68,4741.51,No
8215-QIAGH,Female,0,No,No,69,No,No phone service,Fiber optic,No,No,Yes,No,No,No,Month-to-month,Yes,Credit card (automatic),81.86,5643.22,No
3229-PABFO,Female,0,No,No,21,Yes,No,No,No internet service,No internet service,No internet service,No internet service,No internet service,No internet service,Two year,Yes,Credit card (automatic),29.54,628.14,No
6831-RZKSY,Male,0,No,No,28,Yes,Yes,DSL,No,No,No,No,No,No,One year,No,Mailed check,53.93,1519.46,No
8690-PGYQE,Female,0,Yes,Yes,6,No,No phone service,Fiber optic,No,No,No,Yes,No,Yes,Two year,Yes,Electronic check,88.64,547.84,No
6666-SYNWP,Female,1,Yes,No,41,Yes,No,DSL,No,Yes,No,Yes,Yes,Yes,Month-to-month,No,Bank transfer (automatic),74.02,3046.73,No
4327-ZIJLH,Female,0,No,No,11,Yes,No,No,No internet service,No internet service,No internet service,No internet service,No internet service,No internet service,Month-to-month,Yes,Electronic check,28.11,306.59,No
2948-ATIHJ,Male,0,Yes,Yes,5,Yes,No,No,No internet service,No internet service,No internet service,No internet service,No internet service,No internet service,Month-to-month,Yes,Mailed check,21.28,89.03,No
2145-DRUUY,Male,0,No,No,10,Yes,No,Fiber optic,No,No,Yes,Yes,Yes,No,Month-to-month,Yes,Bank transfer (automatic),99.27,1020.36,Yes
8196-LXZZK,Female,0,Yes,No,54,Yes,Yes,Fiber optic,Yes,Yes,Yes,Yes,Yes,No,One year,No,Bank transfer (automatic),104.36,5649.86,No
7026-FVWXA,Male,0,No,Yes,58,Yes,No,DSL,Yes,Yes,No,No,No,No,Two year,Yes,Mailed check,64.47,3695.81,No
9610-IBRZM,Female,0,No,No,18,Yes,No,Fiber optic,Yes,No,No,No,No,No,Month-to-month,Yes,Mailed check,88.05,1600.41,Yes
1683-FSDSP,Female,0,Yes,No,21,Yes,No,Fiber optic,No,No,Yes,No,Yes,No,Two year,Yes,Electronic check,95.75,2000.47,No
3704-UXIFT,Female,0,Yes,No,51,Yes,Yes,DSL,No,Yes,No,No,Yes,Yes,Month-to-month,No,Electronic check,68.79,3521.98,No
3176-RDVPE,Male,0,Yes,Yes,55,Yes,No,No,No internet service,No internet service,No internet service,No internet service,No internet service,No internet service,Month-to-month,Yes,Credit card (automatic),19.56,1053.1,No
4980-HFIUG,Female,0,Yes,Yes,12,Yes,Yes,Fiber optic,No,No,Yes,No,No,No,Month-to-month,Yes,Credit card (automatic),91.4,1115.04,Yes
8381-OFUDM,Female,0,No,No,36,Yes,No,No,No internet service,No internet service,No internet service,No internet service,No internet service,No internet service,One year,Yes,Mailed check,24.48,874.53,No
8145-SFSVJ,Male,0,Yes,Yes,13,Yes,Yes,Fiber optic,Yes,No,No,Yes,Yes,No,One year,Yes,Bank transfer (automatic),100.01,1284.36,No
3676-LZKZI,Male,0,No,No,7,Yes,Yes,No,No internet service,No internet service,No internet service,No internet service,No internet service,No internet service,One year,Yes,Electronic check,25.13,156.18,No
6637-AAAYO,Male,1,No,No,8,Yes,Yes,No,No internet service,No internet service,No internet service,No internet service,No internet service,No internet service,Month-to-month,Yes,Electronic check,20.85,147.71,No
9597-WWOYF,Male,0,No,No,13,Yes,Yes,Fiber optic,No,No,No,Yes,No,Yes,Month-to-month,Yes,Credit card (automatic),89.1,1169.34,Yes
2151-CUTJM,Female,0,No,No,7,Yes,No,No,No internet service,No internet service,No internet service,No internet service,No internet service,No internet service,Month-to-month,No,Credit card (automatic),22.59,195.17,No
2163-ZFHMW,Female,0,No,No,3,Yes,No,Fiber optic,No,No,No,Yes,Yes,No,Two year,No,Mailed check,94.3,290.87,No
3747-VRGNX,Male,1,Yes,No,15,Yes,Yes,DSL,No,No,No,Yes,No,No,Month-to-month,No,Mailed check,58.97,874.76,Yes
7845-ZUUXU,Male,0,No,Yes,18,Yes,Yes,Fiber optic,No,No,No,Yes,No,No,Two year,Yes,Mailed check,86.74,1550.68,No
3601-TBZUD,Female,0,Yes,Yes,59,Yes,Yes,No,No internet service,No internet service,No internet service,No internet service,No internet service,No internet service,Month-to-month,No,Mailed check,27.12,1638.11,No
5811-UDQOI,Female,0,Yes,No,67,Yes,No,No,No internet service,No internet service,No internet service,No internet service,No internet service,No internet service,Two year,Yes,Electronic check,22.71,1504.15,No
2920-IHWEL,Male,0,No,No,64,Yes,Yes,Fiber optic,No,Yes,No,No,No,No,Two year,No,Bank transfer (automatic),84.25,5368.43,No
6413-IYUYF,Male,0,Yes,Yes,70,Yes,No,No,No internet service,No internet service,No internet service,No internet service,No internet service,No internet service,Month-to-month,Yes,Mailed check,25.67,1830.53,No
2754-BBRMR,Male,0,Yes,Yes,72,Yes,Yes,Fiber optic,No,Yes,Yes,Yes,No,Yes,Month-to-month,No,Credit card (automatic),104.21,7477.19,No
6185-GNOLF,Female,0,No,No,4,Yes,No,Fiber optic,No,No,Yes,No,No,No,Month-to-month,Yes,Mailed check,83.9,341.24,Yes
5588-YLAED,Male,0,No,No,23,Yes,No,DSL,No,No,No,Yes,No,No,One year,Yes,Electronic check,53.03,1199.97,No
2345-QFQTV,Male,0,No,No,58,Yes,No,No,No internet service,No internet service,No internet service,No internet service,No internet service,No internet service,Two year,Yes,Electronic check,26.09,1507.37,No
2687-KRJOG,Male,0,Yes,No,72,No,No phone service,DSL,No,No,No,No,Yes,No,One year,Yes,Mailed check,48.97,3486.63,No
7733-BSFTZ,Female,0,Yes,Yes,19,Yes,No,DSL,Yes,No,Yes,No,Yes,No,Month-to-month,No,Electronic check,65.07,1229.43,No
8982-PFNTB,Male,1,Yes,Yes,27,Yes,Yes,Fiber optic,Yes,Yes,No,No,Yes,Yes,Two year,No,Mailed check,110.41,2973.19,No
4757-MPSQM,Female,0,No,No,14,Yes,Yes,No,No internet service,No internet service,No internet service,No internet service,No internet service,No internet service,Month-to-month,Yes,Bank transfer (automatic),26.0,406.15,No
6480-VTSAS,Male,0,Yes,No,28,Yes,No,No,No internet service,No internet service,No internet service,No internet service,No internet service,No internet service,Month-to-month,No,Mailed check,21.37,591.79,No
7734-GJSUN,Male,0,Yes,No,14,Yes,Yes,Fiber optic,No,Yes,Yes,Yes,No,No,Month-to-month,Yes,Credit card (automatic),93.64,1305.52,No
9943-LMLNE,Female,0,No,No,17,Yes,Yes,Fiber optic,No,No,No,No,Yes,No,One year,Yes,Electronic check,88.92,1512.5,Yes
4576-VXQNE,Female,0,No,No,68,Yes,Yes,DSL,No,No,No,Yes,No,Yes,One year,Yes,Electronic check,63.59,4358.59,No
4352-PNSAA,Male,0,No,No,55,Yes,No,Fiber optic,Yes,No,No,No,No,No,Two year,No,Electronic check,86.13,4771.64,No
4667-DRUMN,Male,0,No,Yes,2,Yes,No,Fiber optic,No,No,No,No,Yes,No,Month-to-month,Yes,Electronic check,89.57,216.48,Yes
8719-BBQFD,Male,1,Yes,No,63,Yes,No,Fiber optic,Yes,No,Yes,Yes,Yes,Yes,Month-to-month,Yes,Electronic check,105.81,6673.52,No
1151-BHCFP,Female,0,No,No,32,Yes,Yes,Fiber optic,No,No,No,No,Yes,No,Month-to-month,Yes,Electronic check,84.02,2708.38,Yes
5276-JWDFN,Male,0,No,No,66,Yes,No,Fiber optic,No,Yes,No,No,No,No,Month-to-month,Yes,Credit card (automatic),86.77,5730.55,No
9570-MABEI,Male,1,Yes,No,38,Yes,No,DSL,No,Yes,No,Yes,No,No,Month-to-month,Yes,Credit card (automatic),56.18,2174.14,No
5023-AZFZB,Female,0,Yes,No,18,Yes,No,Fiber optic,Yes,Yes,Yes,Yes,No,No,Two year,No,Mailed check,100.12,1831.64,No
9600-TENEU,Female,0,Yes,Yes,23,Yes,No,DSL,Yes,No,Yes,No,No,No,Month-to-month,No,Mailed check,62.67,1445.67,Yes
2319-KFLID,Male,0,No,No,70,Yes,No,Fiber optic,No,No,Yes,No,No,No,Two year,No,Credit card (automatic),83.98,5880.95,No
2838-HGDKI,Female,0,Yes,Yes,26,Yes,No,Fiber optic,Yes,No,Yes,No,No,No,Two year,No,Credit card (automatic),97.82,2534.04,No
3126-SOUMJ,Female,1,Yes,Yes,5,Yes,No,DSL,Yes,Yes,No,Yes,No,No,Two year,Yes,Electronic check,68.95,370.2,No
6870-GGQQC,Male,0,No,No,12,Yes,Yes,Fiber optic,No,Yes,No,No,Yes,Yes,Two year,No,Bank transfer (automatic),105.79,1292.79,No
8922-YGVRE,Male,1,Yes,No,57,Yes,No,DSL,Yes,No,No,No,No,Yes,Month-to-month,Yes,Electronic check,64.5,3669.91,Yes
7718-VJUOH,Male,0,Yes,Yes,17,No,No phone service,DSL,No,No,No,Yes,No,Yes,Month-to-month,No,Credit card (automatic),56.74,961.49,No
7008-ZGUWI,Female,0,Yes,Yes,60,Yes,Yes,No,No internet service,No internet service,No internet service,No internet service,No internet service,No internet service,One year,Yes,Credit card (automatic),26.45,1591.53,No
3945-WZKVD,Male,1,No,Yes,0,Yes,Yes,DSL,No,Yes,No,No,No,No,Month-to-month,No,Electronic check,57.15,0.0,No
7004-JUNLH,Female,0,Yes,Yes,20,No,No phone service,DSL,No,Yes,No,No,No,No,Month-to-month,Yes,Credit card (automatic),52.92,1058.27,No
4056-QUUVI,Male,0,Yes,No,67,Yes,No,No,No internet service,No internet service,No internet service,No internet service,No internet service,No internet service,Month-to-month,No,Mailed check,20.86,1405.5,No
7504-GTUMU,Female,0,No,Yes,6,Yes,Yes,No,No internet service,No internet service,No internet service,No internet service,No internet service,No internet service,Two year,Yes,Credit card (automatic),26.44,142.27,No
2310-IODRP,Female,0,Yes,Yes,7,Yes,Yes,Fiber optic,No,No,No,No,No,Yes,Month-to-month,No,Mailed check,85.34,614.27,Yes
3847-OILGV,Female,0,Yes,Yes,5,Yes,No,Fiber optic,No,No,Yes,No,Yes,No,Month-to-month,No,Bank transfer (automatic),94.23,469.72,Yes
5690-BDBZC,Female,0,Yes,No,4,Yes,Yes,No,No internet service,No internet service,No internet service,No internet service,No internet service,No internet service,Month-to-month,No,Electronic check,24.1,104.72,No
8986-DXGSK,Male,1,No,Yes,72,Yes,Yes,No,No internet service,No internet service,No internet service,No internet service,No internet service,No internet service,Month-to-month,Yes,Bank transfer (automatic),25.14,1784.84,No
1855-GMBIB,Male,0,No,No,62,Yes,No,No,No internet service,No internet service,No internet service,No internet service,No internet service,No internet service,Month-to-month,No,Electronic check,29.58,1839.56,No
1719-QYDLA,Female,0,Yes,No,46,Yes,Yes,DSL,Yes,No,No,Yes,Yes,No,One year,Yes,Electronic check,69.89,3164.94,No
1588-RCDGF,Male,0,No,No,64,Yes,Yes,DSL,Yes,No,No,No,No,No,Month-to-month,No,Bank transfer (automatic),61.68,3921.25,No
6651-YRLHL,Female,0,No,No,23,Yes,Yes,Fiber optic,No,No,No,No,No,No,One year,Yes,Credit card (automatic),90.66,2094.09,No
1807-WVAKV,Male,0,Yes,No,30,Yes,No,Fiber optic,Yes,No,No,No,No,Yes,Month-to-month,No,Electronic check,89.77,2680.53,Yes
5265-YUSKA,Male,0,Yes,No,38,Yes,No,DSL,No,Yes,Yes,No,Yes,No,One year,No,Bank transfer (automatic),66.09,2507.95,No
6323-ZYCUY,Male,0,No,Yes,14,Yes,No,Fiber optic,No,No,Yes,No,No,No,Two year,Yes,Electronic check,84.79,1206.75,No
6311-UCNBK,Male,0,Yes,No,24,Yes,Yes,No,No internet service,No internet service,No internet service,No internet service,No internet service,No internet service,Month-to-month,Yes,Mailed check,20.89,482.6,No
6771-UIEYW,Female,0,No,No,31,No,No phone service,Fiber optic,Yes,No,No,Yes,Yes,Yes,Month-to-month,Yes,Electronic check,95.42,2953.51,No
9432-LBTGA,Male,0,Yes,Yes,41,Yes,Yes,No,No internet service,No internet service,No internet service,No internet service,No internet service,No internet service,Month-to-month,Yes,Electronic check,24.54,1036.45,No
2795-BHUUR,Female,0,No,No,35,Yes,Yes,Fiber optic,Yes,No,No,No,Yes,No,Month-to-month,No,Mailed check,91.57,3210.85,No
2392-OBJRD,Male,0,Yes,No,18,Yes,No,No,No internet service,No internet service,No internet service,No internet service,No internet service,No internet service,Two year,Yes,Bank transfer (automatic),24.3,421.6,No
8074-AJLHZ,Female,0,No,No,40,Yes,No,Fiber optic,No,No,No,No,No,No,Month-to-month,No,Credit card (automatic),78.24,3122.36,Yes
9680-ZHTTA,Female,0,No,No,66,Yes,No,DSL,No,No,No,No,Yes,Yes,One year,Yes,Electronic check,64.04,4211.63,No
5673-RITTH,Female,0,Yes,Yes,44,Yes,Yes,Fiber optic,No,No,Yes,Yes,No,Yes,Two year,Yes,Electronic check,97.1,4287.28,No
7136-LMZXG,Male,0,No,No,10,Yes,No,Fiber optic,Yes,Yes,No,No,Yes,No,Two year,No,Credit card (automatic),97.47,981.88,No
3507-UHIRX,Female,1,No,Yes,5,Yes,No,DSL,Yes,Yes,No,No,No,No,Month-to-month,Yes,Credit card (automatic),58.91,286.48,No
1941-INSRG,Female,0,Yes,No,15,Yes,Yes,Fiber optic,No,No,No,No,No,Yes,Month-to-month,Yes,Credit card (automatic),87.42,1268.39,No
9747-RSLIP,Male,0,Yes,Yes,72,Yes,Yes,No,No internet service,No internet service,No internet service,No internet service,No internet service,No internet service,Month-to-month,No,Electronic check,26.92,1949.19,No
6630-IFYTJ,Female,1,Yes,Yes,2,Yes,No,Fiber optic,Yes,No,No,No,Yes,Yes,One year,Yes,Mailed check,106.93,219.76,No
6171-NSLGO,Male,0,No,No,10,No,No phone service,DSL,No,No,No,No,Yes,Yes,Month-to-month,Yes,Electronic check,61.85,610.36,Yes
6856-UNVPW,Male,0,No,No,9,No,No phone service,DSL,Yes,Yes,No,Yes,No,No,Month-to-month,No,Electronic check,64.56,584.04,Yes
7746-YDEZH,Female,0,Yes,Yes,56,No,No phone service,Fiber optic,No,No,No,No,Yes,No,Month-to-month,Yes,Bank transfer (automatic),77.52,4348.23,Yes
4586-YTETV,Male,0,Yes,No,45,Yes,No,DSL,No,No,No,No,Yes,Yes,Two year,No,Bank transfer (automatic),64.67,2907.02,No
6928-HYLQN,Female,0,No,No,10,Yes,No,Fiber optic,No,Yes,No,No,No,No,One year,No,Electronic check,80.5,799.93,Yes
2426-OLFDN,Female,0,Yes,No,6,Yes,No,No,No internet service,No internet service,No internet service,No internet service,No internet service,No internet service,Two year,Yes,Electronic check,28.84,156.23,No
8732-MRAPI,Female,0,No,No,13,Yes,No,Fiber optic,No,No,Yes,Yes,Yes,No,One year,Yes,Electronic check,95.28,1242.45,Yes
3577-TNEGK,Female,0,No,Yes,56,No,No phone service,No,No internet service,No internet service,No internet service,No internet service,No internet service,No internet service,Two year,Yes,Electronic check,18.25,1012.6,No
1492-GFFNU,Female,0,Yes,Yes,2,No,No phone service,No,No internet service,No internet service,No internet service,No internet service,No internet service,No internet service,Two year,Yes,Credit card (automatic),25.78,73.21,No
2322-KFJJM,Male,0,No,No,28,Yes,Yes,Fiber optic,No,No,No,Yes,No,Yes,Month-to-month,No,Credit card (automatic),96.03,2667.38,No
1553-QWUGS,Male,0,Yes,Yes,72,Yes,Yes,No,No internet service,No internet service,No internet service,No internet service,No internet service,No internet service,Month-to-month,Yes,Electronic check,24.79,1775.45,No
2882-DJLBC,Female,0,Yes,Yes,30,Yes,Yes,Fiber optic,Yes,No,No,No,Yes,No,Two year,Yes,Credit card (automatic),97.35,2945.6,No
5121-RPUYZ,Male,1,No,No,10,Yes,No,No,No internet service,No internet service,No internet service,No internet service,No internet service,No internet service,Two year,No,Bank transfer (automatic),30.71,315.58,No
6232-CYXJS,Male,0,Yes,Yes,49,Yes,No,DSL,Yes,No,Yes,No,Yes,No,Two year,No,Credit card (automatic),73.27,3624.24,No
5733-IIABI,Female,0,No,No,22,Yes,No,Fiber optic,No,No,No,No,No,No,Two year,Yes,Electronic check,73.3,1627.21,No
8143-TJLFS,Female,0,Yes,Yes,21,No,No phone service,No,No internet service,No internet service,No internet service,No internet service,No internet service,No internet service,Month-to-month,Yes,Mailed check,22.57,469.39,No
7993-NDUXL,Male,0,Yes,No,62,Yes,Yes,No,No internet service,No internet service,No internet service,No internet service,No internet service,No internet service,Month-to-month,No,Electronic check,22.86,1403.09,No
1688-HTUAJ,Male,0,No,No,72,Yes,Yes,Fiber optic,No,No,Yes,No,No,Yes,Month-to-month,Yes,Mailed check,86.38,6191.88,No
7693-FKWIJ,Female,0,Yes,Yes,11,Yes,Yes,DSL,No,No,Yes,Yes,No,No,Two year,Yes,Credit card (automatic),55.02,597.16,No
4754-FHTLQ,Male,0,No,No,9,Yes,No,No,No internet service,No internet service,No internet service,No internet service,No internet service,No internet service,Two year,No,Credit card (automatic),27.61,254.03,No
2936-OKVUU,Female,0,No,No,0,Yes,Yes,DSL,No,No,Yes,No,Yes,No,Month-to-month,Yes,Electronic check,62.62,3.59,No
1719-IIDXO,Female,1,Yes,Yes,21,Yes,No,No,No internet service,No internet service,No internet service,No internet service,No internet service,No internet service,Two year,No,Electronic check,21.93,445.0,No
5788-QXXUG,Male,0,No,No,20,No,No phone service,DSL,No,Yes,Yes,Yes,No,No,Month-to-month,Yes,Bank transfer (automatic),59.13,1175.9,No
8606-AXMIU,Female,0,No,No,24,Yes,Yes,Fiber optic,No,No,No,No,No,No,Month-to-month,Yes,Mailed check,78.47,1885.98,Yes
4772-AFPBP,Male,0,No,No,63,Yes,No,DSL,No,No,No,No,Yes,Yes,One year,Yes,Mailed check,63.47,4009.67,No
4680-RKAUW,Female,0,No,No,4,Yes,Yes,DSL,No,No,No,No,No,Yes,Two year,Yes,Electronic check,56.33,214.22,No
9777-JHKZD,Male,0,No,No,56,Yes,No,No,No internet service,No internet service,No internet service,No internet service,No internet service,No internet service,One year,No,Mailed check,29.16,1641.05,No
5273-JZMLP,Male,0,Yes,Yes,14,Yes,Yes,DSL,Yes,No,Yes,Yes,Yes,No,Two year,Yes,Mailed check,72.94,1016.83,No
9507-NNJZZ,Female,0,No,No,41,Yes,No,No,No internet service,No internet service,No internet service,No internet service,No internet service,No internet service,Month-to-month,Yes,Credit card (automatic),28.23,1170.09,No
6614-AGVAR,Female,0,No,No,29,Yes,Yes,No,No internet service,No internet service,No internet service,No internet service,No internet service,No internet service,Month-to-month,No,Electronic check,31.17,900.95,Yes
3782-VYFZQ,Female,0,Yes,Yes,21,Yes,No,DSL,Yes,Yes,Yes,No,No,No,Month-to-month,Yes,Electronic check,56.59,1153.59,No
8313-YPTLL,Female,0,No,No,10,Yes,Yes,DSL,No,No,No,No,Yes,Yes,Month-to-month,Yes,Bank transfer (automatic),71.11,696.68,No
5680-QQVLB,Male,0,Yes,No,11,Yes,Yes,No,No internet service,No internet service,No internet service,No internet service,No internet service,No internet service,One year,Yes,Electronic check,24.22,279.64,No
8545-EIKIJ,Female,0,Yes,Yes,7,Yes,Yes,Fiber optic,Yes,No,No,No,No,No,Month-to-month,Yes,Electronic check,84.78,611.7,No
2910-UPAUK,Female,0,No,No,4,Yes,No,Fiber optic,No,Yes,Yes,No,Yes,No,Two year,Yes,Credit card (automatic),86.52,366.04,No
5075-GKETP,Male,0,No,No,17,Yes,No,DSL,Yes,No,Yes,No,Yes,Yes,Month-to-month,No,Electronic check,76.04,1294.57,No
7852-WYSUE,Female,0,No,No,36,Yes,Yes,DSL,Yes,No,Yes,No,Yes,Yes,One year,Yes,Electronic check,72.42,2598.59,No
3085-ERSBL,Female,0,No,No,58,Yes,No,DSL,No,Yes,Yes,No,Yes,No,Month-to-month,No,Electronic check,62.82,3678.3,No
4474-FOTKK,Male,0,No,No,59,Yes,No,No,No internet service,No internet service,No internet service,No internet service,No internet service,No internet service,Month-to-month,No,Credit card (automatic),23.85,1410.93,No
1032-VPMIW,Female,1,No,Yes,5,Yes,Yes,Fiber optic,Yes,No,No,Yes,No,Yes,Month-to-month,No,Electronic check,99.04,498.2,Yes
3194-OZEQG,Female,0,Yes,Yes,65,Yes,Yes,Fiber optic,No,No,No,No,Yes,No,Month-to-month,No,Electronic check,90.0,5854.03,Yes
5074-DJPZH,Male,0,No,No,45,Yes,No,Fiber optic,No,No,Yes,Yes,No,No,Month-to-month,Yes,Bank transfer (automatic),82.1,3689.06,No
8607-MTTHB,Female,0,Yes,No,3,Yes,No,DSL,No,No,No,Yes,No,No,Month-to-month,Yes,Credit card (automatic),50.01,159.38,Yes
4888-CLDMX,Male,0,Yes,Yes,6,No,No phone service,DSL,No,No,No,No,No,Yes,Two year,Yes,Electronic check,52.27,305.49,No
2199-XDKXM,Female,1,No,No,7,Yes,No,Fiber optic,Yes,Yes,No,No,Yes,Yes,Two year,Yes,Electronic check,106.03,745.69,Yes
8915-DGECL,Male,0,Yes,No,19,Yes,No,DSL,No,Yes,Yes,Yes,No,No,Month-to-month,Yes,Electronic check,65.4,1258.18,No
6303-BLBVM,Female,0,Yes,Yes,61,Yes,No,Fiber optic,Yes,No,No,No,Yes,No,Month-to-month,No,Credit card (automatic),93.22,5693.97,No
4504-JOWVV,Female,0,No,No,9,Yes,No,Fiber optic,Yes,No,Yes,Yes,No,No,Two year,Yes,Electronic check,96.26,874.45,No
1108-GIMBZ,Female,0,No,Yes,4,Yes,No,Fiber optic,Yes,No,No,No,Yes,No,Month-to-month,Yes,Credit card (automatic),92.76,333.58,Yes
5330-VZEQV,Male,0,No,No,68,Yes,No,DSL,No,Yes,Yes,No,No,Yes,Month-to-month,No,Credit card (automatic),68.28,4669.55,No
1801-UYKDQ,Female,0,Yes,No,51,Yes,No,Fiber optic,No,Yes,Yes,No,Yes,Yes,Two year,Yes,Bank transfer (automatic),103.69,5285.56,No
6124-YXWFL,Female,1,No,No,3,Yes,No,Fiber optic,No,No,No,No,No,Yes,Month-to-month,No,Mailed check,88.12,273.68,Yes
4163-KPJQQ,Male,0,Yes,No,33,Yes,No,Fiber optic,No,No,Yes,No,No,Yes,Two year,No,Bank transfer (automatic),95.83,3154.16,No
4442-GVPAZ,Male,0,Yes,No,9,Yes,Yes,Fiber optic,Yes,No,Yes,Yes,Yes,Yes,Month-to-month,Yes,Credit card (automatic),108.29,1005.95,No
7188-OJCHJ,Female,0,No,No,4,Yes,No,Fiber optic,No,No,No,No,No,No,Month-to-month,Yes,Credit card (automatic),82.23,338.41,Yes
8690-JEPMK,Male,0,No,No,5,Yes,Yes,DSL,No,Yes,No,No,No,No,Two year,Yes,Bank transfer (automatic),52.68,270.99,No
8057-IUZFD,Female,0,Yes,No,26,Yes,No,DSL,No,Yes,No,Yes,No,No,Two year,No,Bank transfer (automatic),61.89,1639.27,No
4765-FZYZK,Male,0,No,No,57,Yes,No,DSL,No,No,No,No,No,No,Month-to-month,No,Electronic check,47.1,2684.39,Yes
8742-CZJGN,Female,0,Yes,Yes,66,Yes,No,DSL,Yes,Yes,No,No,No,Yes,Two year,No,Electronic check,68.57,4536.3,No
9940-YIGGO,Female,1,No,No,21,No,No phone service,No,No internet service,No internet service,No internet service,No internet service,No internet service,No internet service,One year,Yes,Electronic check,18.25,372.59,No
1500-IPZRX,Female,0,No,No,65,Yes,No,Fiber optic,No,No,Yes,Yes,No,No,One year,No,Electronic check,89.21,5796.43,No
8053-OENDO,Female,0,Yes,Yes,2,Yes,No,No,No internet service,No internet service,No internet service,No internet service,No internet service,No internet service,Month-to-month,No,Bank transfer (automatic),24.01,47.48,No
8702-JMCQZ,Male,0,Yes,Yes,7,Yes,No,DSL,No,Yes,No,No,Yes,No,Month-to-month,No,Electronic check,55.74,372.02,Yes
9240-FRWBM,Female,1,Yes,No,42,Yes,No,Fiber optic,No,No,Yes,No,Yes,No,Month-to-month,No,Bank transfer (automatic),94.66,3951.29,No
6561-EDBXJ,Male,0,Yes,No,24,No,No phone service,Fiber optic,No,Yes,No,No,Yes,Yes,Month-to-month,Yes,Credit card (automatic),93.56,2253.86,Yes
9832-VLYWN,Male,0,Yes,No,25,Yes,No,DSL,Yes,No,Yes,No,No,Yes,One year,Yes,Electronic check,68.76,1739.73,No
5112-JIBPR,Male,0,No,No,61,Yes,No,Fiber optic,Yes,No,No,No,Yes,No,Month-to-month,Yes,Mailed check,101.17,6153.79,No
9601-XEHJM,Female,0,No,No,37,Yes,No,Fiber optic,No,No,No,No,No,No,One year,Yes,Credit card (automatic),84.17,3101.56,No
3912-MNPBK,Female,0,Yes,No,61,Yes,No,No,No internet service,No internet service,No internet service,No internet service,No internet service,No internet service,One year,Yes,Mailed check,31.06,1904.31,No
4075-BEUTP,Male,0,Yes,No,2,Yes,Yes,Fiber optic,Yes,Yes,Yes,Yes,No,Yes,Two year,Yes,Electronic check,114.25,223.88,No
5540-ECLJG,Female,0,No,Yes,21,Yes,No,DSL,No,Yes,No,No,No,No,Month-to-month,Yes,Electronic check,54.38,1135.11,Yes
8279-KUZUH,Female,0,Yes,No,14,Yes,Yes,DSL,No,Yes,Yes,No,Yes,No,One year,Yes,Bank transfer (automatic),64.83,888.58,No
1309-QPCWJ,Female,0,Yes,Yes,67,Yes,Yes,DSL,No,No,No,No,No,Yes,Month-to-month,No,Bank transfer (automatic),59.33,3974.56,No
4603-SRBAD,Male,1,Yes,No,41,Yes,No,DSL,No,No,Yes,No,No,No,Two year,Yes,Electronic check,50.97,2086.04,No
9945-PZPXJ,Male,0,No,No,7,Yes,No,DSL,No,No,No,No,No,No,One year,Yes,Electronic check,51.44,363.54,Yes
7575-VCHMM,Female,1,Yes,Yes,64,Yes,No,Fiber optic,No,No,No,No,No,Yes,Two year,No,Electronic check,89.63,5749.48,No
6611-GPRWH,Female,0,Yes,No,4,Yes,No,Fiber optic,No,Yes,No,No,No,Yes,One year,Yes,Electronic check,83.88,351.62,Yes
4973-DXRYO,Male,1,Yes,Yes,10,Yes,Yes,Fiber optic,Yes,No,No,No,Yes,No,One year,No,Electronic check,95.27,953.85,No
9818-COPAT,Female,0,Yes,Yes,14,Yes,No,DSL,Yes,No,Yes,No,No,No,One year,Yes,Electronic check,64.3,861.8,No
4679-IPGKH,Female,1,No,No,18,Yes,No,Fiber optic,Yes,Yes,No,No,No,No,Month-to-month,Yes,Credit card (automatic),92.7,1667.62,Yes
2415-EETZB,Female,0,Yes,No,65,Yes,No,No,No internet service,No internet service,No internet service,No internet service,No internet service,No internet service,One year,Yes,Mailed check,26.41,1669.57,No
3748-VNMDU,Male,0,No,No,52,Yes,Yes,DSL,No,Yes,Yes,Yes,No,Yes,Month-to-month,No,Mailed check,73.05,3811.95,No
3120-UBMNH,Female,0,Yes,Yes,66,Yes,Yes,DSL,Yes,No,No,No,Yes,No,Two year,No,Credit card (automatic),64.74,4279.68,No
6517-PTONS,Male,0,No,No,72,Yes,No,No,No internet service,No internet service,No internet service,No internet service,No internet service,No internet service,Two year,No,Credit card (automatic),24.42,1764.6,No
6982-BDGNG,Female,1,Yes,Yes,72,Yes,No,Fiber optic,Yes,No,No,No,No,No,One year,Yes,Electronic check,81.49,5863.53,Yes
2767-LRDOP,Female,0,No,No,66,Yes,Yes,DSL,No,Yes,Yes,No,No,Yes,One year,Yes,Mailed check,65.62,4352.74,No
9524-MZPCI,Male,0,Yes,Yes,2,Yes,No,Fiber optic,No,Yes,No,No,No,No,One year,No,Bank transfer (automatic),90.31,199.11,Yes
1197-NXDFM,Male,0,Yes,Yes,58,Yes,No,Fiber optic,No,No,Yes,No,No,Yes,Two year,Yes,Electronic check,93.7,5421.78,No
9967-PFULQ,Female,0,No,No,17,Yes,Yes,Fiber optic,Yes,Yes,Yes,No,No,Yes,Month-to-month,Yes,Bank transfer (automatic),97.78,1643.42,Yes
5914-PDHWO,Female,0,No,No,71,Yes,Yes,DSL,No,Yes,Yes,No,Yes,Yes,One year,Yes,Bank transfer (automatic),73.42,5202.43,No
6637-PHBIC,Male,1,No,No,19,Yes,No,DSL,Yes,No,No,Yes,Yes,No,Month-to-month,Yes,Bank transfer (automatic),65.74,1252.77,No
8446-ZISNG,Male,1,Yes,No,6,Yes,No,Fiber optic,No,Yes,No,Yes,No,No,Month-to-month,Yes,Bank transfer (automatic),89.99,525.68,No
1746-OUGDT,Male,0,No,No,43,No,No phone service,DSL,No,No,Yes,No,No,No,Two year,No,Electronic check,51.79,2209.18,No
1327-OQCTM,Male,0,No,No,6,Yes,Yes,No,No internet service,No internet service,No internet service,No internet service,No internet service,No internet service,Month-to-month,Yes,Credit card (automatic),21.7,151.05,No
7231-DOHWA,Male,0,No,No,4,Yes,Yes,Fiber optic,No,No,Yes,Yes,No,Yes,Month-to-month,Yes,Bank transfer (automatic),89.36,349.37,Yes
3702-CRPTN,Female,0,Yes,No,55,Yes,No,Fiber optic,No,No,No,No,Yes,No,Two year,No,Credit card (automatic),90.12,4960.3,No
2923-CHUXG,Female,0,Yes,No,35,Yes,Yes,No,No internet service,No internet service,No internet service,No internet service,No internet service,No internet service,Month-to-month,Yes,Electronic check,29.4,1045.82,No
2037-LNYFJ,Female,0,Yes,Yes,3,Yes,Yes,DSL,No,No,Yes,Yes,No,No,Month-to-month,No,Credit card (automatic),60.17,203.1,Yes
2531-YLOUC,Female,0,No,No,17,Yes,No,Fiber optic,No,No,No,No,Yes,No,One year,Yes,Electronic check,91.13,1529.08,Yes
3254-TETPC,Male,0,No,No,6,Yes,Yes,No,No internet service,No internet service,No internet service,No internet service,No internet service,No internet service,Month-to-month,Yes,Electronic check,25.11,149.42,No
1925-VAJUI,Female,0,Yes,No,2,Yes,Yes,No,No internet service,No internet service,No internet service,No internet service,No internet service,No internet service,Month-to-month,Yes,Credit card (automatic),24.83,28.72,No
7584-GZAWA,Female,0,No,No,2,Yes,No,DSL,No,No,Yes,No,Yes,No,Two year,No,Bank transfer (automatic),59.26,131.65,No
2550-CAKZY,Female,0,No,No,12,Yes,No,Fiber optic,No,No,No,Yes,No,Yes,Two year,Yes,Credit card (automatic),90.27,1083.57,No
5694-QOFJI,Female,0,No,No,3,Yes,Yes,DSL,No,No,No,No,Yes,Yes,Month-to-month,Yes,Bank transfer (automatic),65.35,195.45,Yes
5632-PISPY,Male,0,Yes,No,15,Yes,No,Fiber optic,Yes,No,Yes,No,Yes,No,Month-to-month,Yes,Credit card (automatic),94.77,1439.16,Yes
9045-JBPSW,Male,1,No,No,11,Yes,No,DSL,No,No,No,Yes,No,No,Month-to-month,No,Electronic check,61.97,678.59,No
7051-ZRWLB,Female,0,Yes,No,45,Yes,No,Fiber optic,No,Yes,Yes,Yes,Yes,No,One year,No,Credit card (automatic),102.11,4588.37,No
1222-MUAWE,Male,0,No,No,34,Yes,Yes,DSL,Yes,Yes,No,No,Yes,No,Month-to-month,Yes,Electronic check,68.34,2313.4,Yes
2286-FGRFT,Male,0,No,No,22,Yes,Yes,DSL,No,Yes,No,Yes,Yes,No,Month-to-month,Yes,Electronic check,69.21,1524.24,No
8549-YKQKN,Female,0,No,No,6,Yes,No,Fiber optic,No,No,No,No,No,Yes,One year,Yes,Mailed check,88.08,525.28,No
6937-HUZHZ,Female,0,Yes,Yes,1,Yes,Yes,No,No internet service,No internet service,No internet service,No internet service,No internet service,No internet service,Two year,No,Credit card (automatic),27.72,23.7,No
8707-JTAKU,Male,0,No,No,4,Yes,No,DSL,No,No,No,No,Yes,No,One year,No,Credit card (automatic),56.63,203.66,No
9441-CYBHN,Male,0,No,No,62,Yes,No,No,No internet service,No internet service,No internet service,No internet service,No internet service,No internet service,Month-to-month,No,Electronic check,21.63,1361.52,No
7753-VHPOO,Female,0,No,No,1,Yes,No,DSL,No,No,No,No,No,No,Month-to-month,No,Electronic check,42.35,56.05,No
8891-DNWAN,Female,1,Yes,No,23,No,No phone service,DSL,Yes,No,No,No,Yes,No,Two year,Yes,Mailed check,66.99,1568.23,No
9253-LRKDH,Male,0,Yes,Yes,72,Yes,No,Fiber optic,Yes,Yes,Yes,No,Yes,No,Two year,No,Credit card (automatic),97.87,7049.76,No
5236-TBBAK,Male,0,No,No,71,Yes,No,Fiber optic,No,No,No,Yes,No,Yes,Two year,Yes,Electronic check,88.09,6259.81,No
3856-MBOZS,Male,0,No,No,13,Yes,No,Fiber optic,Yes,Yes,No,Yes,Yes,No,Month-to-month,No,Electronic check,103.74,1365.0,No
2967-QOKWW,Female,0,Yes,No,15,Yes,No,Fiber optic,Yes,No,No,Yes,No,No,Two year,Yes,Electronic check,86.76,1296.96,No
7094-ATKCM,Female,0,Yes,No,25,Yes,No,No,No internet service,No internet service,No internet service,No internet service,No internet service,No internet service,Month-to-month,Yes,Credit card (automatic),25.08,596.99,No
2780-EWSCQ,Male,0,No,No,30,Yes,Yes,Fiber optic,No,Yes,No,No,Yes,No,Month-to-month,Yes,Electronic check,87.84,2624.25,Yes
3058-PVVES,Male,1,Yes,No,11,Yes,No,No,No internet service,No internet service,No internet service,No internet service,No internet service,No internet service,Month-to-month,Yes,Mailed check,26.76,301.54,No
8298-WDXXX,Female,0,No,Yes,4,No,No phone service,Fiber optic,No,No,No,No,No,No,Two year,Yes,Credit card (automatic),71.94,254.72,No
3173-ZGDQT,Male,0,Yes,No,9,Yes,No,Fiber optic,No,Yes,No,No,Yes,No,Month-to-month,No,Electronic check,90.89,808.96,No
9528-HBOSN,Male,0,No,No,23,No,No phone service,Fiber optic,No,No,Yes,No,Yes,No,Month-to-month,No,Credit card (automatic),89.03,2068.24,No
8556-IIVJX,Male,0,Yes,No,3,Yes,No,No,No internet service,No internet service,No internet service,No internet service,No internet service,No internet service,Month-to-month,Yes,Bank transfer (automatic),26.81,85.31,Yes
9550-VXBIF,Female,1,Yes,No,21,Yes,Yes,No,No internet service,No internet service,No internet service,No internet service,No internet service,No internet service,Two year,No,Credit card (automatic),23.65,499.76,No
8831-QIOUG,Female,0,No,No,59,Yes,No,Fiber optic,No,No,Yes,Yes,No,No,Month-to-month,Yes,Electronic check,90.7,5352.65,No
8150-FHBSB,Female,0,No,No,72,Yes,No,DSL,No,Yes,No,Yes,Yes,No,Two year,Yes,Credit card (automatic),68.89,4960.08,No
7626-TSRNM,Female,1,No,No,72,Yes,Yes,Fiber optic,No,No,No,Yes,Yes,No,Month-to-month,No,Bank transfer (automatic),95.65,6922.12,No
4646-HLPZX,Male,0,Yes,Yes,5,Yes,No,Fiber optic,No,No,No,Yes,No,Yes,One year,No,Electronic check,91.42,434.07,No
9201-HAJLK,Male,0,Yes,No,24,Yes,No,Fiber optic,Yes,No,Yes,No,No,No,Two year,Yes,Electronic check,88.08,2125.92,No
6931-USQNS,Male,0,No,No,61,Yes,Yes,Fiber optic,Yes,No,No,No,No,No,Month-to-month,Yes,Mailed check,84.66,5123.05,No
1003-UBERB,Female,0,Yes,Yes,7,Yes,Yes,No,No internet service,No internet service,No internet service,No internet service,No internet service,No internet service,Month-to-month,Yes,Credit card (automatic),23.66,168.8,No
1599-XOYJT,Female,1,Yes,No,63,Yes,Yes,DSL,No,No,No,No,No,No,Two year,Yes,Electronic check,48.74,3087.21,No
6533-ACSEC,Female,0,No,No,58,Yes,No,No,No internet service,No internet service,No internet service,No internet service,No internet service,No internet service,One year,No,Electronic check,31.94,1854.72,No
3630-YWPWE,Female,0,Yes,No,45,Yes,Yes,No,No internet service,No internet service,No internet service,No internet service,No internet service,No internet service,Month-to-month,No,Credit card (automatic),24.45,1114.71,Yes
3762-HRYLG,Female,0,Yes,Yes,31,Yes,Yes,Fiber optic,No,No,No,No,No,No,Month-to-month,Yes,Electronic check,75.3,2320.99,Yes
7796-ZMTGP,Male,0,No,No,72,Yes,Yes,Fiber optic,No,No,Yes,Yes,No,No,Two year,No,Bank transfer (automatic),82.42,5930.33,No
3017-CFABW,Female,0,Yes,Yes,64,Yes,No,Fiber optic,No,No,No,No,No,No,One year,No,Bank transfer (automatic),75.75,4826.79,No
4109-ORECR,Male,1,No,No,67,Yes,Yes,DSL,No,No,Yes,No,Yes,Yes,Two year,No,Electronic check,70.11,4688.57,No
1020-VUHMU,Female,0,No,Yes,1,Yes,Yes,DSL,Yes,Yes,No,Yes,Yes,Yes,Two year,Yes,Credit card (automatic),88.32,112.96,No
9495-JCSLQ,Female,0,Yes,No,69,Yes,Yes,No,No internet service,No internet service,No internet service,No internet service,No internet service,No internet service,Month-to-month,No,Electronic check,25.32,1758.77,No
3679-WHQZS,Male,0,No,Yes,59,Yes,Yes,No,No internet service,No internet service,No internet service,No internet service,No internet service,No internet service,One year,Yes,Credit card (automatic),29.44,1753.14,No
5938-YMNUV,Female,1,No,No,13,Yes,Yes,Fiber optic,Yes,No,Yes,Yes,No,Yes,Month-to-month,No,Bank transfer (automatic),101.61,1328.3,No
9973-VXHIA,Female,1,No,No,3,Yes,No,Fiber optic,Yes,Yes,No,Yes,No,No,Two year,Yes,Mailed check,95.4,306.02,No
9356-KXZJF,Male,1,No,No,5,Yes,Yes,Fiber optic,No,Yes,No,No,No,No,Month-to-month,Yes,Electronic check,87.47,417.05,No
9239-RADVZ,Male,0,No,No,1,Yes,No,DSL,No,Yes,Yes,Yes,No,No,One year,No,Credit card (automatic),63.6,58.43,No
4127-UBJDS,Male,0,Yes,Yes,38,No,No phone service,No,No internet service,No internet service,No internet service,No internet service,No internet service,No internet service,Month-to-month,Yes,Mailed check,18.25,681.29,No
6883-ZTZOW,Male,0,No,No,24,No,No phone service,DSL,No,No,No,No,Yes,No,Month-to-month,Yes,Bank transfer (automatic),57.17,1351.25,Yes
7292-EWHBU,Female,0,Yes,Yes,61,Yes,Yes,DSL,No,No,Yes,Yes,No,No,Two year,Yes,Mailed check,61.47,3740.78,No
4079-UGQUG,Male,0,Yes,No,11,Yes,No,DSL,No,Yes,No,Yes,Yes,Yes,Two year,Yes,Electronic check,74.44,788.09,No
2864-IPQWJ,Female,0,No,Yes,28,Yes,No,DSL,No,No,No,No,No,Yes,Month-to-month,Yes,Electronic check,58.29,1618.54,Yes
8312-VRNVV,Male,1,No,No,46,Yes,Yes,Fiber optic,No,No,No,No,No,No,Month-to-month,Yes,Mailed check,80.1,3724.66,No
6402-GKNLK,Female,0,Yes,Yes,55,Yes,Yes,No,No internet service,No internet service,No internet service,No internet service,No internet service,No internet service,Two year,No,Electronic check,27.99,1529.26,No
6067-AHEQB,Female,1,Yes,Yes,72,Yes,Yes,Fiber optic,No,No,No,No,No,Yes,Two year,No,Electronic check,91.71,6607.52,No
1797-SLAQD,Female,0,No,No,13,Yes,Yes,No,No internet service,No internet service,No internet service,No internet service,No internet service,No internet service,Month-to-month,Yes,Mailed check,23.34,273.48,No
3493-HIONG,Female,0,No,No,12,Yes,No,Fiber optic,Yes,Yes,No,No,No,No,Month-to-month,No,Electronic check,91.77,1120.87,Yes
5822-VYLUT,Female,0,Yes,Yes,15,Yes,No,Fiber optic,Yes,No,Yes,No,Yes,No,Month-to-month,No,Mailed check,99.33,1496.5,No
1850-VULUL,Female,0,Yes,Yes,60,Yes,No,Fiber optic,No,No,Yes,No,Yes,No,One year,Yes,Credit card (automatic),99.13,5949.08,No
1257-VHQGP,Male,0,No,No,72,Yes,No,Fiber optic,No,No,Yes,Yes,No,No,Two year,Yes,Credit card (automatic),89.47,6431.8,No
4380-HRWYV,Female,0,No,Yes,58,Yes,No,Fiber optic,No,No,Yes,No,No,Yes,Month-to-month,Yes,Electronic check,93.08,5404.28,No
2091-VRYOD,Male,0,Yes,Yes,58,Yes,No,DSL,Yes,No,No,No,Yes,No,Two year,Yes,Bank transfer (automatic),63.29,3643.5,No
5526-RIQTQ,Male,1,Yes,Yes,57,Yes,Yes,No,No internet service,No internet service,No internet service,No internet service,No internet service,No internet service,Month-to-month,No,Credit card (automatic),24.13,1391.29,No
2379-NTGCE,Female,0,Yes,Yes,19,Yes,No,Fiber optic,Yes,No,No,No,Yes,No,Month-to-month,Yes,Electronic check,93.94,1806.6,Yes
4940-RJKAP,Female,0,No,Yes,11,Yes,No,Fiber optic,No,No,No,Yes,No,Yes,Month-to-month,Yes,Credit card (automatic),92.09,1041.37,No
2582-TCYJG,Male,0,No,No,50,Yes,Yes,DSL,No,No,Yes,No,No,No,Month-to-month,No,Electronic check,57.54,2836.48,No
3295-NYUZH,Male,0,No,No,10,Yes,Yes,Fiber optic,Yes,No,Yes,No,No,No,One year,Yes,Electronic check,86.55,860.6,No
6173-YKLUK,Male,0,No,No,61,No,No phone service,DSL,Yes,No,No,No,No,Yes,Month-to-month,Yes,Bank transfer (automatic),55.28,3358.97,No
7089-BAJQW,Female,0,Yes,No,41,Yes,Yes,Fiber optic,No,No,No,No,Yes,No,Month-to-month,No,Electronic check,88.55,3607.17,No
4734-SUATL,Male,1,Yes,Yes,30,Yes,Yes,DSL,Yes,No,No,No,No,Yes,Month-to-month,No,Bank transfer (automatic),60.36,1804.37,No
4351-MHOEC,Female,0,No,No,17,Yes,No,Fiber optic,Yes,Yes,Yes,No,Yes,Yes,One year,No,Bank transfer (automatic),109.56,1866.53,No
1144-BXDNJ,Female,0,No,No,1,No,No phone service,No,No internet service,No internet service,No internet service,No internet service,No internet service,No internet service,One year,No,Electronic check,18.25,13.4,No
2116-JMSEA,Female,1,Yes,Yes,13,Yes,Yes,DSL,No,No,No,No,No,No,Month-to-month,No,Electronic check,52.09,672.57,No
1344-KPHRU,Male,0,No,No,56,Yes,No,DSL,No,No,Yes,No,No,Yes,Month-to-month,No,Electronic check,61.18,3423.57,No
7867-XLXCM,Male,0,Yes,Yes,10,Yes,No,No,No internet service,No internet service,No internet service,No internet service,No internet service,No internet service,One year,No,Electronic check,22.44,213.9,No
7119-BMNWN,Male,0,No,No,67,Yes,No,No,No internet service,No internet service,No internet service,No internet service,No internet service,No internet service,Month-to-month,Yes,Electronic check,22.85,1530.91,No
5394-CTMVD,Female,0,Yes,No,1,Yes,Yes,DSL,No,No,Yes,No,No,Yes,Month-to-month,Yes,Credit card (automatic),57.79,69.63,No
2400-UABBO,Female,0,Yes,No,13,Yes,No,DSL,Yes,Yes,No,No,No,No,Month-to-month,No,Credit card (automatic),57.45,749.04,No
4997-TCSZY,Female,1,No,No,34,Yes,Yes,DSL,No,No,No,No,Yes,No,One year,Yes,Electronic check,59.19,2002.86,No
7403-TXAHF,Female,0,No,No,23,Yes,No,Fiber optic,No,No,No,No,No,Yes,Two year,Yes,Bank transfer (automatic),84.98,1956.76,No
2518-DUOZZ,Male,0,Yes,Yes,1,Yes,Yes,DSL,Yes,No,Yes,No,Yes,Yes,Month-to-month,Yes,Credit card (automatic),74.21,84.02,Yes
9132-JUQBY,Female,0,No,Yes,10,Yes,Yes,DSL,No,No,Yes,No,No,No,Two year,No,Electronic check,50.44,515.9,No
7484-DGYEA,Male,0,No,No,9,Yes,No,DSL,No,No,Yes,No,Yes,Yes,Two year,Yes,Mailed check,67.95,601.5,No
5918-JUCUV,Female,1,Yes,Yes,7,Yes,Yes,DSL,Yes,No,No,No,Yes,No,Two year,No,Electronic check,59.03,401.06,No
3669-WWBBS,Male,0,Yes,No,11,Yes,Yes,Fiber optic,No,No,No,No,No,No,Month-to-month,Yes,Electronic check,79.58,874.95,Yes
8941-TICRI,Male,0,Yes,No,15,Yes,No,DSL,No,No,Yes,No,No,Yes,Month-to-month,No,Bank transfer (automatic),71.48,1067.05,Yes
1267-OTORL,Female,0,Yes,Yes,4,Yes,No,Fiber optic,No,No,Yes,No,Yes,Yes,Month-to-month,Yes,Electronic check,107.76,396.7,Yes
2976-ZSAFN,Male,0,Yes,Yes,38,Yes,Yes,Fiber optic,Yes,Yes,Yes,No,No,Yes,Month-to-month,Yes,Electronic check,110.48,4206.01,No
7932-UTMKF,Female,1,No,No,2,No,No phone service,DSL,No,No,No,Yes,Yes,Yes,Month-to-month,No,Electronic check,62.82,143.14,Yes
4403-JYJVB,Male,0,No,No,28,Yes,No,Fiber optic,Yes,No,Yes,No,No,No,Two year,Yes,Bank transfer (automatic),87.71,2470.36,No
1488-FPMAB,Female,0,Yes,Yes,35,Yes,Yes,DSL,No,No,Yes,Yes,No,No,Two year,No,Mailed check,58.26,2066.77,No
6581-YMCIN,Male,0,Yes,Yes,72,Yes,Yes,Fiber optic,No,No,No,Yes,No,No,One year,Yes,Bank transfer (automatic),87.59,6276.92,No
1863-DGGMO,Female,1,No,No,16,Yes,No,DSL,No,Yes,No,No,No,No,Month-to-month,No,Credit card (automatic),52.72,835.72,Yes
8619-HAVOK,Male,0,Yes,Yes,8,Yes,No,Fiber optic,No,No,No,No,Yes,No,One year,Yes,Credit card (automatic),88.14,697.24,No
2195-OHKBO,Female,0,No,No,68,Yes,No,Fiber optic,No,No,No,No,No,No,One year,No,Bank transfer (automatic),80.75,5484.57,No
8411-PTPPM,Male,0,No,No,64,Yes,No,No,No internet service,No internet service,No internet service,No internet service,No internet service,No internet service,Two year,No,Electronic check,22.26,1390.14,No
9960-QUOYX,Female,0,No,No,1,Yes,No,DSL,Yes,Yes,No,Yes,No,Yes,One year,No,Bank transfer (automatic),73.5,70.16,No
4075-EGPKL,Female,0,Yes,No,1,Yes,No,Fiber optic,Yes,No,No,Yes,No,No,Month-to-month,No,Electronic check,88.57,67.68,Yes
6496-CQCQU,Male,0,Yes,No,7,Yes,Yes,Fiber optic,No,No,No,No,No,No,Month-to-month,No,Mailed check,88.31,574.05,Yes
6013-XMPAF,Male,0,Yes,No,23,Yes,Yes,No,No internet service,No internet service,No internet service,No internet service,No internet service,No internet service,One year,Yes,Electronic check,29.33,673.64,No
2378-GQXTU,Male,0,No,No,30,Yes,No,Fiber optic,No,No,Yes,Yes,No,Yes,Month-to-month,Yes,Bank transfer (automatic),98.67,2948.83,Yes
8991-QGQCK,Male,0,Yes,Yes,45,Yes,Yes,Fiber optic,No,No,No,No,Yes,No,Month-to-month,No,Mailed check,92.62,4195.96,No
5551-VSXXC,Female,1,Yes,No,9,Yes,Yes,No,No internet service,No internet service,No internet service,No internet service,No internet service,No internet service,Two year,Yes,Electronic check,27.54,251.1,No
5667-VTHMY,Male,0,Yes,No,12,Yes,Yes,Fiber optic,No,No,No,Yes,No,Yes,Month-to-month,Yes,Electronic check,94.36,1101.56,Yes
7193-DGPOA,Male,0,No,No,11,Yes,Yes,Fiber optic,No,No,No,No,Yes,No,One year,Yes,Mailed check,87.99,994.19,Yes
6588-KWXQC,Male,0,No,No,72,Yes,No,Fiber optic,No,Yes,No,No,No,Yes,Month-to-month,No,Mailed check,91.74,6586.19,Yes
5726-VMBJU,Female,0,No,No,6,Yes,No,DSL,Yes,No,No,No,No,No,One year,Yes,Credit card (automatic),50.48,310.93,Yes
4568-RZBPI,Male,0,No,No,13,No,No phone service,DSL,Yes,Yes,No,No,Yes,No,One year,No,Credit card (automatic),58.25,755.81,No
4809-DBBOO,Male,0,Yes,Yes,12,Yes,No,DSL,No,No,No,Yes,No,Yes,Month-to-month,Yes,Credit card (automatic),58.35,726.18,Yes
7436-UGKED,Female,0,No,No,29,Yes,Yes,No,No internet service,No internet service,No internet service,No internet service,No internet service,No internet service,Two year,Yes,Bank transfer (automatic),34.42,984.1,No
7298-SJWUY,Male,0,Yes,No,72,Yes,Yes,Fiber optic,No,No,No,No,No,Yes,Month-to-month,Yes,Electronic check,90.05,6505.53,No
7031-FUGJN,Male,0,Yes,Yes,10,Yes,Yes,Fiber optic,No,Yes,No,No,No,No,Month-to-month,No,Bank transfer (automatic),81.42,801.0,Yes
4334-YHMLO,Male,0,No,No,71,Yes,No,Fiber optic,No,Yes,No,No,No,No,One year,No,Mailed check,87.78,6224.89,No
7399-UHGBB,Male,0,Yes,No,72,Yes,No,DSL,No,No,No,No,No,No,Month-to-month,Yes,Electronic check,51.03,3682.35,No
3464-XZMXH,Female,0,Yes,Yes,10,Yes,Yes,No,No internet service,No internet service,No internet service,No internet service,No internet service,No internet service,Two year,No,Credit card (automatic),27.08,251.2,No
6510-LBRAH,Male,0,No,No,20,Yes,No,Fiber optic,No,No,No,No,Yes,Yes,Month-to-month,Yes,Mailed check,96.38,1912.3,Yes
5614-EZHLU,Female,0,No,No,27,Yes,No,Fiber optic,Yes,No,No,No,No,No,Month-to-month,Yes,Electronic check,86.22,2323.67,Yes
1468-QOHYC,Male,0,No,No,65,Yes,Yes,DSL,No,No,No,No,No,No,Month-to-month,Yes,Electronic check,50.4,3301.18,Yes
7750-WTXBQ,Female,0,Yes,No,36,Yes,Yes,Fiber optic,No,No,No,Yes,Yes,Yes,Month-to-month,No,Mailed check,101.15,3650.4,Yes
2439-OJKVH,Male,0,No,No,59,Yes,Yes,Fiber optic,No,No,No,No,No,No,One year,No,Electronic check,78.73,4650.85,No
4120-HUZSX,Male,0,Yes,No,7,Yes,Yes,DSL,No,No,Yes,No,No,Yes,One year,Yes,Bank transfer (automatic),63.8,464.53,Yes
5550-UMQQF,Female,0,No,No,72,Yes,Yes,Fiber optic,No,Yes,Yes,No,Yes,Yes,Two year,No,Bank transfer (automatic),108.7,7819.75,No
1964-HZXSI,Male,1,No,No,72,Yes,No,DSL,No,Yes,No,No,Yes,No,One year,Yes,Mailed check,70.76,5094.34,No
6647-ZDTYD,Female,0,No,No,27,Yes,No,DSL,No,No,No,Yes,No,Yes,Month-to-month,Yes,Bank transfer (automatic),59.21,1622.91,No
2456-RZTKO,Female,0,Yes,No,26,Yes,No,DSL,No,No,Yes,Yes,Yes,Yes,Month-to-month,Yes,Electronic check,70.29,1832.11,Yes
5141-SFBGA,Male,0,Yes,No,9,Yes,No,Fiber optic,No,Yes,No,No,Yes,No,Two year,Yes,Electronic check,98.54,894.26,No
3296-XEXPO,Female,0,Yes,Yes,3,Yes,Yes,DSL,Yes,No,No,No,Yes,No,Month-to-month,No,Mailed check,58.99,158.1,Yes
7407-UMBPZ,Female,0,No,No,25,Yes,Yes,Fiber optic,No,No,Yes,No,No,No,Two year,Yes,Credit card (automatic),85.35,2114.06,No
2118-NQKKF,Female,1,No,No,62,Yes,Yes,Fiber optic,No,No,No,Yes,Yes,No,Month-to-month,Yes,Electronic check,99.48,6174.76,Yes
9711-PIQJI,Male,0,No,No,72,Yes,No,No,No internet service,No internet service,No internet service,No internet service,No internet service,No internet service,Two year,Yes,Electronic check,22.61,1655.44,No
4120-GXCIY,Male,0,No,No,8,Yes,Yes,DSL,No,No,No,Yes,Yes,No,Two year,No,Mailed check,62.74,451.92,No
4126-SNYWN,Male,0,No,No,68,Yes,Yes,Fiber optic,No,No,No,Yes,Yes,No,Month-to-month,No,Electronic check,88.4,5993.21,Yes
9657-IINDK,Female,0,Yes,No,15,Yes,No,Fiber optic,Yes,No,Yes,No,No,No,Two year,No,Electronic check,87.63,1311.81,No
9952-NTLQF,Female,0,Yes,No,7,Yes,No,DSL,Yes,No,No,No,No,No,Two year,No,Bank transfer (automatic),55.59,402.04,No
5382-NBZFN,Male,0,Yes,Yes,1,Yes,No,DSL,No,No,No,Yes,Yes,Yes,Two year,No,Electronic check,74.42,61.65,No
6997-TRNXV,Female,1,No,No,71,Yes,No,No,No internet service,No internet service,No internet service,No internet service,No internet service,No internet service,Month-to-month,No,Bank transfer (automatic),22.69,1574.76,No
4667-IUYCZ,Female,0,No,No,55,No,No phone service,No,No internet service,No internet service,No internet service,No internet service,No internet service,No internet service,Month-to-month,No,Bank transfer (automatic),19.03,1073.38,No
6188-GSAOC,Female,0,No,No,7,Yes,No,No,No internet service,No internet service,No internet service,No internet service,No internet service,No internet service,Two year,Yes,Mailed check,22.12,134.58,No
3372-EODLV,Male,1,Yes,No,20,Yes,No,No,No internet service,No internet service,No internet service,No internet service,No internet service,No internet service,Month-to-month,Yes,Bank transfer (automatic),21.9,449.75,No
3561-HSZHS,Female,0,No,No,2,Yes,No,Fiber optic,No,No,Yes,No,No,Yes,Month-to-month,Yes,Bank transfer (automatic),91.67,206.52,No
9920-NCQQF,Female,0,Yes,No,55,Yes,No,No,No internet service,No internet service,No internet service,No internet service,No internet service,No internet service,One year,No,Bank transfer (automatic),23.42,1294.86,No
6994-USTUQ,Male,1,No,No,3,Yes,No,Fiber optic,No,Yes,Yes,No,Yes,No,Month-to-month,No,Bank transfer (automatic),96.24,330.19,Yes
9053-OERKK,Male,1,Yes,No,3,Yes,No,No,No internet service,No internet service,No internet service,No internet service,No internet service,No internet service,One year,No,Bank transfer (automatic),20.68,53.89,No
7051-QGBTJ,Female,1,Yes,Yes,43,Yes,Yes,DSL,No,No,Yes,Yes,Yes,Yes,Month-to-month,No,Credit card (automatic),80.15,3456.75,No
5392-TJBUV,Female,1,Yes,Yes,25,No,No phone service,Fiber optic,No,Yes,No,No,Yes,Yes,Two year,No,Electronic check,93.38,2325.75,No
3073-VWDMU,Male,0,Yes,Yes,22,Yes,Yes,DSL,No,No,Yes,No,No,No,Month-to-month,No,Electronic check,51.88,1123.31,No
6449-JDJXN,Female,0,No,No,14,Yes,Yes,Fiber optic,No,No,Yes,No,No,Yes,Month-to-month,No,Bank transfer (automatic),93.37,1322.32,Yes
9014-UOKKN,Female,0,No,No,0,Yes,No,DSL,Yes,No,No,No,No,No,Month-to-month,Yes,Electronic check,55.7,0.0,Yes
7870-IFBIT,Female,0,No,No,69,Yes,No,DSL,Yes,No,Yes,Yes,Yes,No,Two year,No,Mailed check,70.02,4839.62,No
3988-EVBTU,Female,1,Yes,No,56,Yes,No,No,No internet service,No internet service,No internet service,No internet service,No internet service,No internet service,One year,Yes,Mailed check,20.54,1162.59,No
7811-YULYL,Male,0,Yes,Yes,72,No,No phone service,DSL,Yes,No,No,No,No,No,Two year,No,Credit card (automatic),56.12,4017.96,No
9800-HIDCM,Female,0,Yes,No,34,Yes,No,DSL,No,Yes,No,No,Yes,No,Month-to-month,No,Electronic check,62.92,2139.51,No
7437-ZLVKJ,Female,0,No,No,20,Yes,No,DSL,No,No,No,Yes,No,No,Month-to-month,No,Credit card (automatic),56.79,1119.84,Yes
3710-YDKGF,Female,1,No,No,8,Yes,Yes,DSL,Yes,No,No,No,Yes,Yes,Month-to-month,Yes,Credit card (automatic),72.0,579.87,Yes
3130-FPGNR,Female,0,Yes,Yes,20,Yes,No,No,No internet service,No internet service,No internet service,No internet service,No internet service,No internet service,Two year,No,Electronic check,27.34,551.91,No
2866-JLKWS,Female,0,No,No,67,Yes,No,DSL,Yes,No,No,No,Yes,No,Month-to-month,No,Bank transfer (automatic),65.28,4370.46,No
7684-EBJXE,Female,0,Yes,No,72,Yes,No,DSL,Yes,Yes,No,No,No,Yes,Month-to-month,Yes,Mailed check,67.08,4802.22,No
9931-IEZLA,Female,0,Yes,No,7,Yes,No,DSL,No,No,Yes,Yes,No,No,One year,Yes,Electronic check,59.68,443.28,No
2943-YFNCK,Female,0,Yes,Yes,61,Yes,No,DSL,No,No,No,No,Yes,No,Two year,Yes,Credit card (automatic),59.21,3620.44,No
1597-ZJCRI,Male,0,Yes,Yes,6,No,No phone service,DSL,No,No,No,No,No,Yes,Two year,Yes,Bank transfer (automatic),55.68,338.64,No
1330-BEWHS,Female,0,Yes,No,3,Yes,No,DSL,No,Yes,No,No,No,No,One year,No,Electronic check,52.1,162.37,Yes
8381-BBALG,Male,0,No,No,36,Yes,No,No,No internet service,No internet service,No internet service,No internet service,No internet service,No internet service,One year,Yes,Credit card (automatic),30.2,1063.97,No
2110-QDFIE,Female,0,No,No,25,Yes,Yes,No,No internet service,No internet service,No internet service,No internet service,No internet service,No internet service,One year,Yes,Bank transfer (automatic),23.93,593.13,No
7527-GOOJC,Female,0,Yes,No,17,No,No phone service,Fiber optic,Yes,No,No,No,Yes,No,Month-to-month,No,Bank transfer (automatic),88.86,1504.0,Yes
5601-LKMXH,Male,0,Yes,No,33,No,No phone service,Fiber optic,No,No,No,No,Yes,No,One year,Yes,Mailed check,79.64,2659.0,No
3080-TTBFN,Male,0,Yes,Yes,15,Yes,Yes,Fiber optic,No,No,No,Yes,No,Yes,Two year,Yes,Credit card (automatic),90.9,1359.92,No
5626-CLRBP,Male,0,No,No,24,Yes,Yes,Fiber optic,No,Yes,No,Yes,No,No,One year,No,Electronic check,94.38,2266.57,No
6018-SVEWV,Female,0,Yes,No,50,Yes,Yes,DSL,No,Yes,Yes,Yes,No,No,One year,Yes,Electronic check,62.72,3181.4,No
7865-WWDZU,Male,0,Yes,Yes,72,Yes,No,DSL,No,No,Yes,No,Yes,No,One year,Yes,Electronic check,62.29,4475.62,No
9125-DPOBC,Male,0,No,Yes,51,Yes,Yes,No,No internet service,No internet service,No internet service,No internet service,No internet service,No internet service,One year,Yes,Mailed check,26.52,1368.43,No
9183-NLTYL,Male,0,No,Yes,67,Yes,Yes,Fiber optic,Yes,No,Yes,Yes,No,No,Month-to-month,Yes,Electronic check,93.52,6236.3,No
3326-CQEUF,Female,0,No,No,71,No,No phone service,Fiber optic,Yes,No,Yes,No,Yes,Yes,One year,Yes,Credit card (automatic),100.0,7113.15,No
7907-LTMGY,Female,0,Yes,No,4,Yes,No,DSL,No,Yes,No,No,No,No,Two year,No,Mailed check,53.98,191.8,No
8918-IMVSI,Female,0,No,No,56,Yes,No,No,No internet service,No internet service,No internet service,No internet service,No internet service,No internet service,Month-to-month,No,Electronic check,31.57,1770.72,No
5319-TNBHH,Female,0,No,No,5,Yes,No,DSL,Yes,Yes,Yes,No,No,No,Month-to-month,Yes,Credit card (automatic),64.6,319.08,No
2538-TVIXR,Male,1,No,No,11,Yes,No,No,No internet service,No internet service,No internet service,No internet service,No internet service,No internet service,Month-to-month,Yes,Electronic check,18.25,227.0,No
2527-OSYCN,Female,0,No,No,38,No,No phone service,DSL,Yes,No,No,No,Yes,No,Two year,Yes,Mailed check,55.05,2117.55,No
7340-JFQCQ,Male,1,Yes,No,31,Yes,No,No,No internet service,No internet service,No internet service,No internet service,No internet service,No internet service,One year,Yes,Mailed check,25.5,802.67,No
9618-CWQHD,Female,1,Yes,Yes,3,Yes,Yes,Fiber optic,Yes,No,Yes,No,No,No,Month-to-month,No,Credit card (automatic),85.98,268.77,Yes
3919-DNSMZ,Male,0,Yes,Yes,3,Yes,Yes,DSL,Yes,Yes,No,Yes,No,No,Month-to-month,Yes,Bank transfer (automatic),62.54,199.97,Yes
2426-PRLLD,Female,0,Yes,No,23,Yes,Yes,Fiber optic,No,Yes,Yes,No,Yes,Yes,Two year,Yes,Electronic check,105.44,2414.25,No
4222-MPUSL,Female,0,No,No,51,Yes,Yes,No,No internet service,No internet service,No internet service,No internet service,No internet service,No internet service,Two year,No,Mailed check,25.8,1331.22,No
3043-XXSBT,Male,0,No,No,42,Yes,No,DSL,No,Yes,No,Yes,No,No,One year,Yes,Credit card (automatic),58.63,2482.43,No
2110-YELGH,Female,0,Yes,No,15,No,No phone service,No,No internet service,No internet service,No internet service,No internet service,No internet service,No internet service,One year,No,Electronic check,22.15,331.27,No
6887-YEZKK,Male,0,Yes,Yes,5,Yes,Yes,Fiber optic,No,Yes,No,No,No,No,One year,Yes,Mailed check,88.63,455.61,Yes
4294-LVPKD,Female,0,No,No,13,Yes,Yes,No,No internet service,No internet service,No internet service,No internet service,No internet service,No internet service,Month-to-month,No,Credit card (automatic),28.25,369.67,No
6725-VHHFA,Female,0,Yes,No,61,Yes,No,DSL,No,No,Yes,No,Yes,Yes,Month-to-month,Yes,Mailed check,69.2,4247.02,Yes
7321-HZEPG,Female,0,Yes,Yes,27,Yes,No,Fiber optic,No,Yes,No,Yes,Yes,No,Month-to-month,Yes,Electronic check,98.97,2680.82,Yes
5906-DEVWL,Male,0,No,No,13,Yes,No,Fiber optic,No,No,Yes,No,Yes,No,Month-to-month,Yes,Electronic check,93.78,1248.93,No
8839-LVIHG,Male,0,Yes,No,1,Yes,No,Fiber optic,Yes,Yes,Yes,No,No,Yes,Month-to-month,No,Bank transfer (automatic),107.68,133.86,No
2831-JXJHB,Male,0,No,No,5,Yes,No,Fiber optic,Yes,No,No,No,Yes,Yes,One year,Yes,Bank transfer (automatic),107.72,536.09,No
4899-IRHHT,Male,1,Yes,Yes,21,Yes,Yes,DSL,No,No,Yes,No,Yes,Yes,Month-to-month,No,Electronic check,63.54,1354.79,Yes
9697-WWMSV,Male,1,No,No,31,Yes,Yes,No,No internet service,No internet service,No internet service,No internet service,No internet service,No internet service,Month-to-month,Yes,Credit card (automatic),21.58,651.84,No
1644-TUWWX,Female,0,Yes,No,1,Yes,Yes,No,No internet service,No internet service,No internet service,No internet service,No internet service,No internet service,One year,No,Mailed check,23.55,35.34,No
7775-JPEMZ,Male,0,Yes,Yes,2,Yes,No,DSL,Yes,No,No,No,No,No,Two year,No,Electronic check,52.97,124.07,No
6367-XLYEH,Female,0,No,No,65,Yes,Yes,DSL,No,No,Yes,No,No,No,Month-to-month,Yes,Mailed check,52.48,3399.7,No
6877-GLGUZ,Female,0,No,No,43,Yes,Yes,Fiber optic,No,No,No,No,Yes,No,Month-to-month,No,Electronic check,91.2,3930.36,Yes
9946-OUNUR,Male,1,No,No,32,Yes,No,Fiber optic,No,No,No,Yes,No,No,One year,Yes,Electronic check,85.64,2733.61,No
9514-SRCOZ,Male,0,No,No,59,Yes,Yes,No,No internet service,No internet service,No internet service,No internet service,No internet service,No internet service,One year,Yes,Mailed check,26.18,1547.5,No
2143-HJXGM,Male,0,No,No,12,Yes,No,Fiber optic,No,Yes,Yes,Yes,No,No,Two year,Yes,Mailed check,93.4,1105.05,No
5298-TQJOR,Male,0,No,No,8,Yes,No,No,No internet service,No internet service,No internet service,No internet service,No internet service,No internet service,Two year,Yes,Bank transfer (automatic),29.48,255.15,No
1539-AKHQS,Female,0,No,No,19,Yes,No,Fiber optic,No,No,No,Yes,No,Yes,One year,Yes,Mailed check,95.99,1835.81,No
2939-VODIH,Female,0,Yes,No,30,Yes,No,No,No internet service,No internet service,No internet service,No internet service,No internet service,No internet service,Month-to-month,No,Electronic check,28.64,842.07,Yes
5899-LUCGC,Female,0,No,No,7,Yes,No,DSL,Yes,Yes,No,No,No,Yes,Month-to-month,Yes,Electronic check,59.39,422.43,No
1352-RGNOX,Female,0,Yes,Yes,69,Yes,No,DSL,Yes,No,Yes,Yes,No,No,Two year,No,Mailed check,62.37,4315.94,No
9863-LSLSG,Female,1,No,No,18,Yes,Yes,Fiber optic,No,No,Yes,No,No,No,Month-to-month,No,Credit card (automatic),84.44,1506.98,Yes
8666-EAWUW,Male,0,No,No,69,Yes,No,Fiber optic,No,No,No,No,No,Yes,Month-to-month,No,Bank transfer (automatic),85.42,5891.68,No
6957-GSROJ,Female,0,No,No,5,Yes,No,DSL,No,No,No,No,No,No,Month-to-month,Yes,Mailed check,46.13,194.56,No
5005-AJGIN,Female,0,Yes,Yes,68,Yes,No,Fiber optic,No,No,No,Yes,Yes,Yes,Month-to-month,Yes,Electronic check,103.51,7017.76,No
6861-PUIRQ,Female,0,No,No,3,Yes,Yes,DSL,No,No,No,No,Yes,Yes,Two year,Yes,Bank transfer (automatic),60.97,189.31,No
6293-LSRXY,Male,1,No,No,2,Yes,No,DSL,No,Yes,No,No,No,Yes,Month-to-month,No,Electronic check,59.48,112.72,Yes
3055-ZSMPO,Female,0,Yes,No,62,No,No phone service,No,No internet service,No internet service,No internet service,No internet service,No internet service,No internet service,Month-to-month,No,Bank transfer (automatic),19.39,1204.45,No
8469-GPKKO,Male,0,Yes,Yes,69,Yes,No,Fiber optic,No,Yes,No,No,No,No,Two year,Yes,Mailed check,84.43,5871.76,No
3534-LFWGP,Male,0,Yes,Yes,1,Yes,Yes,Fiber optic,Yes,No,Yes,No,No,Yes,Two year,No,Electronic check,104.13,86.21,No
6383-RRPSV,Female,1,No,No,44,Yes,No,No,No internet service,No internet service,No internet service,No internet service,No internet service,No internet service,Month-to-month,Yes,Bank transfer (automatic),30.64,1309.71,Yes
7570-BGZRU,Female,0,No,No,67,Yes,Yes,DSL,No,Yes,No,No,Yes,No,Month-to-month,No,Electronic check,65.62,4377.21,Yes
9595-EPFTC,Male,1,Yes,No,72,Yes,No,Fiber optic,No,Yes,Yes,Yes,Yes,No,Month-to-month,Yes,Bank transfer (automatic),96.56,6956.21,Yes
4661-BBOQH,Male,0,No,No,28,Yes,No,No,No internet service,No internet service,No internet service,No internet service,No internet service,No internet service,Two year,No,Credit card (automatic),25.61,671.99,No
6455-OIVRD,Female,0,Yes,No,39,No,No phone service,Fiber optic,Yes,No,Yes,Yes,Yes,Yes,Two year,No,Mailed check,100.37,3927.07,No
7961-MVSQI,Female,1,Yes,No,72,Yes,No,Fiber optic,No,No,No,No,Yes,No,Month-to-month,No,Bank transfer (automatic),87.6,6269.4,Yes
4458-MINLA,Female,0,Yes,Yes,38,Yes,No,DSL,No,No,Yes,No,No,No,Month-to-month,No,Electronic check,57.13,2172.79,No
2930-AQCMP,Female,1,Yes,Yes,2,Yes,No,Fiber optic,No,No,Yes,Yes,No,Yes,Two year,No,Electronic check,94.47,202.19,No
1081-SGKBP,Male,0,Yes,No,72,Yes,No,Fiber optic,No,Yes,No,No,No,Yes,Month-to-month,Yes,Electronic check,100.37,7186.4,No
5321-KABHT,Male,1,No,No,14,Yes,Yes,Fiber optic,No,No,No,Yes,No,No,Month-to-month,No,Mailed check,89.56,1203.84,Yes
7111-ZQDZP,Male,0,Yes,No,59,No,No phone service,DSL,No,Yes,No,No,No,Yes,Two year,Yes,Mailed check,61.77,3643.44,No
9875-IIVMM,Female,0,No,No,23,Yes,Yes,Fiber optic,Yes,No,No,Yes,No,Yes,One year,Yes,Mailed check,102.98,2354.13,No
6264-TRUKP,Female,1,No,No,43,Yes,Yes,Fiber optic,No,No,Yes,No,Yes,Yes,Month-to-month,Yes,Electronic check,97.87,4172.52,Yes
4728-WWBWI,Male,0,No,No,1,Yes,No,Fiber optic,No,No,No,Yes,No,Yes,Month-to-month,Yes,Electronic check,96.65,98.18,Yes
7521-TIALO,Male,1,Yes,Yes,30,Yes,No,No,No internet service,No internet service,No internet service,No internet service,No internet service,No internet service,Month-to-month,No,Bank transfer (automatic),24.2,756.35,No
3333-PASFE,Female,0,No,No,26,Yes,No,Fiber optic,Yes,Yes,Yes,No,No,No,Two year,Yes,Credit card (automatic),91.7,2394.46,Yes
8652-KBKBN,Male,0,Yes,Yes,7,Yes,No,Fiber optic,No,No,No,Yes,No,Yes,Two year,No,Credit card (automatic),91.22,635.45,No
3447-KZSKD,Male,0,Yes,Yes,16,Yes,Yes,Fiber optic,No,No,No,Yes,No,No,Month-to-month,Yes,Bank transfer (automatic),84.99,1365.88,Yes
8366-JYYAB,Male,0,Yes,No,20,Yes,No,No,No internet service,No internet service,No internet service,No internet service,No internet service,No internet service,Month-to-month,No,Credit card (automatic),29.85,625.52,No
6339-MMDBB,Female,0,No,No,3,Yes,No,DSL,No,No,Yes,Yes,No,No,Month-to-month,Yes,Bank transfer (automatic),63.23,188.11,Yes
2598-XPUAX,Female,0,Yes,No,1,Yes,Yes,Fiber optic,No,Yes,Yes,No,No,No,Month-to-month,Yes,Credit card (automatic),91.38,110.81,Yes
8879-COCGW,Male,0,Yes,No,55,Yes,No,Fiber optic,No,Yes,No,No,No,No,Month-to-month,Yes,Mailed check,84.91,4670.57,Yes
1245-VORFH,Female,0,No,No,8,Yes,Yes,Fiber optic,Yes,No,No,Yes,Yes,No,One year,No,Credit card (automatic),97.4,777.61,No
1659-IHENV,Female,0,Yes,Yes,27,No,No phone service,DSL,No,Yes,No,No,Yes,No,Month-to-month,Yes,Mailed check,58.67,1607.22,No
9777-QDIDL,Female,0,No,No,17,Yes,Yes,No,No internet service,No internet service,No internet service,No internet service,No internet service,No internet service,One year,Yes,Mailed check,25.33,420.98,No
2366-OWPWQ,Male,0,Yes,Yes,72,Yes,No,No,No internet service,No internet service,No internet service,No internet service,No internet service,No internet service,Month-to-month,No,Mailed check,20.44,1487.8,No
8049-ENLUI,Male,0,No,No,7,Yes,No,DSL,Yes,No,No,No,No,Yes,Month-to-month,Yes,Bank transfer (automatic),64.08,448.14,Yes
1415-GOPBB,Female,0,No,No,71,Yes,No,DSL,No,No,No,Yes,No,Yes,Month-to-month,No,Electronic check,65.22,4613.91,No
2302-XHBCN,Female,0,No,No,5,Yes,No,DSL,No,Yes,No,No,Yes,No,One year,No,Bank transfer (automatic),62.82,299.67,No
6986-LRRXH,Female,0,Yes,No,17,Yes,Yes,Fiber optic,Yes,Yes,No,No,No,Yes,Two year,No,Bank transfer (automatic),94.74,1652.87,No
5943-QWZDW,Female,0,Yes,No,58,Yes,No,DSL,No,Yes,No,No,No,Yes,Month-to-month,Yes,Electronic check,69.64,4039.73,No
1511-FLJYY,Female,0,No,No,8,Yes,No,No,No internet service,No internet service,No internet service,No internet service,No internet service,No internet service,Month-to-month,No,Electronic check,25.02,239.84,Yes
7701-RSFZD,Female,1,No,No,48,Yes,No,No,No internet service,No internet service,No internet service,No internet service,No internet service,No internet service,Two year,Yes,Electronic check,19.28,930.09,No
3770-BCUDV,Male,1,No,No,6,Yes,No,No,No internet service,No internet service,No internet service,No internet service,No internet service,No internet service,Month-to-month,No,Credit card (automatic),26.4,169.39,Yes
2483-JDYKO,Male,0,No,No,60,Yes,No,Fiber optic,No,No,No,No,No,No,Month-to-month,Yes,Electronic check,83.95,4987.0,No
7158-SZFVM,Female,1,No,No,9,Yes,No,DSL,No,No,No,No,No,No,Month-to-month,No,Electronic check,47.1,420.28,Yes
5636-EIWAX,Female,0,Yes,Yes,4,Yes,Yes,DSL,Yes,No,No,Yes,Yes,No,One year,Yes,Electronic check,68.37,268.71,No
1944-AQDOJ,Male,0,Yes,No,34,Yes,No,DSL,No,No,No,No,Yes,No,Month-to-month,Yes,Bank transfer (automatic),60.17,2074.68,No
6521-FXEJA,Female,0,Yes,Yes,35,Yes,No,Fiber optic,No,No,Yes,No,Yes,Yes,Two year,No,Mailed check,99.26,3458.94,No
1074-SDTBX,Male,0,No,No,45,Yes,No,No,No internet service,No internet service,No internet service,No internet service,No internet service,No internet service,One year,Yes,Bank transfer (automatic),22.35,1006.57,No
3502-NSRCO,Female,1,Yes,No,4,Yes,No,Fiber optic,No,No,No,No,No,No,Month-to-month,No,Electronic check,88.12,369.86,Yes
6104-CUWAM,Male,0,Yes,No,67,No,No phone service,DSL,Yes,Yes,No,No,No,Yes,Two year,Yes,Credit card (automatic),62.69,4161.73,No
7108-GCHUL,Female,0,No,No,65,Yes,No,DSL,Yes,Yes,No,Yes,No,No,One year,No,Electronic check,62.76,4079.91,Yes
3412-DGIQA,Male,0,Yes,No,64,Yes,Yes,Fiber optic,No,Yes,No,Yes,No,No,Month-to-month,No,Electronic check,91.11,5818.9,No
6490-SEEHN,Male,0,Yes,Yes,27,Yes,No,Fiber optic,No,No,Yes,No,No,No,One year,No,Mailed check,81.2,2232.24,No
5088-CHJCW,Female,0,No,No,17,Yes,No,DSL,Yes,No,Yes,No,No,Yes,Month-to-month,No,Mailed check,67.41,1106.08,No
7143-QVSGP,Male,1,No,No,59,Yes,Yes,Fiber optic,No,Yes,No,No,No,No,Month-to-month,Yes,Electronic check,80.74,4754.74,Yes
4144-IOPLN,Female,0,Yes,No,12,Yes,Yes,Fiber optic,No,Yes,No,No,Yes,No,Month-to-month,Yes,Bank transfer (automatic),88.34,1066.31,No
8235-GRXZY,Male,0,No,No,8,Yes,Yes,Fiber optic,Yes,Yes,No,Yes,No,No,Month-to-month,Yes,Mailed check,94.41,760.42,Yes
1653-AZZPA,Female,0,Yes,Yes,10,No,No phone service,Fiber optic,No,Yes,Yes,No,No,Yes,Two year,Yes,Electronic check,85.73,876.35,Yes
6800-FEMUD,Male,0,No,No,69,Yes,Yes,DSL,No,Yes,No,Yes,Yes,Yes,Month-to-month,Yes,Electronic check,75.43,5231.76,No
6859-WFOXV,Female,0,No,No,35,Yes,No,Fiber optic,Yes,No,No,Yes,No,Yes,Month-to-month,No,Credit card (automatic),100.91,3497.36,Yes
2214-NMNBM,Male,1,No,No,11,Yes,Yes,Fiber optic,No,No,No,No,No,Yes,Month-to-month,Yes,Electronic check,83.92,928.51,Yes
3667-YCONZ,Female,1,Yes,Yes,4,Yes,Yes,DSL,No,Yes,No,Yes,No,Yes,One year,No,Bank transfer (automatic),67.14,282.5,No
9344-LWJCK,Male,0,No,No,15,Yes,Yes,DSL,Yes,Yes,Yes,No,No,No,Month-to-month,Yes,Electronic check,64.23,918.85,No
7882-HDAEW,Female,0,No,No,2,Yes,No,Fiber optic,Yes,No,Yes,No,No,No,Month-to-month,Yes,Bank transfer (automatic),87.87,159.6,No
8184-ITHUO,Female,1,Yes,No,0,Yes,No,Fiber optic,No,Yes,Yes,No,Yes,Yes,Month-to-month,No,Bank transfer (automatic),110.01,0.0,No
5932-NQLGB,Male,0,Yes,No,16,Yes,No,No,No internet service,No internet service,No internet service,No internet service,No internet service,No internet service,Two year,Yes,Electronic check,25.44,452.9,No
5703-NJMEN,Female,1,No,No,8,Yes,Yes,Fiber optic,Yes,Yes,No,No,No,No,Month-to-month,No,Mailed check,84.46,662.06,Yes
7281-MTTYZ,Male,0,Yes,No,36,Yes,No,DSL,No,No,No,No,No,No,Month-to-month,Yes,Electronic check,49.36,1787.96,No
8433-ZPEND,Male,0,Yes,No,1,Yes,Yes,Fiber optic,Yes,No,Yes,No,No,Yes,Month-to-month,No,Mailed check,97.12,93.58,Yes
1636-MCBTB,Male,0,No,No,72,Yes,No,DSL,No,No,Yes,No,No,Yes,One year,Yes,Credit card (automatic),61.52,4454.69,No
8661-GJWYH,Male,0,Yes,No,19,Yes,No,Fiber optic,No,No,Yes,No,Yes,No,Month-to-month,No,Credit card (automatic),93.15,1765.27,No
9810-RBJDL,Female,0,Yes,No,61,Yes,No,Fiber optic,No,No,Yes,Yes,Yes,Yes,Month-to-month,Yes,Electronic check,106.56,6481.3,No
3947-MOCGX,Male,0,Yes,Yes,53,Yes,No,DSL,No,Yes,No,No,Yes,No,Month-to-month,Yes,Bank transfer (automatic),60.24,3184.73,Yes
8771-DDIFN,Male,0,No,No,1,Yes,No,DSL,No,No,Yes,No,No,No,Two year,Yes,Electronic check,55.21,85.54,No
4568-IQHIK,Male,0,No,Yes,5,Yes,Yes,Fiber optic,No,No,No,No,No,No,Two year,No,Credit card (automatic),82.93,409.42,No
1544-FPZNX,Female,1,No,No,33,Yes,Yes,DSL,No,No,No,No,Yes,Yes,Month-to-month,Yes,Bank transfer (automatic),59.51,1941.05,No
8588-DEDYD,Female,0,No,No,4,Yes,Yes,Fiber optic,No,No,No,Yes,Yes,No,Month-to-month,No,Credit card (automatic),94.15,390.72,Yes
1660-LVWRN,Male,0,Yes,Yes,6,Yes,No,DSL,No,No,No,No,No,No,Month-to-month,No,Mailed check,42.41,240.56,No
6657-LXMPF,Male,0,No,No,45,Yes,No,Fiber optic,No,No,No,Yes,No,No,Two year,Yes,Electronic check,82.54,3711.65,No
5333-LRCJO,Female,0,Yes,No,11,Yes,No,Fiber optic,Yes,No,Yes,Yes,Yes,No,Month-to-month,Yes,Bank transfer (automatic),101.31,1114.22,Yes
5434-FSWXC,Female,0,No,No,17,Yes,No,No,No internet service,No internet service,No internet service,No internet service,No internet service,No internet service,One year,Yes,Electronic check,18.82,347.8,No
1673-KHNBZ,Male,0,Yes,Yes,67,Yes,No,DSL,No,No,Yes,No,No,No,One year,Yes,Bank transfer (automatic),54.09,3586.93,No
4057-WCDAF,Female,0,Yes,Yes,15,No,No phone service,Fiber optic,No,No,No,Yes,Yes,Yes,Two year,Yes,Electronic check,97.07,1439.93,No
3339-OYMKK,Female,0,Yes,No,70,Yes,No,Fiber optic,Yes,No,No,No,No,Yes,Month-to-month,No,Electronic check,90.17,6316.78,No
6394-DYPJJ,Male,1,No,No,8,Yes,No,Fiber optic,No,No,No,No,No,Yes,Two year,Yes,Mailed check,87.23,689.99,No
5129-UDBVN,Male,1,Yes,No,19,Yes,No,Fiber optic,No,Yes,No,No,No,No,Month-to-month,Yes,Mailed check,89.86,1713.59,Yes
8606-CGJJB,Female,0,Yes,No,16,No,No phone service,Fiber optic,No,Yes,No,No,No,No,Month-to-month,Yes,Credit card (automatic),73.32,1191.5,Yes
5284-IZRNJ,Female,0,No,Yes,39,Yes,No,No,No internet service,No internet service,No internet service,No internet service,No internet service,No internet service,One year,Yes,Mailed check,29.17,1159.04,No
9722-IULQD,Female,0,Yes,No,54,Yes,Yes,Fiber optic,Yes,Yes,Yes,No,No,No,One year,Yes,Electronic check,91.12,4970.48,No
2572-LOMMU,Male,0,No,No,43,Yes,No,Fiber optic,No,No,No,No,No,No,Month-to-month,Yes,Mailed check,79.83,3428.09,No
4211-EUBNE,Male,0,No,No,0,Yes,No,DSL,No,No,No,No,Yes,No,Month-to-month,Yes,Bank transfer (automatic),66.41,9.49,Yes
5969-WOMQZ,Female,0,Yes,No,54,Yes,Yes,Fiber optic,No,No,No,Yes,Yes,Yes,One year,Yes,Credit card (automatic),105.45,5700.98,No
1908-MCIZN,Female,1,Yes,Yes,12,Yes,No,Fiber optic,Yes,Yes,No,No,No,Yes,Month-to-month,Yes,Bank transfer (automatic),101.18,1220.44,No
5820-PDZOR,Male,0,Yes,No,31,Yes,Yes,Fiber optic,No,No,Yes,Yes,No,No,Month-to-month,No,Mailed check,92.1,2870.79,No
9570-OTYCG,Female,0,Yes,Yes,16,Yes,No,DSL,No,No,Yes,No,Yes,No,Month-to-month,Yes,Electronic check,59.49,956.85,No
1123-VDQLT,Male,0,Yes,Yes,19,Yes,No,DSL,Yes,No,Yes,No,No,Yes,Two year,No,Bank transfer (automatic),71.66,1377.62,No
4186-CSITU,Male,0,Yes,Yes,72,Yes,No,No,No internet service,No internet service,No internet service,No internet service,No internet service,No internet service,Month-to-month,Yes,Bank transfer (automatic),26.29,1877.76,No
2916-JSIIX,Male,0,Yes,Yes,25,Yes,Yes,DSL,No,Yes,No,No,No,No,Month-to-month,Yes,Mailed check,51.3,1257.63,No
8068-DNTYL,Male,0,No,No,27,Yes,No,Fiber optic,No,No,No,Yes,Yes,No,Month-to-month,Yes,Credit card (automatic),99.74,2721.47,Yes
6994-BYQJB,Female,1,No,No,65,Yes,No,DSL,No,No,No,No,No,No,Month-to-month,Yes,Electronic check,52.17,3389.9,No
2033-INLYY,Female,0,Yes,Yes,43,Yes,No,DSL,No,No,No,Yes,Yes,No,Month-to-month,Yes,Bank transfer (automatic),64.39,2770.6,No
4036-GXWBI,Female,0,No,No,55,Yes,Yes,No,No internet service,No internet service,No internet service,No internet service,No internet service,No internet service,One year,No,Bank transfer (automatic),32.88,1831.03,No
4193-WGRIC,Male,1,No,Yes,12,Yes,No,Fiber optic,Yes,No,No,No,No,Yes,One year,Yes,Electronic check,92.29,1097.78,No
9750-LQWBJ,Female,0,Yes,Yes,24,Yes,No,No,No internet service,No internet service,No internet service,No internet service,No internet service,No internet service,One year,Yes,Electronic check,27.75,671.07,No
5821-LKJMG,Female,0,Yes,No,5,Yes,No,No,No internet service,No internet service,No internet service,No internet service,No internet service,No internet service,Two year,Yes,Mailed check,25.73,115.64,No
5204-AXTHH,Female,0,Yes,Yes,24,Yes,Yes,Fiber optic,Yes,No,No,No,No,Yes,Month-to-month,No,Electronic check,98.33,2363.72,Yes
4242-IXXKI,Male,0,Yes,Yes,9,Yes,Yes,Fiber optic,No,No,No,No,No,No,One year,No,Mailed check,81.69,728.33,No
2681-HHMLE,Female,0,No,No,9,Yes,No,No,No internet service,No internet service,No internet service,No internet service,No internet service,No internet service,Month-to-month,Yes,Mailed check,23.28,187.95,No
9981-AAARH,Male,0,No,No,66,Yes,No,Fiber optic,No,No,Yes,Yes,Yes,Yes,Two year,Yes,Mailed check,105.61,6970.86,No
6092-GMTLD,Female,0,Yes,No,66,Yes,No,DSL,No,Yes,No,No,No,Yes,Two year,Yes,Credit card (automatic),65.87,4327.74,No
8684-FBBAL,Female,0,No,No,72,Yes,No,DSL,No,Yes,Yes,Yes,No,No,One year,Yes,Mailed check,61.93,4454.31,No
4642-RMTJS,Female,0,Yes,Yes,5,Yes,No,DSL,Yes,No,Yes,No,Yes,Yes,One year,No,Mailed check,70.24,340.78,No
8706-KFYII,Male,0,Yes,No,15,No,No phone service,Fiber optic,Yes,Yes,No,No,No,No,Month-to-month,Yes,Credit card (automatic),83.32,1231.53,Yes
8791-RLEQK,Male,0,Yes,Yes,4,Yes,No,No,No internet service,No internet service,No internet service,No internet service,No internet service,No internet service,Month-to-month,Yes,Mailed check,20.7,113.22,No
5661-TXRXF,Female,0,Yes,Yes,17,Yes,No,No,No internet service,No internet service,No internet service,No internet service,No internet service,No internet service,Two year,No,Electronic check,29.45,536.86,No
2141-OASDY,Female,0,Yes,No,53,No,No phone service,Fiber optic,No,No,No,No,No,Yes,Two year,No,Mailed check,78.43,4149.05,No
6730-JHYMD,Male,0,No,No,29,Yes,No,No,No internet service,No internet service,No internet service,No internet service,No internet service,No internet service,Month-to-month,Yes,Electronic check,31.06,943.17,No
6131-ROTNN,Female,0,Yes,No,60,Yes,No,No,No internet service,No internet service,No internet service,No internet service,No internet service,No internet service,One year,No,Electronic check,21.16,1249.57,No
5582-OLWNU,Female,0,Yes,Yes,15,Yes,Yes,No,No internet service,No internet service,No internet service,No internet service,No internet service,No internet service,Two year,No,Electronic check,22.38,331.38,No
7894-LSOMF,Male,0,Yes,Yes,55,Yes,No,Fiber optic,Yes,Yes,Yes,No,No,No,Two year,Yes,Electronic check,98.15,5393.62,No
6981-BYJJY,Male,1,Yes,Yes,57,Yes,No,Fiber optic,No,No,No,Yes,No,Yes,Month-to-month,No,Electronic check,92.54,5278.3,Yes
8173-TUOGB,Male,1,Yes,No,72,Yes,No,Fiber optic,No,No,Yes,Yes,Yes,No,Two year,Yes,Bank transfer (automatic),92.73,6693.25,No
2113-VQNEV,Female,0,Yes,No,16,Yes,No,Fiber optic,Yes,No,No,No,Yes,Yes,Month-to-month,No,Bank transfer (automatic),105.48,1681.54,Yes
1494-IJZPW,Male,0,No,No,6,Yes,No,DSL,No,No,Yes,No,No,Yes,Two year,No,Credit card (automatic),60.32,348.49,No
7608-OHSGD,Female,0,No,No,12,Yes,No,Fiber optic,No,No,Yes,No,No,Yes,One year,Yes,Credit card (automatic),88.1,1051.18,Yes
7880-MOKNW,Male,0,Yes,No,55,Yes,Yes,Fiber optic,No,Yes,No,No,No,Yes,Two year,Yes,Mailed check,89.42,4939.61,No
7352-XSEJU,Male,0,No,No,71,Yes,No,DSL,Yes,No,Yes,Yes,No,No,Month-to-month,Yes,Mailed check,65.14,4636.96,Yes
6339-QDICW,Male,0,No,No,11,Yes,No,Fiber optic,No,No,Yes,No,No,No,One year,Yes,Bank transfer (automatic),82.75,904.45,Yes
2860-DQNPQ,Female,0,Yes,Yes,2,Yes,No,Fiber optic,Yes,No,Yes,Yes,No,No,One year,No,Bank transfer (automatic),93.99,178.91,No
8843-IRHYP,Male,1,No,No,2,Yes,Yes,Fiber optic,No,Yes,Yes,No,No,No,Month-to-month,Yes,Credit card (automatic),88.5,167.65,Yes
2330-QBWML,Male,1,No,Yes,29,Yes,No,No,No internet service,No internet service,No internet service,No internet service,No internet service,No internet service,Month-to-month,No,Credit card (automatic),23.51,687.57,No
1093-KXAJY,Female,0,Yes,Yes,25,No,No phone service,Fiber optic,No,No,Yes,Yes,No,No,One year,Yes,Bank transfer (automatic),77.32,1960.14,Yes
1165-UYNIU,Female,0,Yes,Yes,1,Yes,No,Fiber optic,Yes,No,Yes,No,Yes,No,Month-to-month,Yes,Credit card (automatic),95.08,104.02,Yes
8582-TQHUF,Male,0,Yes,Yes,64,Yes,Yes,Fiber optic,No,No,Yes,Yes,Yes,No,Month-to-month,No,Mailed check,96.21,6146.05,No
8434-HJEUU,Male,0,No,Yes,63,Yes,No,DSL,No,Yes,No,Yes,No,Yes,One year,Yes,Mailed check,79.92,5053.72,No
8245-GXJQX,Female,0,No,No,4,Yes,No,Fiber optic,No,No,Yes,Yes,Yes,Yes,Month-to-month,Yes,Electronic check,108.94,466.05,Yes
2888-TBVMZ,Male,0,No,No,7,Yes,No,Fiber optic,No,Yes,No,No,Yes,Yes,Month-to-month,No,Bank transfer (automatic),101.58,691.4,Yes
5843-CHZBQ,Female,1,No,No,2,Yes,No,Fiber optic,No,Yes,Yes,Yes,Yes,Yes,Month-to-month,Yes,Credit card (automatic),117.09,207.88,No
6044-KZDNU,Male,0,No,No,58,Yes,Yes,Fiber optic,No,Yes,Yes,Yes,Yes,No,Month-to-month,Yes,Bank transfer (automatic),102.2,5882.47,Yes
2514-SBLPW,Female,1,No,No,21,Yes,Yes,DSL,No,No,No,No,No,No,Month-to-month,Yes,Bank transfer (automatic),47.8,994.61,No
2664-SGCQH,Male,0,Yes,Yes,5,No,No phone service,DSL,Yes,No,No,No,Yes,No,One year,Yes,Electronic check,55.82,266.75,No
8918-NYNQK,Female,0,Yes,Yes,37,Yes,No,Fiber optic,No,No,Yes,No,No,Yes,Two year,Yes,Mailed check,90.92,3354.16,No
3939-NFSUC,Female,0,Yes,No,9,Yes,No,Fiber optic,No,Yes,No,No,No,Yes,One year,No,Credit card (automatic),98.08,876.76,No
6829-STFDW,Female,0,Yes,No,2,Yes,No,DSL,Yes,Yes,Yes,No,Yes,Yes,Two year,No,Mailed check,79.69,169.33,No
8579-ZMWVM,Male,0,No,No,2,Yes,Yes,DSL,Yes,No,No,Yes,No,Yes,Month-to-month,No,Credit card (automatic),63.41,126.81,No
9164-MDVYE,Female,0,Yes,No,39,Yes,Yes,Fiber optic,Yes,No,No,No,No,Yes,One year,Yes,Electronic check,95.8,3715.11,No
7844-TKMMS,Female,1,No,No,5,Yes,No,DSL,No,No,No,No,No,Yes,One year,Yes,Credit card (automatic),60.73,310.31,No
5329-YFYWU,Female,0,Yes,Yes,16,Yes,No,DSL,Yes,Yes,No,Yes,No,No,Two year,No,Electronic check,66.95,1098.16,No
6998-WMMWF,Female,0,No,No,57,Yes,Yes,No,No internet service,No internet service,No internet service,No internet service,No internet service,No internet service,Two year,No,Mailed check,23.64,1340.47,No
3788-SAGSU,Male,1,Yes,No,16,Yes,Yes,DSL,No,No,No,No,No,No,Month-to-month,Yes,Bank transfer (automatic),45.2,733.91,No
3419-VOAZJ,Female,0,Yes,Yes,41,Yes,No,DSL,No,No,No,No,Yes,Yes,Two year,No,Bank transfer (automatic),63.97,2613.55,No
7795-KYJKN,Female,0,No,No,14,Yes,Yes,DSL,No,Yes,Yes,Yes,No,No,One year,Yes,Credit card (automatic),58.99,825.7,No
4802-UWPCW,Female,0,No,Yes,35,Yes,Yes,DSL,No,Yes,No,No,No,No,Two year,Yes,Electronic check,60.82,2116.6,No
4529-TGFSW,Male,1,No,No,72,No,No phone service,Fiber optic,Yes,No,Yes,No,No,No,Month-to-month,Yes,Mailed check,83.62,5985.64,No
2586-VULBU,Male,0,Yes,No,11,Yes,No,DSL,No,Yes,No,No,No,No,Month-to-month,No,Mailed check,50.22,566.28,Yes
4935-SPJKF,Male,0,No,No,11,Yes,No,No,No internet service,No internet service,No internet service,No internet service,No internet service,No internet service,Month-to-month,Yes,Electronic check,29.82,330.9,No
7475-FTHVA,Male,0,No,Yes,11,No,No phone service,Fiber optic,No,No,No,No,No,No,One year,No,Mailed check,76.0,846.92,No
8112-RBUYB,Male,0,No,No,30,Yes,No,No,No internet service,No internet service,No internet service,No internet service,No internet service,No internet service,Month-to-month,No,Mailed check,21.23,631.35,No
1410-OTLQV,Female,0,No,No,54,Yes,No,DSL,No,No,Yes,No,Yes,Yes,Month-to-month,No,Bank transfer (automatic),73.26,3974.05,Yes
6533-HZXUQ,Female,0,No,No,24,Yes,No,No,No internet service,No internet service,No internet service,No internet service,No internet service,No internet service,Month-to-month,Yes,Bank transfer (automatic),24.67,571.5,No
5762-WLZWQ,Female,0,No,Yes,18,No,No phone service,Fiber optic,No,Yes,No,No,No,Yes,Month-to-month,Yes,Credit card (automatic),87.61,1552.58,No
9485-RFTLG,Male,0,Yes,Yes,62,Yes,Yes,Fiber optic,No,Yes,No,No,No,No,Two year,Yes,Mailed check,91.23,5655.1,No
2313-BGHPB,Female,1,Yes,Yes,62,Yes,No,Fiber optic,No,No,No,Yes,Yes,Yes,Month-to-month,No,Bank transfer (automatic),98.16,6091.54,No
6457-SEWJZ,Male,0,No,No,8,Yes,Yes,Fiber optic,No,No,No,Yes,No,Yes,Month-to-month,No,Bank transfer (automatic),91.35,700.46,No
9330-NWWXF,Male,0,No,No,16,Yes,Yes,Fiber optic,Yes,Yes,Yes,No,No,No,Two year,No,Bank transfer (automatic),98.24,1536.37,No
1257-TOMEE,Male,0,Yes,No,50,No,No phone service,DSL,Yes,No,No,Yes,Yes,Yes,Two year,Yes,Bank transfer (automatic),70.31,3491.53,No
1502-AGMEC,Male,0,No,No,69,Yes,No,No,No internet service,No internet service,No internet service,No internet service,No internet service,No internet service,One year,No,Electronic check,28.74,1972.1,No
2206-DCQOZ,Male,0,No,No,30,Yes,No,DSL,Yes,No,No,No,No,Yes,Month-to-month,Yes,Mailed check,66.47,1992.05,No
4119-DOEHS,Male,0,Yes,Yes,69,Yes,No,DSL,No,No,Yes,No,Yes,No,Month-to-month,No,Electronic check,63.9,4394.6,No
8326-FXYGM,Female,1,Yes,Yes,30,Yes,No,DSL,Yes,Yes,Yes,Yes,Yes,No,Two year,Yes,Electronic check,71.63,2170.14,No
2084-VFZOI,Male,0,No,No,54,Yes,Yes,Fiber optic,Yes,Yes,Yes,No,No,No,Month-to-month,Yes,Mailed check,91.91,4964.05,Yes
7341-ZXKUO,Male,0,No,No,27,No,No phone service,No,No internet service,No internet service,No internet service,No internet service,No internet service,No internet service,Month-to-month,Yes,Bank transfer (automatic),19.02,538.6,No
5082-QLCXC,Male,0,No,No,2,Yes,Yes,DSL,No,No,Yes,No,Yes,Yes,Month-to-month,Yes,Bank transfer (automatic),77.61,157.64,Yes
5221-BTTWB,Female,0,No,No,14,Yes,No,DSL,Yes,No,No,No,No,Yes,Month-to-month,Yes,Electronic check,65.74,924.24,No
3154-FBNFZ,Female,0,Yes,Yes,8,Yes,Yes,Fiber optic,No,No,No,No,No,No,Month-to-month,Yes,Electronic check,79.06,639.74,Yes
3995-SAXWV,Male,0,Yes,Yes,49,Yes,No,DSL,Yes,No,No,No,No,Yes,Month-to-month,No,Electronic check,64.54,3157.1,No
8851-SIKJP,Female,1,Yes,Yes,23,Yes,Yes,No,No internet service,No internet service,No internet service,No internet service,No internet service,No internet service,Two year,Yes,Bank transfer (automatic),25.3,566.83,No
2258-KSXGU,Female,0,No,No,5,Yes,Yes,DSL,Yes,No,Yes,No,No,Yes,Month-to-month,Yes,Credit card (automatic),67.45,381.92,No
3381-EYVAA,Female,0,No,No,16,Yes,Yes,Fiber optic,Yes,No,No,No,No,No,Two year,Yes,Bank transfer (automatic),79.82,1287.33,No
8732-VOPNM,Male,0,Yes,No,6,Yes,No,DSL,No,No,No,No,No,No,Two year,No,Credit card (automatic),48.57,287.06,No
3871-GXNPU,Female,0,Yes,Yes,25,Yes,Yes,Fiber optic,No,No,No,No,No,No,Month-to-month,No,Credit card (automatic),78.52,1955.62,No
7230-GCRND,Female,0,Yes,No,68,Yes,No,DSL,No,No,No,No,Yes,No,Two year,No,Electronic check,61.75,4196.26,No
1517-ZUHTK,Female,0,Yes,Yes,56,Yes,No,Fiber optic,No,No,No,Yes,Yes,Yes,Month-to-month,Yes,Credit card (automatic),100.58,5627.69,No
2086-DQUKD,Male,0,No,No,67,Yes,Yes,Fiber optic,Yes,No,Yes,Yes,No,No,Month-to-month,Yes,Bank transfer (automatic),94.47,6302.15,Yes
8767-OHAIS,Female,0,No,No,7,Yes,No,DSL,No,Yes,No,No,No,No,Month-to-month,No,Electronic check,52.57,319.89,No
7843-GYFQD,Female,0,No,No,26,Yes,No,No,No internet service,No internet service,No internet service,No internet service,No internet service,No internet service,One year,Yes,Credit card (automatic),22.74,587.05,No
1079-JLULV,Female,0,Yes,Yes,59,No,No phone service,Fiber optic,Yes,No,Yes,No,Yes,Yes,Two year,No,Electronic check,100.41,5952.56,No
8377-YEIYW,Female,1,No,No,9,Yes,No,DSL,No,No,No,No,No,No,Two year,Yes,Bank transfer (automatic),49.9,463.86,No
4344-SSDPS,Male,1,No,No,20,Yes,No,Fiber optic,No,Yes,No,No,No,No,Month-to-month,Yes,Electronic check,84.78,1694.74,Yes
4528-FZGRI,Female,0,No,No,58,Yes,No,DSL,Yes,Yes,No,Yes,No,Yes,One year,Yes,Electronic check,75.35,4391.22,No
3792-SGYTB,Male,0,No,Yes,66,Yes,No,Fiber optic,No,No,No,Yes,No,Yes,One year,Yes,Mailed check,92.22,6084.78,No
4643-TJKGG,Female,0,Yes,Yes,39,Yes,No,No,No internet service,No internet service,No internet service,No internet service,No internet service,No internet service,Month-to-month,Yes,Electronic check,29.76,1173.59,No
8077-BUQPR,Male,0,No,No,5,Yes,Yes,No,No internet service,No internet service,No internet service,No internet service,No internet service,No internet service,Month-to-month,No,Mailed check,25.23,137.01,No
5419-BDYLN,Male,0,No,No,7,Yes,Yes,No,No internet service,No internet service,No internet service,No internet service,No internet service,No internet service,Month-to-month,No,Electronic check,22.75,154.49,No
9588-QGUNS,Female,0,No,No,13,Yes,Yes,Fiber optic,No,Yes,No,No,Yes,Yes,Month-to-month,Yes,Credit card (automatic),106.92,1405.19,No
3912-DPLTZ,Male,0,No,No,2,Yes,Yes,Fiber optic,No,No,No,No,No,No,Month-to-month,Yes,Bank transfer (automatic),78.03,133.92,Yes
4343-NTKVI,Female,1,Yes,No,34,Yes,No,Fiber optic,No,No,No,No,No,No,One year,Yes,Electronic check,81.02,2750.82,Yes
1616-CBWMU,Female,0,No,No,59,Yes,No,DSL,No,No,Yes,No,Yes,Yes,Two year,Yes,Credit card (automatic),71.34,4256.89,No
2608-DQAWE,Female,0,No,No,72,Yes,No,Fiber optic,No,No,Yes,No,No,Yes,Two year,Yes,Credit card (automatic),99.18,7127.34,No
1051-STHIE,Female,0,Yes,No,55,Yes,Yes,Fiber optic,Yes,No,No,No,No,No,Month-to-month,No,Credit card (automatic),84.95,4681.33,No
3216-DTUOS,Female,0,Yes,No,15,Yes,Yes,DSL,Yes,Yes,No,No,Yes,No,Month-to-month,Yes,Electronic check,67.8,1001.39,No
7503-MDNXH,Female,0,No,No,9,Yes,No,Fiber optic,Yes,Yes,No,No,No,Yes,Month-to-month,No,Credit card (automatic),101.7,880.11,No
2671-BLDRF,Female,0,No,No,15,Yes,Yes,No,No internet service,No internet service,No internet service,No internet service,No internet service,No internet service,Month-to-month,Yes,Bank transfer (automatic),18.9,292.83,No
3763-ROFLA,Male,0,Yes,Yes,11,Yes,No,No,No internet service,No internet service,No internet service,No internet service,No internet service,No internet service,One year,Yes,Electronic check,24.67,287.23,Yes
3640-QQAJY,Male,1,Yes,No,4,Yes,No,Fiber optic,No,No,Yes,Yes,Yes,Yes,One year,No,Electronic check,105.71,418.57,Yes
3510-UKQTJ,Male,0,Yes,No,17,Yes,No,DSL,No,No,No,No,No,No,One year,No,Mailed check,47.15,772.13,No
7094-ICTTT,Male,0,Yes,Yes,62,No,No phone service,No,No internet service,No internet service,No internet service,No internet service,No internet service,No internet service,Month-to-month,Yes,Mailed check,18.25,1128.25,No
4397-EWIOS,Female,0,No,No,8,No,No phone service,Fiber optic,No,No,Yes,No,Yes,No,Two year,No,Mailed check,88.8,713.11,No
4129-ZIMEM,Female,0,No,No,13,Yes,No,DSL,No,No,Yes,Yes,Yes,No,Month-to-month,Yes,Electronic check,72.67,957.73,Yes
4652-SYUHS,Female,0,Yes,No,20,Yes,Yes,Fiber optic,No,Yes,No,No,No,No,Month-to-month,No,Bank transfer (automatic),74.06,1445.23,No
5821-FPEVA,Male,1,Yes,Yes,11,Yes,No,No,No internet service,No internet service,No internet service,No internet service,No internet service,No internet service,Month-to-month,Yes,Electronic check,26.42,268.42,No
8263-DNRPE,Female,0,No,No,5,Yes,No,DSL,No,Yes,No,Yes,Yes,Yes,One year,Yes,Electronic check,73.14,333.97,No
2124-JJHDW,Female,1,Yes,Yes,1,Yes,Yes,No,No internet service,No internet service,No internet service,No internet service,No internet service,No internet service,Month-to-month,No,Electronic check,27.1,37.33,Yes
9372-MTYAE,Male,0,Yes,Yes,1,Yes,No,Fiber optic,No,Yes,Yes,No,Yes,No,Two year,Yes,Credit card (automatic),97.61,95.02,Yes
3459-TNLOU,Male,0,Yes,No,33,Yes,Yes,Fiber optic,Yes,Yes,Yes,No,No,No,One year,No,Credit card (automatic),96.77,3202.05,No
8019-ZDWHX,Female,0,No,No,34,Yes,No,DSL,No,No,Yes,No,No,No,One year,Yes,Electronic check,57.92,1982.13,No
8025-SDQAG,Female,0,Yes,No,67,Yes,No,Fiber optic,No,Yes,Yes,Yes,Yes,No,Month-to-month,No,Credit card (automatic),108.59,7291.7,No
4747-IBXVE,Female,1,Yes,Yes,17,Yes,No,Fiber optic,No,No,No,No,No,No,Month-to-month,No,Mailed check,80.06,1335.31,Yes
3423-GCPHV,Male,0,Yes,No,25,Yes,Yes,DSL,Yes,Yes,Yes,Yes,No,No,Month-to-month,Yes,Bank transfer (automatic),72.33,1822.03,No
1468-WHYBV,Male,0,No,No,20,Yes,Yes,Fiber optic,No,No,No,Yes,Yes,Yes,One year,No,Credit card (automatic),101.99,2024.07,Yes
4888-KAKNO,Female,0,Yes,No,70,Yes,Yes,DSL,No,Yes,Yes,Yes,Yes,No,One year,No,Bank transfer (automatic),70.13,4868.79,No
4664-BJVQR,Male,0,No,No,30,Yes,No,Fiber optic,No,No,Yes,Yes,Yes,No,Month-to-month,Yes,Electronic check,96.01,2893.69,No
9648-QPYDD,Male,0,No,No,61,Yes,Yes,Fiber optic,No,No,No,No,Yes,No,Month-to-month,No,Electronic check,88.67,5398.68,Yes
2882-GHFWX,Female,0,Yes,Yes,5,Yes,Yes,Fiber optic,No,No,No,Yes,Yes,No,Month-to-month,No,Credit card (automatic),88.42,453.98,No
1409-NZJJT,Male,0,Yes,Yes,12,No,No phone service,Fiber optic,Yes,Yes,No,Yes,Yes,Yes,Month-to-month,Yes,Credit card (automatic),101.26,1213.24,No
8118-PMVHR,Male,0,No,No,3,Yes,Yes,DSL,No,Yes,Yes,No,No,Yes,Two year,No,Electronic check,72.94,261.79,No
8308-WGXKS,Male,0,No,No,61,Yes,No,No,No internet service,No internet service,No internet service,No internet service,No internet service,No internet service,Month-to-month,Yes,Electronic check,24.24,1498.91,No
6237-WFFEQ,Male,0,Yes,Yes,6,Yes,No,Fiber optic,No,No,No,No,Yes,No,Month-to-month,Yes,Credit card (automatic),87.9,528.58,Yes
5676-MIMDN,Female,0,Yes,No,13,Yes,Yes,No,No internet service,No internet service,No internet service,No internet service,No internet service,No internet service,Month-to-month,No,Credit card (automatic),28.48,378.48,Yes
8548-NUZFF,Female,1,No,No,19,Yes,No,DSL,Yes,Yes,No,Yes,No,Yes,Two year,Yes,Electronic check,78.32,1477.05,No
4505-HTWML,Female,0,No,No,7,Yes,Yes,DSL,No,Yes,Yes,No,No,Yes,Month-to-month,Yes,Electronic check,69.46,512.88,Yes
3504-NCNMW,Female,1,No,Yes,65,Yes,No,Fiber optic,No,No,Yes,No,No,Yes,Two year,Yes,Mailed check,95.52,6199.16,No
7863-BIWFM,Male,0,No,No,49,Yes,Yes,DSL,Yes,No,Yes,No,Yes,Yes,Month-to-month,Yes,Bank transfer (automatic),74.44,3625.6,No
2447-UKUZP,Male,1,No,No,7,Yes,No,Fiber optic,No,No,No,No,No,No,Month-to-month,Yes,Mailed check,80.29,576.28,Yes
6268-LGYLL,Female,1,Yes,No,63,Yes,No,DSL,No,No,No,No,No,No,Two year,No,Bank transfer (automatic),54.01,3385.01,No
4345-TPVDB,Female,1,Yes,No,63,Yes,Yes,DSL,No,No,Yes,No,No,No,Month-to-month,No,Mailed check,57.29,3614.3,No
2790-BTIKB,Male,0,No,Yes,18,Yes,No,DSL,No,Yes,No,No,No,No,Month-to-month,No,Electronic check,56.42,1036.41,No
1376-KMBDN,Female,0,No,No,72,Yes,Yes,No,No internet service,No internet service,No internet service,No internet service,No internet service,No internet service,Month-to-month,Yes,Electronic check,28.38,2025.53,No
9250-SVQGW,Female,0,Yes,Yes,70,Yes,Yes,DSL,Yes,No,No,No,No,No,Month-to-month,Yes,Mailed check,51.37,3570.41,No
5728-NTNHV,Male,0,Yes,Yes,3,Yes,No,DSL,No,Yes,Yes,Yes,No,No,Two year,Yes,Bank transfer (automatic),61.43,168.45,No
4295-UFKSH,Female,0,No,Yes,15,Yes,Yes,Fiber optic,No,Yes,No,Yes,No,No,Month-to-month,No,Electronic check,89.1,1327.36,Yes
2787-WJYXI,Female,0,Yes,No,10,Yes,No,Fiber optic,No,No,No,No,No,No,Month-to-month,No,Credit card (automatic),77.71,793.9,Yes
5704-OJWCX,Male,0,No,Yes,2,Yes,Yes,No,No internet service,No internet service,No internet service,No internet service,No internet service,No internet service,Month-to-month,No,Credit card (automatic),25.48,50.66,Yes
2284-CIVNW,Male,0,Yes,No,66,No,No phone service,No,No internet service,No internet service,No internet service,No internet service,No internet service,No internet service,Month-to-month,No,Credit card (automatic),18.25,1203.43,No
4232-CZFPL,Female,0,No,No,0,Yes,Yes,Fiber optic,No,No,Yes,Yes,No,No,Month-to-month,Yes,Bank transfer (automatic),89.78,30.71,Yes
3156-LUZKW,Male,0,No,No,21,Yes,No,DSL,No,Yes,No,No,No,Yes,Month-to-month,Yes,Credit card (automatic),60.71,1255.32,No
9186-HYMAA,Female,0,No,No,3,Yes,Yes,No,No internet service,No internet service,No internet service,No internet service,No internet service,No internet service,Month-to-month,Yes,Mailed check,30.52,80.76,Yes
4002-EKVCZ,Male,0,Yes,No,22,Yes,No,No,No internet service,No internet service,No internet service,No internet service,No internet service,No internet service,Month-to-month,No,Credit card (automatic),21.37,500.37,No
7135-OFYTN,Male,1,No,No,7,Yes,No,No,No internet service,No internet service,No internet service,No internet service,No internet service,No internet service,Two year,Yes,Mailed check,23.23,160.58,No
6407-XMVAU,Female,0,Yes,Yes,63,Yes,Yes,Fiber optic,No,No,Yes,Yes,Yes,No,Month-to-month,Yes,Credit card (automatic),101.13,6363.97,Yes
2818-RAJXE,Female,1,No,No,4,Yes,No,No,No internet service,No internet service,No internet service,No internet service,No internet service,No internet service,One year,Yes,Electronic check,25.65,102.56,Yes
4185-WVLAL,Female,0,Yes,No,18,Yes,No,DSL,No,No,Yes,No,Yes,Yes,Month-to-month,Yes,Electronic check,74.92,1373.18,No
1207-NHEOJ,Male,0,Yes,Yes,26,No,No phone service,DSL,No,No,Yes,Yes,No,No,One year,No,Credit card (automatic),59.08,1512.74,No
6891-WFLLO,Female,0,Yes,Yes,25,Yes,Yes,DSL,No,No,No,No,No,No,Month-to-month,No,Bank transfer (automatic),49.67,1215.98,No
4502-ILQYZ,Female,0,No,No,17,Yes,No,No,No internet service,No internet service,No internet service,No internet service,No internet service,No internet service,Month-to-month,No,Mailed check,22.71,394.63,No
4584-MAJAP,Male,1,Yes,Yes,38,Yes,No,No,No internet service,No internet service,No internet service,No internet service,No internet service,No internet service,Two year,No,Electronic check,24.23,935.46,No
4800-FBFZY,Female,0,No,No,12,Yes,Yes,No,No internet service,No internet service,No internet service,No internet service,No internet service,No internet service,Month-to-month,No,Electronic check,27.43,330.67,Yes
2057-JDLAH,Female,0,No,No,50,No,No phone service,Fiber optic,Yes,No,Yes,No,Yes,No,Month-to-month,Yes,Credit card (automatic),92.46,4599.14,No
2109-NVBBX,Male,0,Yes,Yes,4,Yes,No,DSL,No,No,No,No,No,No,One year,Yes,Bank transfer (automatic),49.68,214.96,No
7759-EYRHL,Male,0,Yes,No,34,Yes,No,DSL,Yes,Yes,No,No,Yes,Yes,One year,No,Credit card (automatic),70.95,2445.89,No
6550-VKQKZ,Female,0,No,No,12,Yes,No,DSL,Yes,Yes,No,No,No,No,Month-to-month,Yes,Mailed check,57.11,691.87,Yes
1389-WORPV,Male,0,No,No,14,Yes,No,DSL,No,No,No,No,No,Yes,One year,Yes,Electronic check,59.5,831.95,No
5750-PASQN,Female,0,No,Yes,61,Yes,Yes,Fiber optic,No,Yes,No,No,No,No,One year,Yes,Electronic check,80.81,4947.03,No
7777-CTMPQ,Female,0,No,No,19,No,No phone service,No,No internet service,No internet service,No internet service,No internet service,No internet service,No internet service,Two year,No,Electronic check,19.85,357.16,No
1255-FSCNY,Male,1,No,No,72,Yes,Yes,Fiber optic,No,Yes,No,No,Yes,Yes,Month-to-month,Yes,Credit card (automatic),100.4,7238.71,No
2526-IKGTO,Female,0,No,Yes,16,Yes,No,Fiber optic,No,No,No,No,No,Yes,Two year,Yes,Electronic check,91.98,1490.09,No
5504-QBYBN,Female,0,No,No,1,Yes,No,DSL,No,Yes,No,Yes,No,No,Two year,Yes,Credit card (automatic),58.85,82.27,No
7357-JBZZL,Female,0,Yes,No,22,Yes,Yes,DSL,Yes,Yes,Yes,No,No,No,One year,No,Electronic check,60.65,1382.01,No
4111-EQDEB,Male,0,No,No,49,Yes,No,No,No internet service,No internet service,No internet service,No internet service,No internet service,No internet service,Month-to-month,Yes,Credit card (automatic),27.27,1356.62,No
1870-PDWIO,Female,0,Yes,Yes,14,Yes,No,Fiber optic,Yes,Yes,No,No,No,Yes,Month-to-month,No,Mailed check,99.38,1358.74,No
5613-HKZCE,Female,1,Yes,Yes,42,Yes,No,No,No internet service,No internet service,No internet service,No internet service,No internet service,No internet service,Month-to-month,Yes,Electronic check,20.81,877.83,No
8649-HQXAL,Female,0,No,No,2,Yes,Yes,DSL,No,No,No,Yes,Yes,No,Month-to-month,No,Mailed check,64.31,144.33,Yes
1016-VXZCW,Male,0,Yes,Yes,7,Yes,No,DSL,No,Yes,Yes,Yes,Yes,No,Month-to-month,Yes,Electronic check,69.3,446.35,Yes
3194-QMNON,Male,0,No,No,67,Yes,No,Fiber optic,No,No,No,No,Yes,No,Month-to-month,No,Bank transfer (automatic),89.23,5999.65,No
2474-MPAEO,Male,0,Yes,Yes,21,Yes,Yes,DSL,No,No,Yes,No,Yes,No,Two year,No,Bank transfer (automatic),66.05,1426.67,No
6996-FOTDA,Male,1,No,No,14,Yes,Yes,Fiber optic,Yes,Yes,Yes,No,No,Yes,Month-to-month,Yes,Electronic check,96.42,1337.92,No
5279-PGXTK,Female,1,No,No,27,Yes,No,Fiber optic,No,No,No,Yes,Yes,Yes,Month-to-month,No,Credit card (automatic),100.85,2725.12,No
1855-NPLDR,Female,0,Yes,No,39,Yes,No,Fiber optic,No,Yes,No,No,No,No,Two year,No,Mailed check,85.25,3342.38,No
6480-JJTAP,Male,0,No,No,70,Yes,Yes,DSL,Yes,No,No,No,No,No,Month-to-month,No,Electronic check,54.34,3817.39,No
9613-DXCXE,Female,0,No,No,59,Yes,Yes,DSL,No,No,No,No,Yes,No,Month-to-month,Yes,Mailed check,58.23,3447.58,No
8935-NKGVE,Female,0,No,No,11,Yes,Yes,Fiber optic,No,No,Yes,No,Yes,No,Month-to-month,Yes,Credit card (automatic),96.36,1070.47,No
8164-PGEUV,Female,0,No,No,1,Yes,No,Fiber optic,No,No,Yes,Yes,No,No,Month-to-month,Yes,Electronic check,95.03,117.3,Yes
6118-DISGC,Male,0,Yes,No,32,Yes,Yes,Fiber optic,No,No,Yes,Yes,Yes,No,One year,No,Mailed check,95.48,3104.51,Yes
2807-BCTFX,Female,1,Yes,Yes,23,Yes,No,DSL,No,Yes,No,Yes,No,Yes,One year,Yes,Credit card (automatic),63.34,1445.49,No
4847-NTADB,Female,0,Yes,Yes,37,Yes,No,DSL,No,Yes,No,No,No,Yes,Two year,No,Credit card (automatic),59.36,2218.44,No
3533-VPBBQ,Male,0,No,Yes,71,Yes,Yes,Fiber optic,No,No,Yes,No,Yes,No,One year,No,Electronic check,94.4,6698.22,No
1356-HZBJD,Female,1,No,No,22,No,No phone service,Fiber optic,No,No,No,Yes,No,Yes,Month-to-month,No,Credit card (automatic),83.96,1816.07,Yes
2984-YNUFK,Male,0,No,No,57,Yes,No,No,No internet service,No internet service,No internet service,No internet service,No internet service,No internet service,Month-to-month,No,Mailed check,26.19,1501.89,No
5691-ZVFQM,Female,0,No,No,14,Yes,No,DSL,Yes,No,No,Yes,No,No,Month-to-month,No,Mailed check,64.02,889.5,Yes
5292-AWPSL,Male,1,Yes,No,1,Yes,No,DSL,No,Yes,No,No,Yes,No,Two year,Yes,Mailed check,56.88,76.45,No
4802-KZBMK,Female,0,No,Yes,28,Yes,Yes,DSL,No,Yes,No,No,Yes,No,Month-to-month,Yes,Bank transfer (automatic),59.13,1645.03,No
8634-NDOTW,Male,0,Yes,Yes,72,Yes,No,Fiber optic,No,No,No,No,No,No,Two year,No,Mailed check,85.21,6133.79,No
4111-SVZCW,Female,0,Yes,Yes,14,Yes,Yes,Fiber optic,No,No,No,No,No,No,Two year,Yes,Mailed check,75.04,1036.92,No
9005-BXCTL,Female,0,Yes,No,62,Yes,Yes,DSL,No,No,No,Yes,No,Yes,Month-to-month,No,Electronic check,58.02,3566.47,Yes
1115-NOXNS,Male,0,No,Yes,19,Yes,No,Fiber optic,No,Yes,No,No,Yes,Yes,Two year,No,Electronic check,104.96,2029.28,No
6784-YYLKN,Female,0,No,No,16,Yes,Yes,DSL,No,No,No,No,Yes,Yes,Month-to-month,No,Mailed check,66.14,1079.81,Yes
1169-CJGFA,Female,0,No,No,36,Yes,Yes,DSL,No,Yes,No,No,No,No,One year,Yes,Credit card (automatic),51.99,1865.44,No
5067-VSSWP,Female,0,Yes,Yes,4,Yes,No,Fiber optic,Yes,No,Yes,No,No,No,Month-to-month,No,Mailed check,93.23,347.8,No
4850-TOXUX,Female,0,Yes,Yes,39,Yes,No,DSL,No,Yes,No,No,No,No,Month-to-month,No,Electronic check,59.89,2328.21,No
5309-FINXQ,Male,1,No,Yes,69,Yes,No,DSL,No,No,Yes,No,No,Yes,Month-to-month,No,Mailed check,64.61,4473.07,No
3053-ROLWH,Male,0,No,No,65,Yes,No,DSL,No,No,No,Yes,No,Yes,Month-to-month,Yes,Mailed check,62.62,4062.33,No
6243-FTWUG,Male,0,No,No,55,Yes,No,DSL,No,No,No,No,No,Yes,Month-to-month,No,Credit card (automatic),63.44,3490.97,No
4751-PGJWN,Male,0,Yes,Yes,61,Yes,No,DSL,Yes,No,No,No,Yes,No,Two year,No,Bank transfer (automatic),63.09,3863.07,No
8044-LQLZA,Male,0,No,No,4,Yes,Yes,Fiber optic,No,Yes,No,Yes,Yes,No,Month-to-month,No,Electronic check,96.98,376.94,Yes
9621-QCWWH,Male,0,No,No,7,Yes,Yes,Fiber optic,No,Yes,No,Yes,Yes,No,One year,Yes,Mailed check,94.87,614.09,No
5430-MJFIY,Female,1,Yes,Yes,4,Yes,No,DSL,Yes,No,No,Yes,No,Yes,Month-to-month,No,Electronic check,65.74,287.14,No
6033-ZFGTD,Female,0,No,No,48,Yes,Yes,No,No internet service,No internet service,No internet service,No internet service,No internet service,No internet service,Two year,Yes,Electronic check,33.87,1604.92,No
9306-NXOAD,Female,0,No,No,67,No,No phone service,No,No internet service,No internet service,No internet service,No internet service,No internet service,No internet service,One year,Yes,Mailed check,22.98,1536.94,No
5476-DMSRR,Female,0,No,Yes,2,Yes,No,DSL,Yes,Yes,No,No,Yes,No,Two year,Yes,Bank transfer (automatic),70.31,162.64,No
7716-ZGQVC,Male,0,No,No,55,Yes,Yes,Fiber optic,No,No,No,No,Yes,Yes,Two year,Yes,Bank transfer (automatic),99.98,5477.4,No
7330-LLPKG,Male,0,No,Yes,51,Yes,No,DSL,Yes,No,No,No,No,Yes,Month-to-month,Yes,Electronic check,61.64,3130.23,No
3295-SCFTU,Male,1,No,No,4,Yes,Yes,Fiber optic,No,No,Yes,No,No,No,Month-to-month,Yes,Credit card (automatic),86.91,353.97,Yes
6834-HMCNE,Male,0,Yes,No,9,Yes,No,Fiber optic,No,No,No,No,No,No,Month-to-month,Yes,Mailed check,79.82,683.33,Yes
2926-DGXIZ,Male,1,Yes,Yes,63,Yes,Yes,Fiber optic,No,No,Yes,No,No,No,Month-to-month,Yes,Electronic check,87.45,5522.62,Yes
7611-KGOWV,Male,0,No,No,72,Yes,No,Fiber optic,No,Yes,No,No,No,No,One year,Yes,Bank transfer (automatic),83.4,5985.36,No
4534-EKKEW,Male,0,No,No,18,No,No phone service,DSL,No,No,Yes,No,No,Yes,Two year,Yes,Credit card (automatic),55.88,1018.32,No
6897-FIMTU,Female,0,No,No,7,No,No phone service,No,No internet service,No internet service,No internet service,No internet service,No internet service,No internet service,Two year,No,Electronic check,21.67,164.62,No
7539-TADQO,Male,1,Yes,Yes,9,Yes,No,DSL,Yes,No,Yes,Yes,Yes,Yes,Month-to-month,No,Electronic check,80.56,694.8,Yes
4526-NGCQK,Female,0,No,No,0,Yes,No,Fiber optic,No,No,Yes,Yes,Yes,No,One year,Yes,Mailed check,97.25,20.62,No
9640-PBCYE,Male,0,No,No,70,Yes,No,DSL,Yes,No,No,No,No,No,Month-to-month,No,Credit card (automatic),53.81,3807.35,No
7870-XCMNJ,Male,0,No,No,14,Yes,No,Fiber optic,No,No,No,Yes,No,No,Two year,No,Electronic check,92.62,1299.52,Yes
5521-QFMTT,Female,0,Yes,No,5,Yes,No,Fiber optic,No,No,No,Yes,No,No,One year,Yes,Credit card (automatic),86.33,456.28,Yes
8081-WQIMO,Female,0,Yes,No,20,Yes,No,Fiber optic,No,Yes,No,Yes,No,Yes,Month-to-month,No,Bank transfer (automatic),95.42,1909.52,No
4990-NWUKZ,Female,0,No,No,1,Yes,No,DSL,No,Yes,No,No,No,No,Two year,No,Electronic check,58.58,58.92,No
2104-JJOLF,Male,0,Yes,No,65,Yes,Yes,Fiber optic,Yes,No,No,No,No,Yes,Month-to-month,Yes,Electronic check,96.37,6266.92,No
8490-UUSGB,Male,0,Yes,Yes,61,Yes,No,Fiber optic,No,Yes,Yes,No,No,No,Two year,Yes,Mailed check,95.79,5847.3,No
2427-TPRFF,Female,0,No,No,65,Yes,No,DSL,No,No,No,No,No,Yes,Month-to-month,Yes,Electronic check,62.22,4059.7,No
2088-NEYUI,Male,0,Yes,No,18,No,No phone service,Fiber optic,No,No,No,Yes,Yes,No,Month-to-month,Yes,Bank transfer (automatic),84.29,1516.32,Yes
1982-YSPHN,Male,1,Yes,No,59,Yes,No,Fiber optic,No,Yes,Yes,Yes,Yes,No,One year,Yes,Credit card (automatic),106.79,6312.66,No
1896-HGVGJ,Female,1,Yes,Yes,43,Yes,No,DSL,Yes,No,No,Yes,Yes,No,Month-to-month,Yes,Credit card (automatic),71.48,3058.7,No
3436-GXWPT,Female,0,Yes,No,5,Yes,Yes,Fiber optic,No,No,Yes,No,Yes,No,Month-to-month,Yes,Electronic check,95.92,467.36,Yes
1454-MSXAE,Male,0,Yes,No,60,Yes,Yes,Fiber optic,No,No,Yes,No,No,No,Month-to-month,Yes,Bank transfer (automatic),84.84,5091.8,No
1530-KACDK,Male,1,Yes,No,20,Yes,Yes,DSL,No,No,No,No,No,Yes,One year,No,Electronic check,62.25,1247.36,No
7440-AWTKW,Male,0,No,No,55,Yes,Yes,No,No internet service,No internet service,No internet service,No internet service,No internet service,No internet service,Two year,Yes,Bank transfer (automatic),20.48,1130.42,No
9032-DPWKV,Female,0,No,No,36,Yes,Yes,Fiber optic,No,No,Yes,Yes,Yes,No,Two year,Yes,Electronic check,98.52,3565.28,No
1791-UZOIG,Male,0,Yes,Yes,43,Yes,Yes,Fiber optic,Yes,Yes,No,No,Yes,No,Month-to-month,Yes,Credit card (automatic),97.05,4175.23,No
4725-FBDWL,Male,0,Yes,No,60,Yes,Yes,Fiber optic,Yes,No,No,No,Yes,Yes,Two year,Yes,Electronic check,101.38,6049.74,No
9316-ITXLI,Female,1,No,No,9,No,No phone service,Fiber optic,No,No,Yes,No,Yes,No,One year,No,Credit card (automatic),85.92,788.56,No
2667-MXDAC,Female,0,No,No,47,Yes,Yes,Fiber optic,No,Yes,Yes,Yes,Yes,No,One year,Yes,Credit card (automatic),101.68,4796.92,No
9416-SHKOS,Male,0,No,No,2,Yes,No,DSL,No,No,No,No,No,Yes,Month-to-month,No,Mailed check,59.75,134.51,Yes
3849-UWNDJ,Male,0,Yes,No,33,Yes,Yes,Fiber optic,No,Yes,No,No,No,No,Month-to-month,Yes,Bank transfer (automatic),87.56,2885.8,No
8988-KUAGY,Female,0,Yes,No,19,Yes,No,Fiber optic,Yes,No,No,No,No,Yes,Two year,Yes,Electronic check,93.57,1772.94,No
6287-QVRIQ,Female,0,Yes,Yes,24,Yes,No,No,No internet service,No internet service,No internet service,No internet service,No internet service,No internet service,Month-to-month,Yes,Bank transfer (automatic),27.47,683.01,No
7751-XVJJR,Female,0,No,No,72,Yes,No,No,No internet service,No internet service,No internet service,No internet service,No internet service,No internet service,Two year,Yes,Electronic check,29.2,2096.13,No
9254-JVWWG,Male,0,No,No,7,Yes,No,No,No internet service,No internet service,No internet service,No internet service,No internet service,No internet service,Two year,Yes,Mailed check,20.93,144.81,No
1203-XJUCM,Male,0,No,No,29,Yes,No,Fiber optic,Yes,No,No,No,No,Yes,Month-to-month,No,Mailed check,93.25,2701.87,Yes
5957-NWDUZ,Male,0,Yes,No,18,Yes,Yes,Fiber optic,No,No,No,No,No,No,Two year,Yes,Mailed check,80.66,1495.59,No
8193-WKELB,Female,0,No,No,19,Yes,Yes,Fiber optic,Yes,No,No,No,No,No,One year,Yes,Credit card (automatic),89.18,1687.45,No
8594-HWALV,Male,0,No,No,42,Yes,No,No,No internet service,No internet service,No internet service,No internet service,No internet service,No internet service,Month-to-month,Yes,Bank transfer (automatic),26.75,1120.67,No
2996-ZSNQT,Male,0,No,Yes,16,Yes,Yes,Fiber optic,No,Yes,No,Yes,No,No,Two year,Yes,Bank transfer (automatic),89.75,1440.34,No
3073-XKCNV,Male,0,No,No,6,Yes,No,No,No internet service,No internet service,No internet service,No internet service,No internet service,No internet service,Month-to-month,Yes,Mailed check,29.1,210.57,Yes
8151-KDVUS,Male,0,Yes,No,6,Yes,No,Fiber optic,No,No,No,Yes,Yes,Yes,Month-to-month,No,Bank transfer (automatic),102.94,624.79,No
2500-XCGRF,Female,0,No,No,42,Yes,No,No,No internet service,No internet service,No internet service,No internet service,No internet service,No internet service,Two year,Yes,Bank transfer (automatic),25.43,1051.94,No
1335-WODNO,Female,0,No,No,3,No,No phone service,Fiber optic,Yes,No,No,No,No,Yes,One year,Yes,Bank transfer (automatic),90.36,295.97,No
7554-ZCVEN,Male,0,No,No,65,Yes,Yes,DSL,No,Yes,No,Yes,No,Yes,Month-to-month,No,Electronic check,65.85,4285.29,No
1417-MGPCR,Female,0,No,No,71,No,No phone service,Fiber optic,No,No,No,Yes,Yes,No,Month-to-month,Yes,Bank transfer (automatic),90.68,6439.21,No
9133-SBEXD,Female,0,Yes,No,45,No,No phone service,Fiber optic,No,No,No,No,Yes,Yes,Month-to-month,Yes,Bank transfer (automatic),95.03,4257.67,No
5952-NDAXP,Male,0,No,No,3,Yes,No,DSL,Yes,No,No,No,Yes,No,Month-to-month,Yes,Bank transfer (automatic),65.01,183.91,Yes
6581-YXCMS,Male,0,Yes,Yes,72,Yes,Yes,DSL,Yes,Yes,No,No,No,No,Month-to-month,Yes,Electronic check,55.53,4001.25,No
1234-KHDPO,Female,0,Yes,No,21,No,No phone service,Fiber optic,No,No,Yes,No,Yes,No,Month-to-month,No,Mailed check,87.45,1838.97,No
3606-XPXUE,Male,0,No,No,12,Yes,Yes,Fiber optic,No,Yes,No,Yes,No,No,Two year,Yes,Mailed check,90.59,1085.09,No
6049-IJYSM,Female,0,No,Yes,6,Yes,No,Fiber optic,No,No,Yes,Yes,No,Yes,Month-to-month,No,Electronic check,99.03,632.39,Yes
2213-VIDJP,Female,0,Yes,No,5,Yes,Yes,DSL,No,No,No,No,No,Yes,One year,No,Mailed check,59.21,257.92,No
3357-BRFFW,Male,0,No,No,11,Yes,Yes,Fiber optic,No,No,Yes,No,No,No,Two year,Yes,Electronic check,90.46,968.05,No
6908-EBJJQ,Male,0,No,No,61,No,No phone service,Fiber optic,Yes,No,No,No,No,Yes,One year,No,Electronic check,84.23,5156.59,No
8714-QHFXI,Male,0,No,No,34,Yes,No,Fiber optic,No,Yes,Yes,No,No,No,Month-to-month,Yes,Electronic check,92.96,3168.7,No
5735-SUISH,Female,0,Yes,No,13,No,No phone service,Fiber optic,Yes,No,No,No,Yes,No,Two year,Yes,Credit card (automatic),82.8,1081.87,No
4124-AMSZZ,Female,0,Yes,No,24,Yes,Yes,Fiber optic,Yes,No,Yes,No,No,No,Month-to-month,No,Bank transfer (automatic),92.87,2227.25,Yes
1400-DKFCD,Male,0,Yes,Yes,55,Yes,No,DSL,No,No,Yes,No,Yes,No,Month-to-month,Yes,Mailed check,70.35,3850.17,Yes
4201-IHPWQ,Male,0,No,No,1,Yes,No,No,No internet service,No internet service,No internet service,No internet service,No internet service,No internet service,Month-to-month,Yes,Credit card (automatic),27.7,61.09,Yes
7951-UNGRP,Male,0,No,No,2,Yes,No,Fiber optic,No,No,No,No,No,No,Two year,Yes,Credit card (automatic),82.67,131.59,No
8405-NBJKW,Female,0,No,No,60,No,No phone service,No,No internet service,No internet service,No internet service,No internet service,No internet service,No internet service,Two year,Yes,Electronic check,21.97,1353.19,No
7741-KEGRJ,Male,0,No,Yes,37,Yes,No,No,No internet service,No internet service,No internet service,No internet service,No internet service,No internet service,Month-to-month,Yes,Mailed check,26.28,1009.78,No
1038-AELGG,Female,0,No,No,11,No,No phone service,DSL,No,No,No,No,No,Yes,Month-to-month,No,Mailed check,56.88,626.77,No
9628-UORHO,Male,0,Yes,No,7,Yes,Yes,Fiber optic,No,Yes,No,Yes,No,No,Month-to-month,Yes,Mailed check,92.78,654.87,Yes
7628-NYOWK,Female,0,Yes,Yes,69,Yes,Yes,No,No internet service,No internet service,No internet service,No internet service,No internet service,No internet service,One year,Yes,Electronic check,30.05,2083.04,No
5321-SGPYX,Male,0,Yes,No,72,Yes,No,DSL,Yes,No,No,No,No,No,Month-to-month,Yes,Bank transfer (automatic),53.98,3904.37,No
8327-LRGXC,Female,0,Yes,Yes,9,Yes,Yes,DSL,Yes,Yes,Yes,No,Yes,No,Month-to-month,No,Electronic check,63.11,589.66,No
7854-JFLOG,Male,0,No,No,54,Yes,No,Fiber optic,No,No,No,Yes,Yes,Yes,Month-to-month,Yes,Mailed check,94.62,5093.06,Yes
6366-YIYRD,Male,0,No,No,72,Yes,No,Fiber optic,No,No,Yes,Yes,Yes,Yes,Two year,No,Electronic check,111.09,7990.99,No
5680-SJIQK,Male,0,Yes,Yes,49,Yes,Yes,No,No internet service,No internet service,No internet service,No internet service,No internet service,No internet service,One year,Yes,Electronic check,33.15,1614.07,No
5643-IGNYT,Female,0,No,No,6,Yes,No,DSL,No,Yes,Yes,Yes,Yes,Yes,Two year,No,Electronic check,84.79,530.11,No
6864-IYMMQ,Female,0,Yes,No,3,Yes,No,No,No internet service,No internet service,No internet service,No internet service,No internet service,No internet service,Two year,No,Mailed check,24.31,71.94,No
1191-BKDLO,Male,1,Yes,No,4,Yes,No,Fiber optic,No,No,No,No,No,Yes,Two year,Yes,Electronic check,91.31,375.19,Yes
7736-EIFXN,Male,0,Yes,No,4,No,No phone service,Fiber optic,No,Yes,No,Yes,Yes,No,Month-to-month,Yes,Electronic check,88.6,350.53,Yes
2893-WEYQP,Female,0,No,Yes,54,Yes,No,Fiber optic,Yes,Yes,No,No,Yes,No,One year,Yes,Electronic check,97.03,5228.81,Yes
6348-POCLY,Male,0,Yes,No,28,Yes,Yes,No,No internet service,No internet service,No internet service,No internet service,No internet service,No internet service,Month-to-month,Yes,Electronic check,21.55,624.35,Yes
4697-NZDHZ,Male,0,Yes,Yes,19,Yes,Yes,No,No internet service,No internet service,No internet service,No internet service,No internet service,No internet service,Month-to-month,No,Electronic check,27.59,531.32,No
5706-ZQVJK,Male,0,Yes,No,72,Yes,Yes,No,No internet service,No internet service,No internet service,No internet service,No internet service,No internet service,One year,No,Credit card (automatic),32.6,2297.2,No
2256-EJRTO,Female,0,Yes,Yes,61,Yes,No,Fiber optic,No,No,Yes,No,Yes,No,One year,Yes,Credit card (automatic),91.78,5597.0,No
6743-KFOWQ,Male,0,No,No,7,Yes,No,DSL,Yes,No,No,No,No,Yes,Month-to-month,No,Mailed check,66.65,435.03,Yes
6019-JMGOC,Female,0,No,No,2,Yes,Yes,DSL,No,Yes,No,No,No,Yes,One year,No,Credit card (automatic),61.94,119.31,No
4450-SSMRD,Male,0,Yes,Yes,60,Yes,No,Fiber optic,No,Yes,Yes,Yes,No,Yes,One year,No,Electronic check,95.22,5677.75,No
4996-AAHEQ,Male,0,Yes,No,5,Yes,No,Fiber optic,Yes,No,No,No,No,Yes,Two year,Yes,Credit card (automatic),89.57,465.43,Yes
5372-HRIVG,Male,0,No,No,71,Yes,No,DSL,Yes,Yes,No,No,No,Yes,Two year,Yes,Electronic check,68.88,4879.15,No
5406-JSTDO,Male,0,Yes,Yes,29,Yes,No,No,No internet service,No internet service,No internet service,No internet service,No internet service,No internet service,Month-to-month,Yes,Bank transfer (automatic),29.35,811.2,Yes
7139-WSSRR,Female,0,No,Yes,24,Yes,No,No,No internet service,No internet service,No internet service,No internet service,No internet service,No internet service,Two year,No,Electronic check,23.02,502.48,No
9144-DOQHC,Male,0,Yes,Yes,28,Yes,No,No,No internet service,No internet service,No internet service,No internet service,No internet service,No internet service,One year,Yes,Bank transfer (automatic),25.38,721.16,No
6398-BPWSZ,Male,1,Yes,Yes,11,No,No phone service,Fiber optic,No,Yes,No,No,Yes,No,Two year,No,Credit card (automatic),89.87,988.89,No
1100-HRESN,Female,0,Yes,Yes,62,Yes,No,Fiber optic,No,No,No,No,No,Yes,Month-to-month,No,Credit card (automatic),85.84,5301.84,No
8057-SOMBF,Male,0,No,Yes,25,Yes,No,Fiber optic,Yes,No,Yes,No,Yes,Yes,Month-to-month,Yes,Credit card (automatic),110.29,2776.77,Yes
1825-XPAOB,Female,0,Yes,Yes,5,No,No phone service,No,No internet service,No internet service,No internet service,No internet service,No internet service,No internet service,One year,No,Electronic check,18.25,100.9,No
7732-EQSLS,Male,1,No,No,72,Yes,No,DSL,Yes,Yes,Yes,No,No,No,Two year,No,Mailed check,66.39,4808.71,No
7032-SQLRT,Male,0,No,No,41,Yes,No,Fiber optic,Yes,Yes,Yes,Yes,No,No,One year,No,Mailed check,104.29,4278.97,No
2805-CZJNW,Female,0,No,Yes,61,Yes,Yes,DSL,No,No,No,No,No,Yes,Month-to-month,No,Electronic check,56.8,3453.5,No
9332-SWYAU,Female,0,Yes,Yes,58,No,No phone service,No,No internet service,No internet service,No internet service,No internet service,No internet service,No internet service,Two year,Yes,Credit card (automatic),19.71,1153.8,No
4746-QZRIP,Male,0,Yes,Yes,16,Yes,Yes,DSL,No,Yes,No,No,No,No,Month-to-month,No,Electronic check,52.76,846.43,No
8364-ANNKV,Female,0,No,No,17,Yes,No,No,No internet service,No internet service,No internet service,No internet service,No internet service,No internet service,Month-to-month,Yes,Mailed check,24.88,397.74,No
5140-PWOOA,Male,0,Yes,No,2,Yes,Yes,No,No internet service,No internet service,No internet service,No internet service,No internet service,No internet service,Month-to-month,No,Mailed check,32.2,78.07,No
3532-YRIFP,Female,1,No,No,17,Yes,Yes,Fiber optic,Yes,No,No,No,No,No,Month-to-month,Yes,Electronic check,82.25,1360.04,Yes
8951-PGDMU,Male,0,No,Yes,40,Yes,No,Fiber optic,Yes,Yes,No,No,Yes,No,Two year,Yes,Bank transfer (automatic),101.47,4067.05,No
7347-XSASI,Female,1,No,No,66,Yes,Yes,Fiber optic,Yes,No,Yes,No,Yes,No,One year,No,Credit card (automatic),98.19,6490.86,No
6881-RLWDP,Male,0,No,No,3,Yes,No,Fiber optic,No,No,No,No,No,No,Two year,No,Electronic check,80.08,266.28,No
9265-YWVAE,Female,0,No,No,68,Yes,No,Fiber optic,Yes,Yes,Yes,Yes,No,No,Two year,No,Mailed check,103.69,7056.16,No
7576-ZOBJA,Female,1,No,No,1,No,No phone service,DSL,Yes,No,No,Yes,No,No,Two year,No,Bank transfer (automatic),57.53,62.98,No
7333-BGVNG,Female,0,Yes,No,22,Yes,No,No,No internet service,No internet service,No internet service,No internet service,No internet service,No internet service,Two year,Yes,Credit card (automatic),31.28,686.67,No
3299-AQTKH,Female,0,No,No,5,Yes,No,Fiber optic,No,Yes,Yes,Yes,Yes,No,One year,Yes,Electronic check,104.1,533.31,Yes
4269-RGNWO,Male,1,Yes,Yes,9,Yes,Yes,Fiber optic,No,No,Yes,No,Yes,Yes,Two year,Yes,Credit card (automatic),101.34,955.19,No
2760-DOWQM,Male,0,No,No,10,Yes,No,No,No internet service,No internet service,No internet service,No internet service,No internet service,No internet service,Two year,Yes,Mailed check,28.33,288.01,No
2617-FKTVS,Male,1,No,No,26,Yes,No,No,No internet service,No internet service,No internet service,No internet service,No internet service,No internet service,Month-to-month,Yes,Bank transfer (automatic),26.88,722.33,No
7630-BTSIA,Female,0,No,No,10,Yes,No,Fiber optic,Yes,No,No,No,No,No,One year,Yes,Bank transfer (automatic),87.0,892.62,Yes
6966-XMAQY,Female,0,No,No,59,No,No phone service,Fiber optic,No,No,Yes,No,Yes,No,Month-to-month,Yes,Credit card (automatic),91.34,5386.34,No
3175-FXRPR,Male,0,Yes,No,36,Yes,Yes,DSL,No,No,Yes,Yes,No,No,Month-to-month,No,Electronic check,64.67,2330.64,No
8842-OQBFX,Female,1,No,Yes,8,Yes,No,DSL,No,No,No,No,No,No,Month-to-month,No,Mailed check,48.32,400.06,No
8506-YIZMQ,Female,0,No,No,59,Yes,No,No,No internet service,No internet service,No internet service,No internet service,No internet service,No internet service,Two year,Yes,Electronic check,28.06,1637.97,No
5294-FFDHY,Male,0,Yes,No,23,Yes,Yes,DSL,No,No,No,Yes,No,Yes,Month-to-month,Yes,Electronic check,63.55,1464.08,No
9701-LTUDF,Male,0,No,Yes,21,Yes,Yes,DSL,Yes,No,No,No,No,No,Month-to-month,No,Mailed check,59.4,1264.56,No
7594-IMUTB,Male,0,No,No,4,Yes,No,Fiber optic,Yes,No,Yes,No,Yes,No,One year,Yes,Bank transfer (automatic),98.75,413.66,Yes
6496-JNVAL,Male,0,Yes,Yes,2,Yes,No,DSL,Yes,Yes,No,No,Yes,Yes,Month-to-month,No,Mailed check,75.4,157.0,Yes
7547-HWZMG,Female,0,No,No,16,Yes,Yes,Fiber optic,No,No,Yes,No,No,No,Month-to-month,No,Bank transfer (automatic),83.75,1337.64,Yes
6501-ZZKVA,Female,0,Yes,No,72,Yes,No,Fiber optic,No,Yes,Yes,No,No,No,Month-to-month,Yes,Credit card (automatic),87.74,6330.36,No
2804-LSOIH,Male,0,No,No,21,Yes,Yes,DSL,No,No,No,No,No,Yes,Month-to-month,Yes,Credit card (automatic),57.03,1165.39,No
6924-TFSCT,Male,1,No,No,6,Yes,No,Fiber optic,No,No,No,No,No,No,Two year,No,Bank transfer (automatic),80.85,501.17,No
9539-GBVWY,Female,0,No,No,21,Yes,No,Fiber optic,No,Yes,No,No,No,Yes,One year,Yes,Mailed check,89.62,1849.97,Yes
5404-AULWF,Male,0,Yes,No,15,Yes,No,DSL,Yes,No,No,No,Yes,No,Month-to-month,No,Electronic check,60.54,906.53,Yes
5008-TTQYY,Female,0,No,No,65,Yes,No,No,No internet service,No internet service,No internet service,No internet service,No internet service,No internet service,One year,No,Mailed check,29.75,1938.36,No
7715-RCGSR,Male,0,No,No,28,Yes,No,DSL,No,No,No,Yes,No,No,Month-to-month,No,Mailed check,51.87,1466.64,Yes
9852-CYJLN,Male,0,Yes,No,23,No,No phone service,DSL,No,No,No,Yes,No,No,Two year,Yes,Bank transfer (automatic),49.9,1149.77,No
9452-GWMUZ,Male,1,Yes,Yes,71,Yes,No,DSL,No,No,No,No,Yes,Yes,Two year,No,Mailed check,63.02,4497.33,No
4825-ELVVR,Female,0,No,No,2,Yes,Yes,No,No internet service,No internet service,No internet service,No internet service,No internet service,No internet service,Month-to-month,Yes,Mailed check,21.44,53.88,Yes
4299-OJYZS,Female,0,No,No,34,Yes,No,DSL,No,No,No,No,No,No,Two year,No,Credit card (automatic),55.11,1873.73,No
4247-SGVQJ,Male,0,Yes,No,25,Yes,No,DSL,No,No,Yes,Yes,No,Yes,One year,Yes,Mailed check,65.45,1625.68,No
7246-RSUOR,Male,1,No,No,10,Yes,Yes,DSL,No,No,Yes,No,No,No,Month-to-month,Yes,Bank transfer (automatic),59.09,609.22,No
6919-KMDHB,Male,1,No,No,5,Yes,No,DSL,Yes,Yes,No,No,Yes,Yes,Month-to-month,Yes,Bank transfer (automatic),78.32,399.48,No
7500-JMXBM,Female,0,Yes,No,19,No,No phone service,Fiber optic,No,Yes,Yes,Yes,Yes,No,Two year,No,Credit card (automatic),103.56,2001.89,No
9088-YCOGP,Male,1,No,No,56,Yes,No,Fiber optic,No,No,Yes,Yes,Yes,No,Month-to-month,Yes,Electronic check,98.55,5498.36,No
6203-UOQLX,Female,0,Yes,Yes,19,Yes,Yes,DSL,Yes,No,No,No,No,No,Two year,Yes,Bank transfer (automatic),57.79,1111.24,Yes
5161-EYCPX,Male,0,Yes,Yes,3,Yes,No,DSL,No,No,Yes,No,Yes,Yes,Month-to-month,No,Bank transfer (automatic),71.26,226.73,No
1275-XRTNA,Female,0,Yes,No,6,Yes,No,Fiber optic,No,Yes,No,No,No,No,Month-to-month,Yes,Mailed check,84.84,506.0,Yes
6891-SXELY,Female,0,Yes,Yes,5,Yes,Yes,DSL,No,No,No,No,Yes,No,Two year,No,Credit card (automatic),56.56,273.29,No
3138-KNTOO,Female,0,Yes,No,5,Yes,No,No,No internet service,No internet service,No internet service,No internet service,No internet service,No internet service,Two year,Yes,Bank transfer (automatic),25.94,139.98,No
7449-TAYAT,Female,0,Yes,No,7,Yes,No,DSL,Yes,No,No,No,No,No,Two year,Yes,Electronic check,54.61,415.42,No
1614-UWQIY,Female,0,Yes,No,8,Yes,No,Fiber optic,Yes,Yes,No,No,No,Yes,Month-to-month,Yes,Mailed check,98.53,786.64,Yes
1184-KZSUU,Male,0,No,No,61,Yes,No,DSL,Yes,Yes,No,Yes,No,No,Month-to-month,Yes,Bank transfer (automatic),62.4,3761.6,No
4181-ZHCFP,Female,0,No,No,7,Yes,No,Fiber optic,Yes,No,Yes,No,No,Yes,Month-to-month,No,Mailed check,104.1,722.23,Yes
4221-XZGNL,Female,0,No,No,20,No,No phone service,Fiber optic,No,Yes,No,No,Yes,Yes,Two year,No,Electronic check,92.98,1869.82,No
3958-CQFAU,Female,0,Yes,Yes,16,Yes,No,Fiber optic,No,Yes,No,Yes,No,No,Month-to-month,Yes,Credit card (automatic),86.14,1344.26,No
6641-VOIDX,Female,1,No,No,15,No,No phone service,Fiber optic,No,No,No,No,No,No,Month-to-month,Yes,Electronic check,76.24,1160.41,Yes
3506-JEFMS,Male,0,Yes,No,1,Yes,No,No,No internet service,No internet service,No internet service,No internet service,No internet service,No internet service,One year,Yes,Bank transfer (automatic),33.85,20.43,No
6261-SJURN,Female,0,Yes,No,14,Yes,No,DSL,No,Yes,No,No,No,No,Month-to-month,Yes,Bank transfer (automatic),57.45,824.56,No
6239-GYANX,Male,0,No,No,13,Yes,Yes,Fiber optic,No,Yes,Yes,No,No,Yes,One year,Yes,Electronic check,100.57,1320.94,No
4964-XTECS,Female,0,No,No,23,Yes,Yes,Fiber optic,No,Yes,Yes,Yes,No,Yes,Month-to-month,No,Mailed check,98.13,2243.19,Yes
6083-PVYBB,Male,1,Yes,No,72,Yes,No,Fiber optic,Yes,No,Yes,No,No,No,One year,No,Bank transfer (automatic),93.97,6771.72,No
8069-GFCMK,Male,0,No,No,56,Yes,No,DSL,No,No,No,Yes,No,Yes,One year,Yes,Bank transfer (automatic),66.59,3718.1,No
2617-PTGAA,Male,0,No,No,66,Yes,No,DSL,No,No,No,Yes,Yes,No,Month-to-month,No,Electronic check,61.67,4071.17,No
2000-CXKUN,Female,0,Yes,No,72,Yes,No,Fiber optic,Yes,No,Yes,No,Yes,No,Month-to-month,No,Bank transfer (automatic),93.69,6773.22,No
7049-UJBTN,Female,1,No,No,19,No,No phone service,Fiber optic,No,No,Yes,Yes,Yes,No,Two year,No,Bank transfer (automatic),92.29,1712.9,No
7603-JYKWE,Female,0,No,No,69,Yes,Yes,DSL,No,No,No,No,Yes,Yes,Month-to-month,No,Electronic check,56.87,3897.88,No
3587-AKPBN,Male,0,Yes,Yes,18,Yes,No,Fiber optic,No,No,No,No,Yes,No,Month-to-month,Yes,Mailed check,93.23,1692.47,Yes
4602-SZBPP,Male,0,No,No,0,Yes,Yes,Fiber optic,No,No,No,No,Yes,No,Two year,No,Mailed check,85.49,0.0,Yes
2378-UHUDV,Female,0,Yes,Yes,38,Yes,No,Fiber optic,No,No,No,No,No,Yes,Month-to-month,Yes,Credit card (automatic),90.08,3437.61,Yes
3035-JVIVD,Female,1,No,Yes,67,Yes,No,DSL,Yes,Yes,No,No,No,No,Two year,Yes,Mailed check,66.64,4499.66,No
5532-VGNMH,Male,0,Yes,Yes,63,Yes,No,Fiber optic,No,Yes,Yes,Yes,No,No,One year,No,Electronic check,93.5,5888.33,No
5081-BQNCY,Male,1,No,No,72,Yes,Yes,DSL,No,No,Yes,No,No,No,Two year,No,Electronic check,57.16,4125.43,No
8729-KRDFC,Female,1,Yes,Yes,12,Yes,Yes,Fiber optic,No,Yes,No,No,No,No,Two year,No,Bank transfer (automatic),84.77,999.15,No
8427-CYTQH,Male,0,No,No,34,Yes,No,Fiber optic,No,No,No,No,No,No,Month-to-month,Yes,Mailed check,80.98,2736.69,Yes
1379-RRFKB,Male,0,No,No,61,Yes,No,DSL,No,No,Yes,No,No,No,Two year,Yes,Electronic check,55.52,3360.91,No
3664-FLWHL,Female,0,Yes,Yes,10,No,No phone service,DSL,No,No,No,No,No,No,Month-to-month,Yes,Electronic check,46.77,464.39,No
4229-EZBEW,Male,0,Yes,No,57,Yes,Yes,DSL,No,No,Yes,No,No,No,Month-to-month,Yes,Electronic check,49.65,2815.66,No
5625-OTYEE,Female,0,No,No,7,Yes,No,Fiber optic,No,No,No,No,No,No,Month-to-month,Yes,Credit card (automatic),80.55,571.85,No
7882-JIOWV,Male,1,No,No,65,Yes,Yes,Fiber optic,No,No,No,No,No,Yes,Month-to-month,Yes,Credit card (automatic),79.18,5123.97,No
2402-MLMJY,Male,0,Yes,No,59,Yes,Yes,Fiber optic,Yes,No,Yes,No,No,Yes,Month-to-month,Yes,Mailed check,94.74,5588.16,Yes
3442-EBUZW,Male,0,No,No,20,Yes,No,No,No internet service,No internet service,No internet service,No internet service,No internet service,No internet service,Month-to-month,Yes,Bank transfer (automatic),25.22,523.75,No
2209-VEPXN,Male,0,Yes,No,66,Yes,No,Fiber optic,No,Yes,No,No,No,No,Two year,Yes,Mailed check,79.54,5246.32,No
6971-XIDNO,Male,0,Yes,No,0,Yes,No,No,No internet service,No internet service,No internet service,No internet service,No internet service,No internet service,Month-to-month,No,Mailed check,26.09,0.0,Yes
5772-JHSFN,Female,0,Yes,Yes,40,Yes,No,DSL,No,No,Yes,No,Yes,Yes,Two year,No,Bank transfer (automatic),66.94,2704.79,No
1181-LPHSI,Female,0,No,No,58,Yes,No,Fiber optic,Yes,Yes,Yes,No,No,No,Month-to-month,No,Mailed check,90.23,5223.28,No
2277-ZPZHM,Female,0,Yes,No,72,Yes,Yes,No,No internet service,No internet service,No internet service,No internet service,No internet service,No internet service,Month-to-month,No,Credit card (automatic),19.62,1440.38,No
4472-SPGRL,Female,1,No,No,16,Yes,No,Fiber optic,No,Yes,Yes,Yes,No,Yes,One year,No,Credit card (automatic),101.19,1596.67,No
8824-VBHXZ,Male,0,No,No,13,Yes,No,Fiber optic,Yes,Yes,No,No,Yes,No,Two year,Yes,Bank transfer (automatic),98.85,1280.33,No
1486-TJJPZ,Female,0,No,No,71,Yes,Yes,DSL,No,Yes,Yes,No,No,No,Two year,Yes,Mailed check,62.1,4405.24,No
3826-QYWZX,Female,0,No,No,63,Yes,Yes,DSL,Yes,Yes,No,No,No,No,Month-to-month,Yes,Credit card (automatic),54.96,3434.75,No
9694-ISSSI,Female,0,No,No,59,Yes,No,Fiber optic,No,No,Yes,Yes,No,No,Month-to-month,Yes,Credit card (automatic),87.13,5119.55,No
9764-RKKHG,Female,0,Yes,Yes,7,Yes,Yes,DSL,No,No,Yes,No,No,No,One year,Yes,Credit card (automatic),53.93,365.68,No
9156-WMVVK,Male,1,Yes,Yes,18,No,No phone service,Fiber optic,No,Yes,Yes,No,No,No,One year,Yes,Credit card (automatic),82.85,1476.08,No
9576-UWXSM,Male,0,No,No,61,Yes,No,Fiber optic,No,No,No,No,No,Yes,Month-to-month,Yes,Credit card (automatic),89.36,5455.01,Yes
3391-PREBL,Male,0,No,No,8,Yes,Yes,DSL,No,Yes,No,Yes,No,Yes,One year,No,Mailed check,71.55,584.13,No
9159-ABHUX,Male,0,No,No,60,Yes,Yes,Fiber optic,Yes,Yes,Yes,No,No,Yes,One year,No,Bank transfer (automatic),97.24,5858.58,No
4548-MUVIP,Female,1,Yes,No,64,Yes,No,Fiber optic,No,Yes,Yes,No,No,No,Month-to-month,Yes,Credit card (automatic),89.35,5723.36,No
3323-FHPTI,Female,0,No,No,3,Yes,No,DSL,No,Yes,No,No,No,Yes,Month-to-month,Yes,Credit card (automatic),60.72,200.6,Yes
1354-YWWXB,Male,0,Yes,Yes,69,Yes,Yes,DSL,No,No,Yes,No,No,No,Month-to-month,No,Bank transfer (automatic),56.36,3879.78,No
2352-OKIAY,Male,0,No,No,8,No,No phone service,Fiber optic,No,Yes,Yes,No,Yes,No,Month-to-month,No,Mailed check,94.94,742.71,Yes
7764-CIEUO,Male,0,Yes,No,14,Yes,No,DSL,No,Yes,No,No,No,Yes,Two year,Yes,Electronic check,58.61,811.71,No
9947-FBBVL,Female,1,No,No,11,Yes,No,Fiber optic,No,No,No,No,No,Yes,Month-to-month,No,Bank transfer (automatic),88.55,970.9,Yes
7741-ULXAV,Female,1,Yes,Yes,52,Yes,Yes,Fiber optic,No,Yes,No,No,Yes,No,Month-to-month,No,Mailed check,96.35,5033.64,No
5480-FXIMA,Male,0,No,No,38,Yes,Yes,Fiber optic,No,No,No,No,No,No,Month-to-month,No,Electronic check,77.31,2945.69,No
7652-GTMBE,Female,0,No,No,11,Yes,No,DSL,No,No,Yes,Yes,Yes,Yes,One year,Yes,Credit card (automatic),79.84,899.02,No
4892-PEYVS,Male,0,Yes,No,45,Yes,No,Fiber optic,Yes,No,Yes,Yes,No,Yes,Month-to-month,Yes,Mailed check,104.97,4713.5,Yes
7108-OFCXV,Male,0,No,No,9,Yes,Yes,No,No internet service,No internet service,No internet service,No internet service,No internet service,No internet service,Two year,Yes,Mailed check,29.56,266.12,No
3906-ILNEY,Female,1,Yes,Yes,2,Yes,No,No,No internet service,No internet service,No internet service,No internet service,No internet service,No internet service,Month-to-month,Yes,Credit card (automatic),24.93,43.62,Yes
9706-CCMMH,Male,0,Yes,Yes,7,Yes,No,Fiber optic,No,No,No,No,No,No,One year,No,Credit card (automatic),78.43,551.83,No
2030-BWTHC,Female,0,Yes,Yes,11,Yes,Yes,Fiber optic,No,No,Yes,No,Yes,Yes,Two year,Yes,Credit card (automatic),100.01,1106.94,No
5748-GTLMJ,Male,0,No,Yes,59,Yes,Yes,DSL,No,Yes,No,No,Yes,No,Month-to-month,Yes,Electronic check,63.56,3718.21,No
8975-JUQUY,Female,0,No,No,24,No,No phone service,No,No internet service,No internet service,No internet service,No internet service,No internet service,No internet service,Month-to-month,Yes,Credit card (automatic),18.25,488.0,No
5104-FOIBQ,Female,0,Yes,No,72,Yes,No,DSL,Yes,Yes,No,No,No,No,Month-to-month,No,Mailed check,66.2,4754.12,No
4885-KOJMI,Female,0,No,No,72,Yes,Yes,No,No internet service,No internet service,No internet service,No internet service,No internet service,No internet service,One year,Yes,Mailed check,29.29,2092.58,No
2746-FSVST,Male,0,Yes,No,16,Yes,No,No,No internet service,No internet service,No internet service,No internet service,No internet service,No internet service,Two year,No,Mailed check,26.53,427.02,No
9686-IWIZW,Female,0,Yes,Yes,3,Yes,No,No,No internet service,No internet service,No internet service,No internet service,No internet service,No internet service,Month-to-month,No,Bank transfer (automatic),24.84,81.74,No
1038-MGXJL,Male,1,Yes,No,37,Yes,Yes,No,No internet service,No internet service,No internet service,No internet service,No internet service,No internet service,Two year,No,Bank transfer (automatic),18.25,645.14,No
5152-PTKNF,Male,0,Yes,Yes,5,Yes,Yes,Fiber optic,No,No,No,No,Yes,No,Month-to-month,Yes,Bank transfer (automatic),91.64,450.38,Yes
9935-HLURA,Female,0,Yes,Yes,31,Yes,Yes,Fiber optic,No,No,Yes,No,Yes,Yes,Month-to-month,No,Electronic check,106.05,3333.03,No
8096-XGCML,Male,0,Yes,No,4,Yes,No,Fiber optic,No,No,Yes,Yes,No,No,One year,No,Mailed check,89.75,316.69,Yes
1252-AJCJP,Female,0,No,No,8,Yes,No,DSL,No,No,No,No,Yes,Yes,Two year,Yes,Mailed check,64.85,507.38,No
4069-JBXNR,Male,0,No,No,4,Yes,No,Fiber optic,Yes,No,Yes,No,No,No,Month-to-month,Yes,Bank transfer (automatic),86.39,331.64,Yes
2581-AGPKM,Male,0,No,Yes,64,Yes,Yes,Fiber optic,No,Yes,No,Yes,No,Yes,One year,Yes,Credit card (automatic),96.88,6199.05,No
6255-JMDJE,Male,0,No,No,62,Yes,Yes,DSL,Yes,No,No,No,No,No,One year,Yes,Mailed check,51.27,3185.24,No
4038-UAJTH,Male,0,Yes,No,10,Yes,Yes,No,No internet service,No internet service,No internet service,No internet service,No internet service,No internet service,Month-to-month,No,Mailed check,20.52,189.73,Yes
3621-XMMFH,Male,0,Yes,No,39,Yes,No,DSL,No,Yes,Yes,No,Yes,No,One year,Yes,Electronic check,70.88,2757.95,No
1342-QAQZS,Male,1,Yes,Yes,8,Yes,Yes,Fiber optic,No,No,No,No,No,Yes,One year,Yes,Bank transfer (automatic),88.95,697.55,No
9686-JJDRL,Female,1,Yes,No,47,Yes,Yes,No,No internet service,No internet service,No internet service,No internet service,No internet service,No internet service,Month-to-month,Yes,Credit card (automatic),21.09,990.7,Yes
2818-DQKXT,Male,1,No,No,25,Yes,No,DSL,No,No,Yes,No,Yes,No,One year,Yes,Mailed check,63.79,1606.3,No
6910-TLSZD,Male,0,No,No,28,Yes,No,Fiber optic,Yes,Yes,No,No,No,Yes,Two year,No,Mailed check,100.68,2792.72,No
6678-JISJU,Male,0,Yes,Yes,42,Yes,Yes,DSL,Yes,No,Yes,No,No,Yes,Month-to-month,Yes,Credit card (automatic),63.25,2662.26,No
8485-MCNXB,Male,0,Yes,No,26,Yes,Yes,Fiber optic,Yes,No,Yes,No,No,Yes,Two year,No,Mailed check,100.25,2623.06,No
1291-XWFYS,Male,0,No,No,26,Yes,Yes,No,No internet service,No internet service,No internet service,No internet service,No internet service,No internet service,One year,Yes,Credit card (automatic),24.55,608.67,No
2998-LXHXB,Male,1,No,No,72,Yes,Yes,Fiber optic,No,No,Yes,No,Yes,No,Month-to-month,No,Mailed check,92.16,6623.95,No
7128-AGKHP,Male,0,Yes,Yes,9,Yes,Yes,No,No internet service,No internet service,No internet service,No internet service,No internet service,No internet service,Two year,Yes,Credit card (automatic),22.23,194.32,No
8552-JBYVT,Female,0,No,No,41,Yes,No,Fiber optic,No,No,No,No,No,Yes,One year,Yes,Credit card (automatic),88.82,3662.66,No
3894-QMQOC,Female,0,No,No,10,Yes,Yes,Fiber optic,Yes,Yes,Yes,Yes,Yes,No,Month-to-month,Yes,Bank transfer (automatic),104.39,1052.3,No
7907-UUHAE,Male,0,No,No,72,Yes,Yes,No,No internet service,No internet service,No internet service,No internet service,No internet service,No internet service,Month-to-month,No,Mailed check,27.35,1956.4,No
6509-TUIIK,Female,0,No,No,17,No,No phone service,No,No internet service,No internet service,No internet service,No internet service,No internet service,No internet service,Month-to-month,No,Electronic check,19.04,346.55,No
3057-JGBFN,Female,1,No,No,15,Yes,Yes,Fiber optic,No,Yes,Yes,Yes,No,Yes,One year,No,Mailed check,106.29,1603.61,Yes
3367-SAYFZ,Female,0,Yes,No,67,Yes,No,No,No internet service,No internet service,No internet service,No internet service,No internet service,No internet service,Month-to-month,No,Mailed check,27.1,1848.91,No
7952-SDSSK,Male,0,No,No,14,Yes,No,No,No internet service,No internet service,No internet service,No internet service,No internet service,No internet service,Two year,No,Electronic check,27.67,337.38,No
1465-IPQDD,Female,1,No,No,56,Yes,No,No,No internet service,No internet service,No internet service,No internet service,No internet service,No internet service,Month-to-month,Yes,Credit card (automatic),19.47,1088.13,Yes
5274-RWVNS,Female,0,No,No,64,Yes,No,Fiber optic,Yes,Yes,No,No,No,Yes,Month-to-month,Yes,Credit card (automatic),99.24,6369.27,Yes
7917-WSRVK,Female,1,Yes,No,7,Yes,No,Fiber optic,Yes,Yes,No,Yes,No,No,One year,Yes,Credit card (automatic),95.74,685.17,No
6220-KQRQP,Female,0,No,No,56,Yes,Yes,No,No internet service,No internet service,No internet service,No internet service,No internet service,No internet service,One year,Yes,Mailed check,28.43,1600.04,No
2909-FUNET,Female,0,No,No,3,Yes,Yes,Fiber optic,No,Yes,No,No,Yes,Yes,Two year,Yes,Electronic check,99.34,302.36,No
2442-QZPIQ,Male,0,No,No,55,Yes,No,DSL,No,No,No,No,Yes,Yes,Month-to-month,No,Mailed check,66.22,3611.34,No
4988-GXLBC,Female,0,No,Yes,27,Yes,No,Fiber optic,No,Yes,No,No,No,No,Month-to-month,Yes,Bank transfer (automatic),88.42,2374.38,Yes
8332-CULIZ,Male,1,No,No,32,Yes,Yes,No,No internet service,No internet service,No internet service,No internet service,No internet service,No internet service,One year,No,Electronic check,26.07,842.1,No
1918-YHOEH,Female,0,No,No,11,Yes,No,Fiber optic,No,No,No,No,No,No,Month-to-month,Yes,Credit card (automatic),81.36,858.84,No
7996-EEQQL,Male,0,No,No,3,Yes,No,No,No internet service,No internet service,No internet service,No internet service,No internet service,No internet service,Two year,No,Bank transfer (automatic),27.18,102.81,No
8683-YBNFP,Male,0,No,No,48,Yes,Yes,No,No internet service,No internet service,No internet service,No internet service,No internet service,No internet service,Month-to-month,Yes,Bank transfer (automatic),26.49,1270.96,No
8819-OCNRI,Male,0,No,No,25,No,No phone service,Fiber optic,No,Yes,No,No,No,Yes,One year,Yes,Credit card (automatic),84.95,2107.55,No
8403-QPDNR,Male,1,Yes,No,14,Yes,No,DSL,No,Yes,No,No,Yes,Yes,One year,No,Bank transfer (automatic),73.35,1009.64,No
9996-JKIMA,Male,0,No,No,8,Yes,Yes,DSL,Yes,No,Yes,No,No,No,Month-to-month,Yes,Credit card (automatic),60.65,479.62,Yes
7619-ZQGSU,Female,0,Yes,No,56,Yes,No,Fiber optic,No,No,Yes,Yes,No,No,Two year,Yes,Credit card (automatic),87.09,4862.64,No
3425-WTPAZ,Female,0,No,No,71,Yes,No,Fiber optic,Yes,Yes,No,No,Yes,No,Month-to-month,Yes,Credit card (automatic),101.42,7213.28,No
7472-ECLJX,Male,0,No,No,36,Yes,No,DSL,No,No,No,No,No,No,Month-to-month,Yes,Electronic check,51.5,1858.75,No
1115-BIWTK,Male,0,No,No,64,Yes,No,No,No internet service,No internet service,No internet service,No internet service,No internet service,No internet service,Month-to-month,Yes,Electronic check,20.78,1319.25,No
7029-KAOMW,Female,0,No,No,65,Yes,Yes,DSL,No,No,Yes,No,No,No,Two year,Yes,Mailed check,55.42,3636.27,No
8771-FHUSB,Female,0,Yes,Yes,51,Yes,Yes,Fiber optic,No,No,No,No,No,No,Month-to-month,Yes,Credit card (automatic),82.61,4176.91,Yes
1638-KSUVC,Female,0,No,No,3,Yes,Yes,No,No internet service,No internet service,No internet service,No internet service,No internet service,No internet service,One year,No,Credit card (automatic),23.37,82.95,No
8672-TKXVT,Male,0,Yes,Yes,70,Yes,Yes,Fiber optic,No,Yes,No,No,No,No,Month-to-month,Yes,Credit card (automatic),87.21,6101.41,No
6891-ACTWT,Female,0,No,No,27,Yes,Yes,No,No internet service,No internet service,No internet service,No internet service,No internet service,No internet service,Month-to-month,No,Mailed check,25.38,671.25,No
8824-UNNQX,Female,1,Yes,Yes,72,Yes,No,Fiber optic,Yes,No,Yes,No,Yes,Yes,Month-to-month,No,Electronic check,101.38,7330.42,Yes
3036-QCHBY,Male,0,Yes,Yes,5,Yes,No,Fiber optic,No,Yes,Yes,No,No,Yes,One year,Yes,Electronic check,98.38,474.41,No
1239-EVDAG,Female,0,No,No,72,Yes,Yes,Fiber optic,No,No,No,No,Yes,No,One year,No,Bank transfer (automatic),89.06,6378.64,No
9462-KDDNA,Female,0,Yes,Yes,5,Yes,Yes,Fiber optic,No,No,No,No,No,No,Month-to-month,No,Bank transfer (automatic),77.97,395.99,No
5055-YQFSL,Female,0,Yes,Yes,38,Yes,Yes,No,No internet service,No internet service,No internet service,No internet service,No internet service,No internet service,Month-to-month,No,Bank transfer (automatic),28.92,1092.84,No
9660-BOASC,Female,1,Yes,No,9,Yes,Yes,DSL,Yes,No,No,No,No,Yes,Month-to-month,Yes,Electronic check,66.97,612.25,No
7179-QMNWJ,Male,0,Yes,Yes,2,Yes,No,DSL,No,No,No,No,Yes,No,Month-to-month,Yes,Electronic check,49.48,143.63,Yes
4487-BDDZR,Male,0,No,No,30,Yes,No,DSL,No,No,Yes,No,No,No,Two year,No,Mailed check,52.64,1568.06,No
8717-TBJAE,Male,0,Yes,No,72,Yes,No,DSL,Yes,No,Yes,Yes,No,No,Two year,No,Bank transfer (automatic),60.77,4356.6,No
9842-ICBYE,Female,0,Yes,No,31,Yes,No,Fiber optic,No,No,Yes,No,No,Yes,Month-to-month,Yes,Credit card (automatic),96.07,2988.28,Yes
6531-YHAAS,Male,0,No,No,52,Yes,Yes,Fiber optic,Yes,No,No,Yes,No,No,One year,Yes,Electronic check,84.82,4430.81,No
9921-YORLO,Female,1,No,No,33,Yes,No,DSL,Yes,Yes,No,No,No,No,Month-to-month,Yes,Mailed check,56.24,1894.06,No
8966-JRZFA,Male,1,Yes,No,72,Yes,No,Fiber optic,Yes,Yes,Yes,No,Yes,Yes,One year,No,Credit card (automatic),105.84,7615.21,No
6648-EIHGB,Male,0,Yes,No,29,Yes,No,Fiber optic,Yes,No,Yes,Yes,No,Yes,Month-to-month,Yes,Credit card (automatic),107.12,3084.43,No
1645-EOZIN,Female,1,Yes,Yes,26,Yes,No,No,No internet service,No internet service,No internet service,No internet service,No internet service,No internet service,Month-to-month,Yes,Bank transfer (automatic),28.26,715.19,No
4308-WPGEW,Female,0,No,No,72,Yes,Yes,No,No internet service,No internet service,No internet service,No internet service,No internet service,No internet service,Month-to-month,No,Electronic check,25.91,1865.68,No
2197-MFLMA,Female,0,Yes,Yes,2,No,No phone service,DSL,Yes,No,Yes,Yes,No,No,Month-to-month,No,Electronic check,54.01,80.67,Yes
8705-OPIHZ,Female,0,No,No,18,Yes,No,Fiber optic,No,No,No,Yes,No,Yes,Two year,No,Credit card (automatic),99.9,1789.16,No
1153-UOBRY,Female,0,No,Yes,30,Yes,No,DSL,No,No,No,No,Yes,No,Month-to-month,No,Credit card (automatic),66.1,1966.04,No
3646-WAJQA,Female,0,No,No,61,No,No phone service,Fiber optic,No,Yes,No,No,No,No,Month-to-month,Yes,Bank transfer (automatic),73.45,4529.59,No
2806-EKCLA,Male,0,No,Yes,51,Yes,No,Fiber optic,No,No,No,Yes,No,No,Month-to-month,Yes,Mailed check,85.95,4402.89,Yes
8123-ULLQZ,Male,0,No,Yes,72,Yes,No,No,No internet service,No internet service,No internet service,No internet service,No internet service,No internet service,Month-to-month,No,Electronic check,30.57,2233.3,No
9224-QFEDB,Female,1,No,No,23,No,No phone service,Fiber optic,No,No,Yes,No,No,No,Month-to-month,Yes,Bank transfer (automatic),78.8,1815.65,Yes
3702-PLPFC,Male,1,Yes,No,62,Yes,Yes,DSL,No,Yes,No,No,Yes,Yes,One year,Yes,Bank transfer (automatic),69.44,4299.87,No
1823-YTCCU,Male,0,Yes,No,53,Yes,Yes,Fiber optic,No,Yes,No,Yes,Yes,No,Month-to-month,Yes,Credit card (automatic),93.55,4949.06,Yes
9565-SZWEX,Male,0,Yes,Yes,42,Yes,No,No,No internet service,No internet service,No internet service,No internet service,No internet service,No internet service,One year,Yes,Electronic check,22.82,972.08,No
5880-LJZSF,Female,1,Yes,Yes,38,Yes,No,DSL,No,No,No,No,Yes,No,Month-to-month,No,Mailed check,59.99,2289.73,No
7813-USHZW,Male,1,No,Yes,19,No,No phone service,Fiber optic,No,Yes,Yes,No,Yes,No,Two year,Yes,Electronic check,85.32,1613.28,Yes
2021-OASDR,Male,0,Yes,No,48,Yes,No,No,No internet service,No internet service,No internet service,No internet service,No internet service,No internet service,Two year,Yes,Mailed check,22.28,1073.16,No
6494-HGHRE,Male,0,No,No,11,Yes,Yes,DSL,Yes,Yes,No,No,Yes,No,One year,Yes,Bank transfer (automatic),67.03,716.53,No
3401-QKLJC,Male,0,No,No,3,Yes,No,Fiber optic,Yes,Yes,Yes,No,No,Yes,Two year,No,Mailed check,103.13,301.42,No
9187-NBXJL,Male,0,Yes,Yes,55,Yes,Yes,Fiber optic,No,Yes,No,No,Yes,No,One year,Yes,Credit card (automatic),85.0,4679.56,No
9876-WSAGC,Female,0,No,Yes,34,Yes,Yes,Fiber optic,No,Yes,No,No,No,No,One year,Yes,Mailed check,80.49,2744.42,No
8034-IPIDD,Female,0,Yes,Yes,72,Yes,No,DSL,No,No,Yes,No,No,Yes,Month-to-month,Yes,Bank transfer (automatic),64.71,4670.02,No
5109-LWUWY,Male,0,Yes,No,18,Yes,Yes,Fiber optic,No,Yes,No,No,Yes,No,One year,No,Mailed check,94.19,1677.88,No
1585-FDPKH,Female,0,Yes,Yes,64,Yes,Yes,No,No internet service,No internet service,No internet service,No internet service,No internet service,No internet service,Month-to-month,Yes,Bank transfer (automatic),28.31,1827.59,No
5346-XUTGN,Female,0,Yes,Yes,28,Yes,No,Fiber optic,No,No,No,Yes,Yes,Yes,One year,No,Mailed check,106.9,2997.47,No
5088-FROMH,Female,0,No,No,18,Yes,Yes,Fiber optic,Yes,No,No,Yes,Yes,Yes,Two year,No,Mailed check,109.82,1991.83,No
7704-FQFFN,Female,0,No,Yes,71,No,No phone service,DSL,No,Yes,Yes,No,No,No,Month-to-month,Yes,Electronic check,53.54,3799.6,No
5591-APEAH,Male,0,No,No,32,Yes,No,Fiber optic,Yes,Yes,No,No,No,No,One year,No,Mailed check,92.0,2936.26,No
4087-EJTFB,Male,0,Yes,No,0,Yes,No,DSL,Yes,No,No,No,Yes,Yes,Month-to-month,Yes,Bank transfer (automatic),72.64,15.29,No
6341-KGEGM,Male,0,Yes,No,66,Yes,Yes,DSL,No,No,No,Yes,No,Yes,Month-to-month,Yes,Mailed check,71.11,4693.6,No
1437-TRORS,Male,0,Yes,Yes,19,No,No phone service,Fiber optic,Yes,Yes,No,No,No,Yes,Two year,Yes,Credit card (automatic),95.73,1806.49,No
2169-SSYVP,Female,0,No,Yes,11,Yes,No,DSL,No,No,No,Yes,Yes,No,Two year,Yes,Credit card (automatic),67.94,784.09,No
4743-AWRVW,Male,0,No,No,12,Yes,Yes,No,No internet service,No internet service,No internet service,No internet service,No internet service,No internet service,Month-to-month,Yes,Electronic check,25.19,283.7,Yes
3579-RRKNW,Female,0,No,Yes,1,Yes,No,DSL,No,Yes,No,Yes,Yes,No,Month-to-month,No,Mailed check,64.41,77.66,No
9997-OOWXL,Male,0,No,No,13,No,No phone service,Fiber optic,No,No,No,No,No,Yes,Month-to-month,Yes,Bank transfer (automatic),82.41,1090.72,Yes
1507-UTYDB,Female,1,No,No,12,Yes,Yes,Fiber optic,Yes,No,Yes,No,Yes,No,Month-to-month,Yes,Mailed check,91.11,1105.12,Yes
7144-FTGFA,Female,1,Yes,Yes,9,Yes,Yes,No,No internet service,No internet service,No internet service,No internet service,No internet service,No internet service,Two year,No,Mailed check,26.2,245.41,No
3974-MMOCI,Female,0,Yes,No,33,Yes,No,Fiber optic,No,Yes,No,Yes,Yes,Yes,Month-to-month,Yes,Mailed check,101.45,3331.73,No
1778-UJOJH,Female,0,Yes,Yes,14,No,No phone service,No,No internet service,No internet service,No internet service,No internet service,No internet service,No internet service,Month-to-month,Yes,Credit card (automatic),21.32,285.91,No
5987-BXLZR,Male,1,No,No,2,Yes,Yes,Fiber optic,Yes,Yes,No,No,No,No,Two year,Yes,Credit card (automatic),91.45,171.3,No
7715-MONZV,Male,0,Yes,No,14,Yes,No,No,No internet service,No internet service,No internet service,No internet service,No internet service,No internet service,Two year,Yes,Bank transfer (automatic),29.51,406.24,No
1656-XGVON,Male,0,Yes,Yes,1,Yes,Yes,Fiber optic,No,No,No,Yes,No,Yes,Two year,Yes,Mailed check,96.78,126.55,Yes
2550-GHFXF,Male,0,No,No,23,Yes,No,Fiber optic,No,No,No,No,No,Yes,Month-to-month,No,Electronic check,86.46,2000.52,Yes
9991-CCDCS,Male,0,Yes,No,72,Yes,Yes,DSL,Yes,Yes,No,Yes,No,No,Month-to-month,Yes,Credit card (automatic),60.08,4327.42,No
7670-YNMFR,Male,1,No,Yes,18,Yes,Yes,DSL,No,No,No,Yes,No,No,Month-to-month,Yes,Mailed check,51.26,920.83,No
3307-LLJXK,Male,1,No,No,72,Yes,No,No,No internet service,No internet service,No internet service,No internet service,No internet service,No internet service,Month-to-month,Yes,Bank transfer (automatic),23.29,1642.99,No
2269-KTICY,Male,0,No,No,38,Yes,Yes,Fiber optic,No,No,No,Yes,Yes,No,Month-to-month,No,Electronic check,88.06,3357.75,Yes
5023-YICSJ,Female,0,No,No,5,Yes,Yes,Fiber optic,Yes,No,No,No,No,No,One year,Yes,Bank transfer (automatic),83.84,412.88,No
6980-YFDJH,Female,0,No,No,36,No,No phone service,No,No internet service,No internet service,No internet service,No internet service,No internet service,No internet service,Month-to-month,No,Credit card (automatic),24.98,898.28,No
6583-YLRYZ,Female,0,Yes,Yes,46,Yes,Yes,Fiber optic,No,No,Yes,No,No,No,Month-to-month,No,Bank transfer (automatic),87.35,3991.59,No
1951-ODDFV,Male,0,Yes,Yes,60,Yes,No,Fiber optic,No,No,Yes,No,No,No,Month-to-month,No,Bank transfer (automatic),85.59,5145.44,No
1173-XBYQO,Male,0,No,No,6,Yes,Yes,No,No internet service,No internet service,No internet service,No internet service,No internet service,No internet service,Month-to-month,Yes,Credit card (automatic),29.04,165.67,No
7231-ZRYFL,Male,0,No,No,19,Yes,No,No,No internet service,No internet service,No internet service,No internet service,No internet service,No internet service,Month-to-month,No,Electronic check,29.42,550.72,Yes
2099-ROMYY,Male,0,Yes,Yes,72,Yes,No,Fiber optic,Yes,No,No,No,Yes,No,Month-to-month,No,Electronic check,95.49,6882.11,No
3031-BXUXH,Male,0,No,No,64,Yes,Yes,No,No internet service,No internet service,No internet service,No internet service,No internet service,No internet service,Month-to-month,No,Mailed check,28.65,1830.86,Yes
5727-AHRPA,Male,0,No,No,38,Yes,Yes,DSL,No,Yes,Yes,No,No,No,One year,Yes,Electronic check,65.51,2504.54,Yes
3728-SSDFN,Female,0,No,No,9,Yes,No,DSL,No,No,No,No,No,No,Two year,Yes,Mailed check,49.23,420.55,No
8940-XELGR,Female,0,No,No,6,Yes,Yes,Fiber optic,Yes,No,No,No,Yes,Yes,One year,Yes,Bank transfer (automatic),97.11,632.66,No
1316-QSXHO,Female,0,No,No,36,Yes,No,DSL,No,Yes,Yes,No,Yes,No,Two year,No,Credit card (automatic),62.82,2285.25,No
4235-SBEXQ,Female,0,No,No,6,Yes,Yes,No,No internet service,No internet service,No internet service,No internet service,No internet service,No internet service,Month-to-month,Yes,Mailed check,18.25,94.15,No
7422-WZPDX,Male,0,Yes,Yes,61,Yes,Yes,Fiber optic,No,No,Yes,No,No,No,Month-to-month,No,Credit card (automatic),88.57,5417.11,No
5414-SQAAT,Male,0,No,No,64,Yes,Yes,Fiber optic,No,No,No,No,Yes,No,Month-to-month,No,Mailed check,90.8,5817.51,No
5447-DTJFC,Male,0,No,No,16,Yes,Yes,DSL,No,No,No,No,No,No,Two year,No,Bank transfer (automatic),52.05,860.24,No
8078-NTJSD,Female,0,No,No,45,Yes,Yes,DSL,No,No,No,No,No,Yes,Two year,No,Bank transfer (automatic),61.73,2779.4,No
9908-FTJZP,Male,1,No,No,33,No,No phone service,DSL,No,No,No,No,No,No,Two year,No,Electronic check,46.22,1524.94,No
3442-UKSBO,Male,0,Yes,No,64,Yes,No,Fiber optic,No,No,No,No,No,No,Month-to-month,Yes,Mailed check,81.43,5257.37,No
9765-VNXGE,Female,0,Yes,No,2,Yes,No,Fiber optic,No,No,No,No,No,No,One year,No,Credit card (automatic),78.57,131.95,No
6163-OQDPP,Female,1,Yes,No,2,Yes,Yes,DSL,No,Yes,Yes,Yes,Yes,No,Month-to-month,No,Bank transfer (automatic),75.35,143.52,No
8411-WXNWS,Female,0,Yes,Yes,72,Yes,Yes,Fiber optic,No,No,No,Yes,No,No,Month-to-month,Yes,Bank transfer (automatic),82.22,5901.91,No
2024-RKEPW,Female,0,No,Yes,58,Yes,No,Fiber optic,Yes,Yes,Yes,Yes,Yes,No,Month-to-month,Yes,Mailed check,106.19,6156.92,No
3824-QGDIF,Female,1,No,No,1,Yes,Yes,DSL,Yes,No,Yes,Yes,Yes,No,Month-to-month,Yes,Electronic check,76.13,53.47,No
7981-DQQMX,Female,0,No,Yes,43,Yes,No,No,No internet service,No internet service,No internet service,No internet service,No internet service,No internet service,Two year,No,Mailed check,20.78,875.47,No
9830-FVSGB,Female,0,No,No,6,Yes,Yes,Fiber optic,No,No,Yes,No,No,Yes,Month-to-month,Yes,Bank transfer (automatic),85.86,498.19,Yes
3682-RDBJS,Male,0,No,No,5,Yes,No,Fiber optic,Yes,No,No,Yes,No,Yes,Month-to-month,Yes,Bank transfer (automatic),98.08,487.74,No
8134-QCAXD,Male,0,Yes,Yes,3,Yes,Yes,DSL,No,No,No,No,No,Yes,Month-to-month,No,Bank transfer (automatic),58.12,149.62,Yes
1405-KRAEM,Female,0,No,No,10,Yes,No,DSL,Yes,No,No,No,Yes,Yes,Month-to-month,No,Mailed check,75.53,779.2,No
1495-AWWRI,Female,0,No,Yes,18,Yes,No,DSL,No,No,No,Yes,Yes,Yes,Month-to-month,Yes,Electronic check,70.08,1263.18,Yes
9972-TNZHF,Male,1,Yes,Yes,62,Yes,No,No,No internet service,No internet service,No internet service,No internet service,No internet service,No internet service,One year,Yes,Electronic check,33.12,2027.96,No
9410-OTSGK,Female,1,Yes,Yes,68,Yes,Yes,DSL,Yes,No,Yes,No,No,No,Month-to-month,Yes,Credit card (automatic),57.44,3896.02,No
4976-PPBDI,Male,1,No,No,22,Yes,Yes,Fiber optic,No,Yes,Yes,No,No,No,Month-to-month,Yes,Electronic check,92.22,2016.4,Yes
2422-SIUAS,Male,0,Yes,No,9,Yes,No,No,No internet service,No internet service,No internet service,No internet service,No internet service,No internet service,One year,No,Mailed check,30.34,275.43,No
6072-MTMAK,Female,1,No,No,9,Yes,Yes,DSL,Yes,No,No,Yes,Yes,No,Month-to-month,No,Electronic check,66.12,598.88,No
6023-FWQQR,Male,0,No,No,2,Yes,No,Fiber optic,No,Yes,No,No,No,No,Month-to-month,Yes,Bank transfer (automatic),82.9,182.55,Yes
2370-IHZNT,Male,1,No,No,57,Yes,Yes,No,No internet service,No internet service,No internet service,No internet service,No internet service,No internet service,Month-to-month,Yes,Credit card (automatic),25.2,1441.65,No
7213-LYIFH,Female,0,Yes,No,9,Yes,Yes,Fiber optic,No,Yes,Yes,No,No,Yes,Two year,No,Mailed check,95.39,836.88,No
3698-XVPFT,Male,0,No,No,19,No,No phone service,DSL,No,Yes,No,No,No,No,Two year,No,Credit card (automatic),48.95,905.94,No
2004-IXVSF,Female,0,No,Yes,21,Yes,Yes,DSL,No,No,No,No,Yes,No,Month-to-month,Yes,Electronic check,60.61,1299.86,Yes
3722-VXTPA,Female,0,Yes,No,46,Yes,No,DSL,Yes,No,No,No,No,No,One year,Yes,Bank transfer (automatic),57.18,2636.54,No
4702-LPSXF,Male,0,Yes,No,25,Yes,No,Fiber optic,Yes,No,Yes,No,No,No,Two year,Yes,Electronic check,89.76,2249.78,No
1869-CCGRG,Male,0,No,No,65,Yes,No,Fiber optic,No,No,No,Yes,No,No,Month-to-month,Yes,Credit card (automatic),84.9,5512.2,No
7086-MSKKM,Male,0,Yes,Yes,9,No,No phone service,DSL,No,Yes,No,No,No,Yes,Two year,Yes,Electronic check,57.25,515.25,No
7557-FRSPH,Male,0,No,No,12,Yes,Yes,Fiber optic,Yes,No,No,No,No,No,Two year,Yes,Credit card (automatic),85.03,1005.46,No
8189-KJSIY,Male,0,Yes,No,11,Yes,No,DSL,No,Yes,Yes,No,Yes,No,One year,No,Mailed check,71.28,765.93,No
8802-CDVWP,Female,1,No,No,13,Yes,Yes,Fiber optic,Yes,No,No,No,Yes,No,One year,Yes,Bank transfer (automatic),92.83,1227.32,No
4763-ENTQK,Female,0,No,No,5,No,No phone service,No,No internet service,No internet service,No internet service,No internet service,No internet service,No internet service,Month-to-month,No,Bank transfer (automatic),24.82,109.24,No
8533-VTHDH,Female,0,Yes,No,3,Yes,Yes,No,No internet service,No internet service,No internet service,No internet service,No internet service,No internet service,Month-to-month,Yes,Electronic check,27.64,60.82,No
8429-RHMSI,Female,0,No,Yes,11,Yes,No,Fiber optic,No,Yes,No,No,Yes,No,Month-to-month,No,Credit card (automatic),96.53,1055.38,No
8767-VWHCR,Male,0,No,No,2,Yes,Yes,DSL,No,No,No,No,No,No,Month-to-month,No,Electronic check,53.73,106.27,Yes
5538-NBTTJ,Male,0,Yes,No,5,Yes,No,DSL,No,Yes,Yes,Yes,No,No,Month-to-month,No,Bank transfer (automatic),58.9,315.3,Yes
4651-FUQPC,Female,0,No,No,68,Yes,Yes,No,No internet service,No internet service,No internet service,No internet service,No internet service,No internet service,Month-to-month,Yes,Electronic check,20.19,1354.81,No
8663-HGSXT,Female,0,Yes,No,56,Yes,Yes,DSL,No,Yes,No,No,Yes,No,Month-to-month,No,Mailed check,60.48,3390.97,No
7311-KXPWV,Male,0,No,No,10,Yes,No,DSL,No,Yes,No,No,No,Yes,Month-to-month,No,Bank transfer (automatic),65.54,657.97,No
1039-FPVWT,Male,0,No,No,4,Yes,Yes,Fiber optic,Yes,No,No,No,No,No,One year,No,Electronic check,87.87,384.33,Yes
4591-CSGVE,Male,0,Yes,Yes,12,Yes,No,No,No internet service,No internet service,No internet service,No internet service,No internet service,No internet service,Month-to-month,No,Electronic check,28.85,318.05,No
1901-LVHBN,Male,0,No,Yes,28,Yes,No,Fiber optic,No,No,Yes,No,Yes,No,Month-to-month,Yes,Electronic check,92.01,2607.92,Yes
4260-CPZTE,Male,0,No,No,28,Yes,No,DSL,No,Yes,No,No,No,No,Month-to-month,No,Electronic check,57.26,1597.31,No
4712-XIUSV,Female,0,Yes,No,6,Yes,No,DSL,No,No,Yes,Yes,No,Yes,Month-to-month,No,Bank transfer (automatic),61.83,398.25,Yes
3985-WPXMZ,Female,0,No,No,14,Yes,Yes,No,No internet service,No internet service,No internet service,No internet service,No internet service,No internet service,Month-to-month,Yes,Bank transfer (automatic),28.51,411.8,No
4414-GDXMC,Male,1,No,Yes,25,Yes,No,DSL,No,Yes,Yes,No,Yes,No,Month-to-month,No,Credit card (automatic),65.72,1630.1,Yes
8968-BQSYK,Female,0,Yes,Yes,71,Yes,No,Fiber optic,No,No,No,No,Yes,No,Month-to-month,No,Electronic check,89.01,6312.08,No
5748-KTWPS,Female,0,No,No,29,No,No phone service,No,No internet service,No internet service,No internet service,No internet service,No internet service,No internet service,Two year,No,Mailed check,21.83,612.31,No
4191-QMLMS,Male,1,No,No,68,Yes,Yes,Fiber optic,No,No,Yes,Yes,No,No,Month-to-month,Yes,Bank transfer (automatic),85.72,5869.68,No
9715-YLMIZ,Female,0,Yes,Yes,54,Yes,No,DSL,No,Yes,No,No,No,No,Month-to-month,No,Electronic check,59.43,3191.04,No
9927-ITLCA,Male,0,No,No,6,No,No phone service,Fiber optic,Yes,No,No,No,No,Yes,One year,Yes,Electronic check,87.28,549.3,No
4740-DSYBS,Male,0,Yes,Yes,69,Yes,No,Fiber optic,No,Yes,Yes,Yes,Yes,No,One year,Yes,Bank transfer (automatic),98.9,6822.73,No
2671-FYWKX,Female,1,Yes,No,21,Yes,Yes,Fiber optic,No,No,Yes,No,No,Yes,Month-to-month,No,Electronic check,92.19,1949.95,No
8542-MBJQU,Female,1,Yes,Yes,30,Yes,No,No,No internet service,No internet service,No internet service,No internet service,No internet service,No internet service,Month-to-month,Yes,Mailed check,24.73,737.73,No
6611-SDEVP,Male,0,Yes,Yes,70,Yes,No,DSL,No,No,No,No,Yes,Yes,Month-to-month,Yes,Bank transfer (automatic),63.77,4460.35,Yes
1992-WDNWM,Female,0,No,No,3,Yes,No,Fiber optic,Yes,Yes,Yes,No,No,No,Month-to-month,No,Bank transfer (automatic),94.26,287.55,Yes
3582-ALVRO,Female,0,Yes,Yes,72,Yes,Yes,Fiber optic,Yes,No,Yes,No,No,No,Month-to-month,No,Credit card (automatic),86.15,6201.3,No
6326-HICEZ,Female,0,No,Yes,29,Yes,No,Fiber optic,No,Yes,No,No,No,Yes,One year,No,Electronic check,93.85,2703.0,No
9998-YEVLP,Male,0,No,No,44,Yes,Yes,Fiber optic,Yes,No,No,No,Yes,Yes,Month-to-month,No,Mailed check,98.65,4333.18,Yes
2440-BHGSF,Female,0,No,No,33,Yes,No,DSL,No,No,No,Yes,No,Yes,Two year,Yes,Credit card (automatic),57.45,1899.99,No
9893-EWZVP,Female,0,Yes,Yes,68,Yes,No,DSL,No,No,No,No,Yes,Yes,Month-to-month,Yes,Bank transfer (automatic),66.95,4539.34,Yes
1603-VFPIX,Female,0,No,No,36,Yes,Yes,Fiber optic,Yes,No,No,No,No,No,Two year,No,Credit card (automatic),85.89,3082.57,No
4954-KQKPA,Male,0,No,No,48,Yes,No,Fiber optic,No,No,No,No,No,No,Two year,Yes,Mailed check,82.2,3967.95,No
4322-CPSGJ,Female,0,Yes,No,48,Yes,Yes,DSL,Yes,No,No,Yes,Yes,Yes,One year,Yes,Mailed check,75.69,3640.62,No
8017-ZZFBL,Female,0,No,No,72,Yes,No,DSL,No,No,Yes,No,No,No,Month-to-month,Yes,Electronic check,56.01,4005.74,No
7060-GDGEV,Male,0,Yes,No,47,Yes,Yes,No,No internet service,No internet service,No internet service,No internet service,No internet service,No internet service,Month-to-month,Yes,Mailed check,23.19,1112.92,No
9109-NNIMM,Female,1,No,No,47,No,No phone service,DSL,Yes,No,No,No,Yes,Yes,Month-to-month,No,Credit card (automatic),65.5,3096.9,Yes
1231-OECQT,Male,0,No,No,27,Yes,Yes,Fiber optic,Yes,No,Yes,Yes,Yes,No,Two year,No,Electronic check,110.89,2988.4,No
8651-FGCMY,Male,0,Yes,Yes,64,Yes,Yes,DSL,No,No,Yes,No,Yes,No,Two year,Yes,Electronic check,63.86,4097.32,No
6793-SNCEL,Male,0,Yes,Yes,24,Yes,Yes,DSL,No,No,No,Yes,No,Yes,Month-to-month,No,Bank transfer (automatic),64.24,1512.13,Yes
3397-OUHJD,Male,0,No,No,67,Yes,Yes,DSL,Yes,No,No,No,Yes,Yes,Two year,Yes,Bank transfer (automatic),77.28,5173.31,No
8344-WPBSR,Female,0,Yes,Yes,61,No,No phone service,Fiber optic,No,Yes,No,No,Yes,Yes,Month-to-month,Yes,Mailed check,93.98,5735.22,No
6891-LHRKH,Female,0,No,No,19,Yes,No,Fiber optic,No,Yes,No,Yes,Yes,No,Two year,Yes,Electronic check,96.61,1825.37,No
3533-BMPLX,Male,0,Yes,Yes,60,Yes,Yes,DSL,No,No,No,No,Yes,No,Two year,Yes,Mailed check,55.41,3325.13,No
8729-SVSDQ,Female,0,No,No,1,Yes,Yes,No,No internet service,No internet service,No internet service,No internet service,No internet service,No internet service,One year,No,Electronic check,24.87,2.41,Yes
8302-OKDSB,Male,0,Yes,No,11,Yes,Yes,Fiber optic,Yes,No,No,No,No,Yes,One year,Yes,Bank transfer (automatic),91.64,982.69,No
8646-DEAGG,Female,0,Yes,Yes,59,Yes,Yes,Fiber optic,No,No,Yes,No,Yes,No,Two year,No,Mailed check,86.2,5081.45,No
7480-QGCJB,Female,0,Yes,Yes,62,Yes,Yes,No,No internet service,No internet service,No internet service,No internet service,No internet service,No internet service,Two year,Yes,Credit card (automatic),24.39,1510.82,No
9969-JYXDZ,Female,0,No,No,8,Yes,No,Fiber optic,No,No,Yes,No,No,Yes,One year,Yes,Credit card (automatic),99.11,760.34,Yes
6200-MZXLW,Female,0,No,No,49,Yes,Yes,Fiber optic,No,No,Yes,Yes,No,No,Month-to-month,Yes,Mailed check,92.52,4510.42,No
4599-EXKNU,Female,0,Yes,Yes,2,Yes,No,DSL,Yes,No,No,No,No,Yes,One year,No,Mailed check,61.37,73.91,No
5279-MAHTT,Male,0,Yes,No,25,Yes,No,Fiber optic,Yes,No,Yes,No,No,No,One year,No,Bank transfer (automatic),91.32,2287.14,No
2685-RHSEJ,Male,0,Yes,Yes,57,No,No phone service,DSL,No,Yes,No,No,Yes,No,Month-to-month,Yes,Electronic check,55.79,3181.46,No
3868-QNDIY,Male,0,No,No,16,Yes,Yes,DSL,Yes,No,Yes,No,No,No,Month-to-month,Yes,Credit card (automatic),62.5,986.09,No
4348-TUSRU,Male,0,Yes,No,59,Yes,No,DSL,No,Yes,No,No,No,No,Month-to-month,Yes,Electronic check,55.58,3270.62,No
5267-OIPWU,Male,1,Yes,Yes,10,Yes,No,DSL,No,No,No,No,No,Yes,Month-to-month,Yes,Credit card (automatic),61.91,612.12,Yes
5333-ZPORL,Female,0,No,No,4,Yes,Yes,No,No internet service,No internet service,No internet service,No internet service,No internet service,No internet service,Month-to-month,Yes,Bank transfer (automatic),19.79,29.16,Yes
4138-YFFVX,Male,0,Yes,No,69,Yes,Yes,Fiber optic,Yes,No,No,No,No,Yes,Month-to-month,No,Credit card (automatic),94.39,6504.78,No
4331-CDHZN,Male,0,Yes,No,3,Yes,Yes,DSL,No,No,No,Yes,No,No,Two year,No,Electronic check,53.09,180.04,No
5712-TEZFG,Female,0,Yes,Yes,34,Yes,No,Fiber optic,Yes,Yes,No,No,No,No,Month-to-month,No,Bank transfer (automatic),89.3,3054.0,No
9348-KRMOP,Female,0,Yes,Yes,46,Yes,Yes,No,No internet service,No internet service,No internet service,No internet service,No internet service,No internet service,One year,No,Credit card (automatic),23.44,1101.99,No
8811-FUBFV,Male,0,Yes,Yes,14,Yes,No,Fiber optic,No,Yes,No,No,No,No,Two year,Yes,Mailed check,84.84,1199.7,No
5778-KACTE,Male,0,No,No,69,Yes,Yes,Fiber optic,No,Yes,No,No,Yes,No,Month-to-month,Yes,Bank transfer (automatic),94.02,6512.46,No
4944-JQNNT,Male,0,No,No,11,Yes,Yes,Fiber optic,Yes,Yes,Yes,No,No,No,Two year,No,Bank transfer (automatic),92.67,996.89,Yes
8656-PYTIX,Female,0,No,No,67,Yes,Yes,DSL,No,Yes,Yes,Yes,Yes,Yes,Month-to-month,Yes,Credit card (automatic),75.45,5037.94,No
1378-KPHFV,Male,1,No,No,66,Yes,No,DSL,No,No,No,Yes,Yes,Yes,One year,Yes,Electronic check,72.87,4852.31,No
9760-QSSID,Female,0,No,No,5,Yes,No,DSL,No,No,Yes,No,No,No,Two year,Yes,Bank transfer (automatic),53.23,244.51,No
4655-LQLKJ,Male,0,No,Yes,5,Yes,No,DSL,No,Yes,No,No,No,No,Two year,No,Bank transfer (automatic),58.36,286.26,No
2764-TMQOU,Female,0,Yes,Yes,72,Yes,Yes,DSL,No,No,No,No,No,No,Month-to-month,Yes,Bank transfer (automatic),52.29,3791.39,No
3940-BDUIE,Female,0,No,No,67,Yes,No,No,No internet service,No internet service,No internet service,No internet service,No internet service,No internet service,Month-to-month,No,Bank transfer (automatic),27.17,1851.26,No
2600-NXQEW,Male,0,No,No,8,Yes,No,Fiber optic,No,No,No,Yes,No,No,Month-to-month,No,Bank transfer (automatic),87.96,740.95,No
7434-HOVPP,Female,0,Yes,No,69,Yes,No,Fiber optic,Yes,No,No,Yes,No,Yes,One year,No,Credit card (automatic),105.09,7269.38,No
1242-LUNZD,Male,0,No,Yes,39,Yes,Yes,Fiber optic,No,No,Yes,No,Yes,No,Month-to-month,Yes,Bank transfer (automatic),87.67,3409.59,Yes
1995-XRQWF,Male,0,Yes,Yes,70,Yes,No,DSL,Yes,No,Yes,No,Yes,Yes,Month-to-month,Yes,Mailed check,70.02,4948.94,No
2028-JPOIU,Female,0,Yes,Yes,67,Yes,No,No,No internet service,No internet service,No internet service,No internet service,No internet service,No internet service,Month-to-month,No,Mailed check,23.75,1603.35,No
5828-CGQKY,Female,1,Yes,Yes,18,Yes,Yes,DSL,No,Yes,No,No,No,Yes,Month-to-month,Yes,Mailed check,60.57,1103.75,Yes
5949-GANJY,Male,0,No,No,15,Yes,No,No,No internet service,No internet service,No internet service,No internet service,No internet service,No internet service,One year,Yes,Credit card (automatic),28.88,399.44,No
7888-FRKOM,Female,0,Yes,No,5,Yes,No,DSL,Yes,No,Yes,Yes,No,No,Month-to-month,No,Bank transfer (automatic),59.69,308.23,No
3749-LSLHK,Female,0,Yes,Yes,33,Yes,Yes,DSL,No,Yes,No,No,No,No,One year,Yes,Electronic check,51.31,1692.84,No
2260-WMLJR,Male,0,Yes,Yes,72,Yes,No,Fiber optic,No,No,No,No,No,Yes,One year,Yes,Credit card (automatic),87.02,6246.17,No
6341-QDHKB,Female,0,Yes,No,38,Yes,Yes,DSL,No,Yes,Yes,Yes,No,No,Month-to-month,Yes,Mailed check,73.33,2812.88,No
5428-ICLYL,Female,0,Yes,Yes,53,Yes,Yes,Fiber optic,No,No,Yes,No,No,No,Two year,Yes,Mailed check,87.63,4635.28,No
8932-ZWDQZ,Male,0,Yes,No,14,Yes,No,Fiber optic,Yes,No,No,No,Yes,Yes,Two year,No,Electronic check,99.85,1395.04,No
7989-YBVYB,Male,1,Yes,Yes,72,No,No phone service,DSL,No,No,No,No,No,Yes,Two year,No,Bank transfer (automatic),50.41,3633.11,No
9594-XOHRM,Female,1,No,No,72,Yes,Yes,Fiber optic,No,No,Yes,No,No,Yes,Two year,Yes,Mailed check,94.6,6792.48,No
4071-YLVYB,Male,0,No,No,36,Yes,Yes,Fiber optic,No,Yes,No,No,Yes,Yes,Month-to-month,No,Mailed check,98.9,3551.14,No
6252-IVLMN,Female,0,Yes,Yes,20,Yes,No,No,No internet service,No internet service,No internet service,No internet service,No internet service,No internet service,Month-to-month,Yes,Credit card (automatic),29.51,621.42,No
4491-EZRMM,Male,0,Yes,No,52,Yes,No,No,No internet service,No internet service,No internet service,No internet service,No internet service,No internet service,Two year,No,Electronic check,29.88,1544.78,No
5785-FCGNC,Female,0,Yes,Yes,4,Yes,No,DSL,Yes,No,No,Yes,No,Yes,One year,Yes,Bank transfer (automatic),65.84,229.8,Yes
7798-KZAWO,Female,0,Yes,Yes,27,Yes,Yes,DSL,No,No,No,Yes,No,Yes,One year,Yes,Mailed check,59.31,1609.74,No
7476-OYJEN,Male,0,No,Yes,69,Yes,Yes,DSL,Yes,No,No,Yes,Yes,No,Month-to-month,Yes,Mailed check,70.01,4833.86,No
2379-JTEXZ,Female,0,No,No,2,Yes,No,Fiber optic,No,No,Yes,No,Yes,No,Month-to-month,Yes,Bank transfer (automatic),96.67,181.62,Yes
4150-COMOS,Male,0,Yes,No,3,Yes,Yes,Fiber optic,No,No,No,Yes,Yes,No,Month-to-month,Yes,Mailed check,96.85,268.48,Yes
4668-DVTIU,Male,0,Yes,Yes,10,No,No phone service,Fiber optic,No,Yes,Yes,No,No,Yes,One year,Yes,Electronic check,93.09,902.92,No
6893-WCVAZ,Male,0,Yes,Yes,15,No,No phone service,Fiber optic,No,No,No,No,Yes,No,Two year,No,Credit card (automatic),86.09,1303.73,No
7410-WIRLR,Male,0,Yes,Yes,6,Yes,Yes,No,No internet service,No internet service,No internet service,No internet service,No internet service,No internet service,One year,Yes,Bank transfer (automatic),21.68,82.0,No
5125-MGDHM,Female,0,Yes,Yes,8,Yes,Yes,No,No internet service,No internet service,No internet service,No internet service,No internet service,No internet service,Month-to-month,Yes,Bank transfer (automatic),21.99,216.97,No
6934-DZMEV,Male,0,No,No,1,Yes,No,Fiber optic,No,No,No,Yes,Yes,Yes,Month-to-month,No,Mailed check,97.3,101.27,Yes
6114-TRTKU,Female,0,Yes,No,15,Yes,Yes,Fiber optic,Yes,Yes,No,Yes,Yes,No,One year,No,Electronic check,100.81,1521.8,Yes
4174-YZEEK,Female,0,Yes,Yes,6,No,No phone service,DSL,Yes,No,No,Yes,No,No,Month-to-month,Yes,Electronic check,52.62,338.82,No
3836-VPWCZ,Female,0,No,Yes,4,Yes,Yes,DSL,No,Yes,Yes,No,No,No,Month-to-month,Yes,Credit card (automatic),53.68,196.66,Yes
6357-BLEOG,Female,0,Yes,Yes,61,Yes,Yes,DSL,Yes,No,Yes,No,No,No,One year,Yes,Credit card (automatic),60.03,3671.37,No
5357-XTESR,Female,0,Yes,Yes,17,Yes,No,DSL,No,No,Yes,No,No,No,Month-to-month,No,Bank transfer (automatic),56.02,958.06,Yes
7329-GORHE,Female,0,No,No,14,No,No phone service,Fiber optic,No,No,No,No,No,No,Month-to-month,Yes,Mailed check,73.7,1052.71,Yes
9894-NASHL,Male,0,Yes,Yes,56,Yes,No,DSL,Yes,No,No,No,Yes,No,Month-to-month,No,Credit card (automatic),63.7,3573.45,No
5697-QQSFG,Female,0,Yes,Yes,5,Yes,Yes,Fiber optic,Yes,Yes,No,Yes,No,No,Month-to-month,No,Mailed check,101.23,472.92,Yes
4459-NCHYV,Female,1,Yes,Yes,33,Yes,Yes,DSL,No,No,No,Yes,Yes,No,Two year,Yes,Electronic check,69.51,2307.59,No
2245-GAMUH,Male,1,Yes,No,72,No,No phone service,DSL,No,No,No,Yes,Yes,Yes,Month-to-month,Yes,Electronic check,63.6,4588.34,No
2833-OUWHF,Male,0,Yes,Yes,1,Yes,No,Fiber optic,Yes,No,No,No,No,Yes,One year,No,Bank transfer (automatic),90.86,90.94,No
1088-ZJZCP,Male,0,No,No,72,Yes,Yes,Fiber optic,Yes,No,No,No,No,No,Month-to-month,No,Electronic check,89.05,6419.0,No
5296-YKOHQ,Female,0,No,No,14,Yes,No,Fiber optic,No,Yes,No,No,No,Yes,Month-to-month,Yes,Electronic check,95.82,1302.56,Yes
1842-GSGGD,Male,0,Yes,Yes,63,Yes,Yes,Fiber optic,No,No,Yes,No,Yes,Yes,Two year,Yes,Bank transfer (automatic),98.66,6237.43,No
3044-NKJUM,Female,0,Yes,Yes,9,Yes,No,DSL,No,No,Yes,No,No,Yes,Two year,No,Mailed check,63.98,625.82,No
4016-OBPQA,Male,0,Yes,No,12,Yes,No,Fiber optic,No,No,No,No,Yes,Yes,Month-to-month,Yes,Mailed check,94.54,1110.16,No
9320-CFCXJ,Male,0,Yes,No,32,Yes,No,No,No internet service,No internet service,No internet service,No internet service,No internet service,No internet service,Month-to-month,No,Bank transfer (automatic),23.57,764.87,No
9133-JXVIH,Female,0,No,Yes,28,Yes,No,DSL,No,Yes,Yes,Yes,No,No,One year,No,Bank transfer (automatic),62.29,1719.52,No
7394-XREZK,Female,0,No,No,13,Yes,No,Fiber optic,No,No,No,Yes,No,No,Two year,No,Credit card (automatic),81.51,1051.47,Yes
7700-LQVSR,Male,1,No,Yes,1,Yes,Yes,Fiber optic,Yes,No,Yes,No,No,No,One year,No,Bank transfer (automatic),95.8,73.9,No
3338-IUVNK,Female,0,No,No,29,Yes,Yes,Fiber optic,No,No,No,Yes,Yes,Yes,One year,Yes,Mailed check,98.47,2805.63,No
1116-DDSXF,Male,0,No,No,22,Yes,Yes,No,No internet service,No internet service,No internet service,No internet service,No internet service,No internet service,Month-to-month,No,Mailed check,18.29,403.4,No
6010-CDMEX,Female,0,No,No,2,No,No phone service,No,No internet service,No internet service,No internet service,No internet service,No internet service,No internet service,Month-to-month,No,Electronic check,21.08,39.92,No
4277-TEIXM,Female,1,Yes,Yes,13,Yes,No,DSL,No,No,Yes,Yes,Yes,No,Month-to-month,No,Mailed check,63.8,847.81,No
3250-UTVVH,Female,0,Yes,Yes,15,Yes,No,Fiber optic,Yes,No,No,Yes,No,Yes,Two year,No,Electronic check,105.86,1587.65,No
3824-FKACC,Male,0,No,No,26,Yes,Yes,DSL,No,No,No,Yes,Yes,No,Month-to-month,Yes,Credit card (automatic),59.91,1573.42,Yes
2945-RROYM,Male,1,Yes,No,11,Yes,Yes,Fiber optic,No,Yes,No,No,No,No,Two year,Yes,Electronic check,84.94,901.4,No
4192-WBPLO,Female,0,No,No,62,Yes,Yes,Fiber optic,Yes,No,No,No,Yes,No,One year,No,Mailed check,92.4,5716.63,No
5733-WSVED,Female,0,No,No,7,Yes,Yes,DSL,No,Yes,No,No,No,No,Month-to-month,No,Electronic check,48.02,331.37,No
3891-DCDUL,Female,0,Yes,Yes,60,Yes,No,DSL,No,No,No,No,Yes,Yes,Month-to-month,Yes,Electronic check,67.8,4084.76,No
7142-AYOUE,Male,0,Yes,No,18,Yes,Yes,No,No internet service,No internet service,No internet service,No internet service,No internet service,No internet service,One year,Yes,Electronic check,29.38,524.76,No
8703-JURTE,Female,0,No,Yes,23,Yes,Yes,DSL,Yes,No,Yes,No,Yes,No,One year,No,Electronic check,65.61,1506.54,No
2667-VMAEU,Female,0,Yes,Yes,63,Yes,Yes,Fiber optic,Yes,Yes,No,No,Yes,No,Month-to-month,No,Electronic check,96.71,6088.73,Yes
1062-HTXBB,Male,1,No,No,36,Yes,No,No,No internet service,No internet service,No internet service,No internet service,No internet service,No internet service,One year,Yes,Bank transfer (automatic),22.9,790.13,No
7843-AKVGD,Male,0,Yes,Yes,9,Yes,No,Fiber optic,No,No,No,No,Yes,No,Month-to-month,Yes,Electronic check,97.49,914.36,Yes
4308-PVTRZ,Female,0,Yes,Yes,24,Yes,No,Fiber optic,No,No,Yes,No,Yes,No,Month-to-month,No,Credit card (automatic),92.86,2226.52,Yes
9965-VPFXQ,Female,0,No,No,68,Yes,No,DSL,No,No,No,No,No,Yes,Two year,No,Electronic check,60.81,4121.32,No
8605-SSWER,Female,0,Yes,Yes,8,Yes,No,No,No internet service,No internet service,No internet service,No internet service,No internet service,No internet service,Month-to-month,No,Mailed check,27.07,215.86,No
8380-FKWNZ,Female,0,No,No,28,Yes,No,Fiber optic,No,No,No,No,Yes,Yes,Month-to-month,Yes,Mailed check,96.2,2688.36,Yes
2214-GOURA,Female,0,No,No,65,Yes,No,Fiber optic,Yes,Yes,No,No,No,Yes,Month-to-month,Yes,Credit card (automatic),93.79,6074.18,No
9765-FYKZK,Female,0,No,No,33,Yes,Yes,Fiber optic,No,No,No,No,Yes,No,Month-to-month,Yes,Electronic check,90.06,2976.04,Yes
8121-DWRLV,Female,1,No,No,6,Yes,Yes,Fiber optic,No,No,No,No,Yes,No,Two year,No,Bank transfer (automatic),92.25,546.27,No
9372-SRPMH,Female,0,Yes,Yes,70,Yes,No,Fiber optic,No,No,No,Yes,No,No,Month-to-month,Yes,Electronic check,85.25,5975.92,No
7372-NJOQJ,Female,1,No,No,65,Yes,No,DSL,Yes,No,No,Yes,Yes,No,Month-to-month,Yes,Credit card (automatic),72.5,4672.11,No
9482-DJVIU,Male,0,No,No,38,Yes,Yes,DSL,Yes,No,Yes,No,No,Yes,One year,Yes,Mailed check,65.53,2487.92,No
4326-JTNRW,Female,0,Yes,Yes,6,Yes,No,No,No internet service,No internet service,No internet service,No internet service,No internet service,No internet service,One year,Yes,Credit card (automatic),25.32,164.22,No
6532-FNHZV,Male,0,No,No,11,Yes,No,DSL,Yes,Yes,No,Yes,Yes,Yes,Two year,Yes,Bank transfer (automatic),85.36,936.19,No
9018-CPDFG,Male,0,Yes,Yes,11,Yes,Yes,Fiber optic,No,Yes,No,No,Yes,Yes,Month-to-month,Yes,Credit card (automatic),91.11,1008.24,Yes
4218-WXPCT,Male,0,Yes,No,34,Yes,Yes,Fiber optic,Yes,No,No,No,Yes,No,Two year,Yes,Mailed check,95.15,3216.39,No
5565-SQHLD,Female,0,Yes,Yes,20,Yes,No,Fiber optic,No,Yes,No,No,Yes,No,Month-to-month,No,Mailed check,84.88,1702.46,Yes
8918-FUETF,Male,0,Yes,No,60,Yes,Yes,Fiber optic,No,No,No,No,Yes,No,Month-to-month,No,Credit card (automatic),91.24,5471.18,No
2647-KLEGC,Female,0,No,Yes,1,Yes,No,DSL,No,No,No,No,Yes,No,One year,No,Bank transfer (automatic),49.79,59.57,No
5865-XXBEJ,Female,0,No,No,63,Yes,Yes,DSL,No,No,Yes,No,No,Yes,One year,Yes,Mailed check,65.69,4152.14,No
3857-GLAYC,Female,0,Yes,No,3,Yes,No,Fiber optic,No,Yes,Yes,No,No,Yes,One year,Yes,Mailed check,99.53,309.03,No
1133-IZLDM,Female,0,Yes,Yes,4,Yes,No,No,No internet service,No internet service,No internet service,No internet service,No internet service,No internet service,Month-to-month,No,Bank transfer (automatic),23.56,86.84,No
8057-FDBBA,Male,0,Yes,Yes,68,No,No phone service,No,No internet service,No internet service,No internet service,No internet service,No internet service,No internet service,Month-to-month,No,Electronic check,18.25,1199.69,No
8611-NXRUS,Female,0,No,No,71,Yes,Yes,Fiber optic,No,No,Yes,No,No,Yes,Month-to-month,Yes,Credit card (automatic),90.52,6413.37,No
7983-JBBKB,Male,0,Yes,No,5,Yes,Yes,Fiber optic,No,Yes,No,Yes,No,No,Month-to-month,Yes,Credit card (automatic),94.74,483.11,Yes
9123-SZETO,Female,1,Yes,Yes,4,Yes,Yes,Fiber optic,No,Yes,Yes,No,Yes,No,Month-to-month,No,Bank transfer (automatic),96.68,352.34,No
3540-FOLAX,Male,0,Yes,No,29,Yes,Yes,DSL,Yes,No,Yes,No,No,Yes,One year,No,Bank transfer (automatic),69.55,2003.39,No
1766-QDDTM,Male,0,Yes,No,72,Yes,No,Fiber optic,No,Yes,Yes,No,Yes,No,Month-to-month,No,Credit card (automatic),100.61,7209.97,No
5737-XIXUR,Male,0,Yes,Yes,31,Yes,Yes,DSL,No,No,No,No,No,Yes,Two year,No,Electronic check,57.18,1778.2,No
7088-BASRM,Female,0,No,No,4,Yes,Yes,No,No internet service,No internet service,No internet service,No internet service,No internet service,No internet service,Month-to-month,Yes,Credit card (automatic),22.59,113.48,No
3878-JSHHH,Male,0,Yes,No,1,Yes,No,Fiber optic,No,No,Yes,Yes,Yes,No,Month-to-month,Yes,Mailed check,100.46,81.26,Yes
3109-MFGTW,Female,0,No,No,28,Yes,Yes,Fiber optic,Yes,No,Yes,No,Yes,No,One year,Yes,Electronic check,99.34,2778.6,No
6931-UPQDY,Male,1,Yes,Yes,3,Yes,No,DSL,Yes,No,No,Yes,No,Yes,Month-to-month,Yes,Credit card (automatic),69.74,236.29,Yes
5855-KNFSM,Male,0,Yes,Yes,4,Yes,Yes,DSL,Yes,Yes,Yes,Yes,Yes,No,Two year,Yes,Electronic check,75.29,351.16,No
9318-DTUPC,Female,0,No,No,18,Yes,Yes,DSL,Yes,No,No,No,Yes,No,Two year,Yes,Bank transfer (automatic),63.13,1148.76,No
1939-MJOIN,Female,0,No,No,57,Yes,No,Fiber optic,No,Yes,No,Yes,No,No,Month-to-month,Yes,Mailed check,89.5,5101.66,Yes
9040-RXKPO,Female,0,No,Yes,7,Yes,No,No,No internet service,No internet service,No internet service,No internet service,No internet service,No internet service,Month-to-month,No,Electronic check,32.67,214.77,No
6164-BBGOW,Male,0,No,No,55,Yes,Yes,Fiber optic,No,Yes,No,No,Yes,Yes,One year,Yes,Electronic check,95.52,5224.21,Yes
5922-SHQIE,Male,1,Yes,Yes,68,Yes,Yes,Fiber optic,No,No,No,No,No,No,One year,No,Mailed check,85.39,5848.26,No
8906-UUJMD,Male,0,No,No,13,Yes,Yes,Fiber optic,No,No,No,No,Yes,No,Month-to-month,No,Bank transfer (automatic),92.2,1189.75,Yes
6633-UTZWS,Female,0,Yes,Yes,72,Yes,Yes,No,No internet service,No internet service,No internet service,No internet service,No internet service,No internet service,Month-to-month,Yes,Credit card (automatic),24.6,1800.99,No
1913-TMHYI,Male,0,No,No,22,Yes,No,Fiber optic,No,No,No,No,No,No,Two year,Yes,Credit card (automatic),81.25,1783.74,No
4591-DRXVE,Male,0,No,Yes,10,Yes,No,Fiber optic,Yes,Yes,No,No,Yes,Yes,Two year,No,Credit card (automatic),100.32,985.02,No
2404-EKIAS,Male,1,No,No,63,Yes,No,No,No internet service,No internet service,No internet service,No internet service,No internet service,No internet service,Month-to-month,Yes,Mailed check,28.44,1790.58,No
1434-QDNZM,Female,0,Yes,Yes,2,Yes,No,Fiber optic,No,No,No,No,No,No,Month-to-month,Yes,Electronic check,77.27,164.12,No
2001-MVZLD,Male,1,Yes,No,30,Yes,Yes,DSL,No,No,No,No,No,No,One year,No,Bank transfer (automatic),55.92,1679.46,No
9594-KYLUC,Male,0,Yes,No,13,Yes,Yes,Fiber optic,No,Yes,Yes,No,Yes,Yes,One year,No,Credit card (automatic),108.29,1427.0,No
2442-QYVTA,Male,0,Yes,Yes,9,Yes,No,DSL,Yes,No,No,No,Yes,Yes,Month-to-month,No,Credit card (automatic),69.78,627.04,Yes
3389-LCPHB,Male,0,No,No,12,Yes,No,DSL,No,No,No,No,Yes,No,Month-to-month,No,Mailed check,52.71,618.71,Yes
4155-ZISCH,Male,0,No,Yes,25,Yes,No,Fiber optic,No,No,No,Yes,Yes,No,Month-to-month,No,Credit card (automatic),89.42,2253.63,Yes
8419-EJHLE,Male,0,Yes,No,5,Yes,No,DSL,No,Yes,No,No,No,Yes,Two year,Yes,Credit card (automatic),60.83,305.36,No
2553-HVSGS,Female,0,No,No,3,Yes,Yes,Fiber optic,No,No,No,No,No,Yes,One year,Yes,Credit card (automatic),92.55,276.15,No
6821-SDQHJ,Male,0,Yes,No,30,No,No phone service,Fiber optic,No,No,Yes,No,Yes,No,Month-to-month,No,Mailed check,90.72,2753.57,No
1173-QQAVL,Male,0,No,No,72,No,No phone service,Fiber optic,No,Yes,No,No,No,No,Month-to-month,No,Electronic check,76.51,5521.19,No
5563-KGWMP,Female,0,Yes,No,71,Yes,No,DSL,No,Yes,No,No,Yes,Yes,Month-to-month,Yes,Mailed check,66.65,4731.69,No
8672-MMURG,Male,0,No,No,3,Yes,No,DSL,Yes,No,Yes,Yes,No,No,Month-to-month,Yes,Bank transfer (automatic),71.26,198.31,No
1112-RXOBC,Female,0,Yes,No,1,Yes,Yes,Fiber optic,No,Yes,No,No,No,No,Month-to-month,Yes,Electronic check,87.11,84.54,Yes
5487-MHUXS,Female,0,No,No,20,Yes,No,Fiber optic,No,No,Yes,No,Yes,Yes,Month-to-month,Yes,Bank transfer (automatic),102.39,2036.75,No
3926-EXCVB,Male,1,No,No,3,Yes,Yes,No,No internet service,No internet service,No internet service,No internet service,No internet service,No internet service,Month-to-month,No,Mailed check,23.37,42.01,Yes
5000-KOMWW,Male,1,No,No,7,Yes,No,DSL,No,No,No,No,Yes,No,One year,No,Bank transfer (automatic),60.94,392.42,No
4332-DKJUF,Female,1,No,No,56,Yes,Yes,Fiber optic,No,No,No,No,Yes,Yes,Two year,Yes,Bank transfer (automatic),98.38,5491.49,No
1421-GBRDT,Male,0,No,No,1,Yes,Yes,Fiber optic,No,No,No,No,Yes,No,Month-to-month,Yes,Mailed check,87.39,130.45,Yes
7320-HFHRA,Female,1,No,No,10,Yes,No,Fiber optic,No,No,Yes,No,Yes,No,Month-to-month,Yes,Electronic check,91.44,913.39,Yes
9854-FOVYQ,Female,0,Yes,Yes,2,Yes,No,DSL,Yes,No,No,No,No,No,Month-to-month,No,Electronic check,49.47,99.5,Yes
2127-IRWUH,Female,0,No,No,37,Yes,Yes,Fiber optic,No,No,No,Yes,Yes,No,Two year,Yes,Mailed check,92.05,3395.17,No
1329-ZJAVQ,Male,0,Yes,Yes,0,Yes,No,Fiber optic,Yes,Yes,No,No,No,No,One year,Yes,Mailed check,97.43,18.94,No
3064-MREXD,Female,1,No,No,11,Yes,Yes,No,No internet service,No internet service,No internet service,No internet service,No internet service,No internet service,One year,Yes,Electronic check,24.11,261.73,No
4540-FFFSE,Female,0,Yes,Yes,19,Yes,No,DSL,Yes,No,No,Yes,No,No,Month-to-month,No,Electronic check,62.79,1199.66,Yes
7777-FBSGS,Female,0,Yes,No,21,Yes,No,DSL,No,Yes,No,No,No,No,Month-to-month,No,Electronic check,52.81,1115.98,Yes
9217-RVHFY,Female,0,Yes,Yes,63,Yes,No,No,No internet service,No internet service,No internet service,No internet service,No internet service,No internet service,Month-to-month,No,Electronic check,25.7,1576.72,No
4075-XDXSN,Female,0,Yes,No,19,Yes,Yes,Fiber optic,No,Yes,No,No,No,No,Two year,No,Mailed check,88.63,1656.76,No
9922-TUTTA,Female,0,Yes,Yes,21,No,No phone service,Fiber optic,No,No,No,No,No,Yes,Month-to-month,No,Mailed check,80.66,1700.69,No
5352-MYAPR,Female,0,No,No,14,No,No phone service,DSL,No,Yes,No,Yes,No,No,Two year,Yes,Electronic check,53.47,740.85,No
9411-RCNFM,Female,0,No,No,56,Yes,Yes,Fiber optic,No,No,No,No,Yes,No,One year,Yes,Credit card (automatic),87.32,4899.1,No
6915-CCWXR,Male,1,No,Yes,64,No,No phone service,DSL,No,Yes,Yes,No,No,No,Month-to-month,Yes,Electronic check,52.4,3348.79,Yes
8386-EYQDA,Female,0,No,No,7,Yes,No,Fiber optic,Yes,No,No,Yes,Yes,Yes,Month-to-month,No,Electronic check,108.96,738.71,Yes
2530-LAKAK,Male,0,Yes,Yes,9,No,No phone service,DSL,Yes,Yes,No,No,No,Yes,Two year,Yes,Electronic check,60.78,550.46,No
8046-UUIPC,Male,1,No,No,5,Yes,Yes,Fiber optic,No,No,Yes,Yes,No,No,One year,No,Bank transfer (automatic),89.79,434.13,Yes
8687-FEBCU,Female,0,No,Yes,61,Yes,No,DSL,No,Yes,Yes,No,No,Yes,Two year,Yes,Electronic check,68.02,4136.51,No
3588-NOLHM,Male,0,No,No,52,Yes,No,No,No internet service,No internet service,No internet service,No internet service,No internet service,No internet service,One year,No,Mailed check,31.47,1625.68,No
9554-MOTPY,Male,0,Yes,Yes,27,Yes,No,DSL,No,No,No,No,No,No,Two year,Yes,Bank transfer (automatic),55.31,1487.82,No
4088-BEHYL,Male,0,Yes,Yes,20,Yes,Yes,Fiber optic,Yes,No,Yes,No,No,No,Month-to-month,Yes,Electronic check,92.86,1897.61,No
8841-KLWXY,Male,0,Yes,No,61,Yes,No,DSL,Yes,No,No,No,Yes,No,Two year,Yes,Credit card (automatic),63.89,3922.48,No
5208-NQBAH,Male,0,No,No,22,Yes,No,DSL,No,No,No,No,No,No,Two year,Yes,Bank transfer (automatic),47.96,1055.9,No
4426-LSAKJ,Male,1,No,No,4,Yes,No,Fiber optic,No,No,No,No,No,Yes,One year,Yes,Mailed check,90.35,357.53,No
1657-AYTQX,Female,0,Yes,No,65,Yes,No,DSL,Yes,No,Yes,No,Yes,Yes,Two year,Yes,Mailed check,75.04,4867.6,No
3667-WTNTK,Male,1,No,No,18,Yes,Yes,Fiber optic,No,No,No,No,Yes,No,Two year,No,Credit card (automatic),85.92,1537.71,No
5630-QVAUE,Female,0,No,No,43,Yes,No,DSL,No,No,No,No,Yes,No,Month-to-month,Yes,Bank transfer (automatic),56.38,2439.52,No
2097-UJGFY,Male,0,Yes,No,62,Yes,No,DSL,Yes,No,No,No,No,No,Two year,No,Credit card (automatic),52.83,3273.33,No
9655-XTFTS,Female,0,Yes,Yes,27,Yes,Yes,Fiber optic,Yes,No,Yes,No,No,Yes,Month-to-month,No,Electronic check,96.58,2593.12,Yes
7888-YNRWD,Male,0,No,Yes,55,Yes,Yes,Fiber optic,No,Yes,Yes,No,No,Yes,Two year,Yes,Credit card (automatic),95.33,5215.62,No
7900-KNQZU,Male,0,No,No,1,Yes,Yes,Fiber optic,No,No,No,No,Yes,No,Two year,No,Mailed check,88.2,90.34,Yes
4008-MEXZI,Female,0,No,No,44,Yes,No,No,No internet service,No internet service,No internet service,No internet service,No internet service,No internet service,Two year,Yes,Electronic check,28.13,1237.32,No
8370-RLWKE,Male,0,No,No,36,Yes,No,Fiber optic,Yes,Yes,No,No,No,Yes,Month-to-month,Yes,Electronic check,101.53,3654.26,No
1082-ITGRZ,Male,1,No,No,55,Yes,No,Fiber optic,Yes,No,No,No,No,No,Two year,Yes,Bank transfer (automatic),86.42,4739.58,No
8307-WGCPK,Female,0,No,No,1,Yes,No,Fiber optic,Yes,No,No,Yes,Yes,Yes,Two year,No,Mailed check,104.43,123.31,No
1924-AUENO,Female,0,Yes,No,65,Yes,No,Fiber optic,No,No,No,Yes,Yes,Yes,One year,No,Credit card (automatic),104.39,6750.59,No
9383-HLQVY,Male,1,No,Yes,14,Yes,No,DSL,No,No,No,No,No,Yes,Two year,Yes,Electronic check,56.89,782.39,No
8728-OWWGG,Female,0,No,No,35,No,No phone service,DSL,No,Yes,No,No,No,No,Month-to-month,Yes,Bank transfer (automatic),45.9,1635.6,No
1310-MEQIF,Female,0,No,No,30,Yes,Yes,Fiber optic,No,No,Yes,Yes,No,Yes,Month-to-month,No,Mailed check,95.44,2851.23,Yes
6958-SSGUW,Female,1,No,No,63,Yes,Yes,Fiber optic,No,Yes,No,Yes,No,No,Month-to-month,No,Electronic check,93.26,5859.75,No
4293-BYRZF,Male,0,No,No,57,Yes,Yes,Fiber optic,No,Yes,Yes,No,No,No,Month-to-month,Yes,Electronic check,87.27,4974.04,No
5784-JNDOS,Male,1,No,No,46,Yes,Yes,Fiber optic,No,Yes,No,No,Yes,No,Month-to-month,Yes,Electronic check,85.51,3913.24,Yes
9247-LMHGE,Female,1,Yes,No,7,Yes,No,No,No internet service,No internet service,No internet service,No internet service,No internet service,No internet service,Month-to-month,Yes,Mailed check,18.25,129.69,Yes
3170-XZYPO,Male,0,No,Yes,40,Yes,No,No,No internet service,No internet service,No internet service,No internet service,No internet service,No internet service,Month-to-month,No,Credit card (automatic),26.86,1033.44,No
7649-YERBJ,Female,1,No,No,68,Yes,No,Fiber optic,No,No,No,No,Yes,No,Month-to-month,Yes,Mailed check,82.86,5618.7,No
8132-UAOES,Female,1,Yes,No,9,Yes,No,Fiber optic,No,No,Yes,Yes,Yes,Yes,Month-to-month,No,Bank transfer (automatic),103.77,925.74,No
4120-GOYTR,Female,0,No,No,5,Yes,No,DSL,Yes,Yes,Yes,No,Yes,No,Month-to-month,Yes,Mailed check,68.99,383.86,No
1415-DATJK,Male,0,Yes,Yes,13,Yes,Yes,Fiber optic,No,No,Yes,Yes,No,No,Month-to-month,Yes,Bank transfer (automatic),88.79,1104.27,Yes
7281-BQVTE,Male,0,No,No,12,Yes,Yes,DSL,Yes,Yes,No,Yes,No,Yes,Month-to-month,No,Mailed check,76.46,911.49,No
3278-JOTVZ,Female,1,No,No,65,Yes,No,No,No internet service,No internet service,No internet service,No internet service,No internet service,No internet service,Month-to-month,Yes,Bank transfer (automatic),24.73,1610.67,No
7277-VUQHH,Male,0,No,No,61,Yes,No,Fiber optic,Yes,No,Yes,No,No,No,Month-to-month,No,Credit card (automatic),90.59,5541.94,No
8015-PPFJF,Female,0,Yes,No,66,Yes,Yes,Fiber optic,No,Yes,Yes,Yes,No,No,Month-to-month,No,Credit card (automatic),86.34,5658.19,Yes
9081-YWMJW,Male,0,Yes,Yes,11,Yes,No,Fiber optic,No,Yes,Yes,No,No,Yes,Month-to-month,No,Mailed check,94.15,1030.97,Yes
6173-VZBMP,Male,0,Yes,Yes,16,Yes,No,Fiber optic,No,Yes,Yes,No,No,No,Two year,Yes,Credit card (automatic),85.27,1339.03,No
6407-EGZOZ,Male,0,No,No,26,Yes,No,Fiber optic,No,Yes,No,No,No,No,One year,No,Credit card (automatic),88.43,2276.0,No
1762-IONEX,Female,0,No,No,21,Yes,No,Fiber optic,No,Yes,No,No,Yes,No,Month-to-month,No,Mailed check,93.37,1978.02,No
2632-DUURL,Female,1,No,No,71,Yes,Yes,Fiber optic,Yes,Yes,Yes,Yes,No,No,Two year,Yes,Electronic check,100.13,7128.61,No
5118-PJCEL,Male,0,Yes,Yes,53,Yes,Yes,Fiber optic,No,Yes,Yes,Yes,No,Yes,One year,No,Mailed check,96.74,5128.65,No
1504-ZOGPT,Female,0,No,No,67,Yes,No,DSL,No,No,No,Yes,No,Yes,Two year,Yes,Bank transfer (automatic),63.06,4218.5,No
2241-OIUJV,Male,0,No,No,7,Yes,No,Fiber optic,No,No,No,No,Yes,Yes,Two year,No,Electronic check,98.15,705.27,Yes
5589-OQAJB,Male,0,Yes,Yes,59,Yes,Yes,No,No internet service,No internet service,No internet service,No internet service,No internet service,No internet service,Two year,Yes,Bank transfer (automatic),28.85,1703.07,No
1350-SEZED,Female,1,Yes,No,61,No,No phone service,DSL,Yes,No,No,Yes,Yes,No,Two year,Yes,Mailed check,61.22,3730.81,No
2732-DCZOV,Male,0,No,No,4,Yes,Yes,Fiber optic,No,Yes,Yes,No,Yes,Yes,Month-to-month,Yes,Electronic check,104.55,416.12,Yes
3592-DOBUV,Male,0,No,No,16,Yes,No,DSL,No,Yes,No,No,No,Yes,One year,Yes,Mailed check,62.55,1034.02,No
7593-VIAXX,Female,0,No,No,26,Yes,No,Fiber optic,No,Yes,No,No,Yes,No,Month-to-month,Yes,Credit card (automatic),95.68,2472.65,Yes
8128-HOQCN,Female,1,No,No,8,Yes,No,Fiber optic,Yes,No,Yes,Yes,No,No,Month-to-month,Yes,Bank transfer (automatic),86.73,667.68,No
7111-HZDSF,Female,0,No,No,12,No,No phone service,Fiber optic,No,No,Yes,Yes,No,Yes,One year,No,Mailed check,97.62,1179.41,No
3048-BOHGM,Female,0,No,No,72,Yes,Yes,Fiber optic,No,Yes,Yes,No,No,Yes,Month-to-month,Yes,Mailed check,97.8,7075.12,No
8884-WYWTC,Female,0,No,No,62,Yes,No,Fiber optic,Yes,No,No,No,No,Yes,One year,Yes,Credit card (automatic),84.07,5184.07,No
5394-KOOZC,Male,0,Yes,Yes,44,Yes,Yes,Fiber optic,Yes,No,No,Yes,Yes,Yes,Month-to-month,No,Mailed check,113.26,4940.31,Yes
6211-BLSFK,Male,0,No,No,20,Yes,No,DSL,No,No,No,No,Yes,Yes,One year,Yes,Electronic check,59.7,1211.87,Yes
9840-MPQEB,Female,0,No,No,2,Yes,Yes,DSL,No,No,Yes,Yes,Yes,Yes,Month-to-month,Yes,Bank transfer (automatic),72.0,131.44,Yes
3956-SFBLU,Female,0,No,No,35,Yes,Yes,Fiber optic,Yes,Yes,Yes,Yes,Yes,Yes,Two year,No,Credit card (automatic),115.14,4013.29,No
5911-FCDYE,Male,0,No,Yes,0,Yes,Yes,DSL,No,Yes,No,No,No,Yes,Month-to-month,No,Mailed check,62.69,0.0,Yes
1242-DJNDU,Male,0,No,Yes,9,Yes,No,No,No internet service,No internet service,No internet service,No internet service,No internet service,No internet service,One year,Yes,Credit card (automatic),30.88,259.56,No
3623-MKNEW,Male,0,Yes,No,69,Yes,No,No,No internet service,No internet service,No internet service,No internet service,No internet service,No internet service,Two year,Yes,Bank transfer (automatic),25.94,1797.21,No
2802-LESBO,Female,0,Yes,Yes,13,Yes,Yes,DSL,No,No,No,No,Yes,No,Month-to-month,Yes,Bank transfer (automatic),61.06,776.17,Yes
8525-VIHEE,Female,0,Yes,Yes,9,Yes,No,Fiber optic,No,No,No,No,No,Yes,Month-to-month,No,Mailed check,83.67,762.19,Yes
3954-FMXYE,Female,0,No,No,2,Yes,Yes,DSL,No,No,No,No,No,No,Month-to-month,No,Bank transfer (automatic),51.46,114.2,Yes
1174-MEHKB,Female,1,Yes,Yes,71,Yes,Yes,No,No internet service,No internet service,No internet service,No internet service,No internet service,No internet service,One year,No,Electronic check,30.01,2120.04,No
7917-KTIYN,Female,0,No,Yes,54,No,No phone service,DSL,No,No,No,No,No,No,One year,Yes,Electronic check,42.93,2307.37,No
8439-VEMTH,Male,0,No,No,12,Yes,No,Fiber optic,No,Yes,No,No,Yes,No,Two year,Yes,Electronic check,94.56,1154.28,No
2997-XAZBI,Male,0,Yes,No,55,Yes,Yes,No,No internet service,No internet service,No internet service,No internet service,No internet service,No internet service,Two year,Yes,Bank transfer (automatic),22.16,1234.6,No
5349-LNCYV,Female,0,No,No,50,No,No phone service,Fiber optic,No,No,No,Yes,No,No,Month-to-month,Yes,Bank transfer (automatic),73.0,3659.69,No
1720-OXLEH,Male,0,Yes,No,46,Yes,No,DSL,No,No,No,Yes,Yes,Yes,One year,No,Credit card (automatic),72.44,3334.89,No
3482-SUIVU,Male,0,Yes,Yes,68,Yes,Yes,No,No internet service,No internet service,No internet service,No internet service,No internet service,No internet service,Two year,Yes,Bank transfer (automatic),21.8,1516.34,No
1523-MGXLG,Female,0,Yes,Yes,25,No,No phone service,Fiber optic,No,No,Yes,Yes,No,Yes,Month-to-month,No,Electronic check,90.94,2296.13,Yes
6703-WASTX,Female,0,Yes,No,50,Yes,Yes,Fiber optic,No,Yes,No,No,No,Yes,Month-to-month,Yes,Electronic check,93.21,4680.13,Yes
6655-KFSZB,Female,0,Yes,No,24,Yes,No,No,No internet service,No internet service,No internet service,No internet service,No internet service,No internet service,Month-to-month,No,Bank transfer (automatic),25.01,568.23,Yes
1350-WKMKV,Male,0,No,No,63,Yes,No,No,No internet service,No internet service,No internet service,No internet service,No internet service,No internet service,Month-to-month,No,Electronic check,22.23,1384.84,No
7364-MTTQL,Male,0,No,No,48,Yes,No,DSL,No,Yes,No,Yes,No,Yes,One year,No,Mailed check,65.49,3137.43,No
8671-GDNVK,Male,0,Yes,Yes,63,Yes,No,DSL,Yes,Yes,Yes,Yes,Yes,No,Two year,Yes,Credit card (automatic),80.45,5063.29,No
3658-SPCTM,Male,1,Yes,Yes,23,Yes,Yes,No,No internet service,No internet service,No internet service,No internet service,No internet service,No internet service,Month-to-month,No,Electronic check,28.65,649.95,No
6886-LDCMW,Male,0,Yes,No,3,Yes,Yes,Fiber optic,No,Yes,No,No,No,Yes,Month-to-month,No,Bank transfer (automatic),98.41,310.65,Yes
3365-CHJUA,Male,0,Yes,Yes,40,Yes,Yes,No,No internet service,No internet service,No internet service,No internet service,No internet service,No internet service,Month-to-month,Yes,Credit card (automatic),33.62,1340.64,No
6858-ZIAPC,Male,0,No,No,60,Yes,No,Fiber optic,Yes,No,No,No,No,No,One year,Yes,Bank transfer (automatic),84.86,5083.35,No
5116-FJQFX,Female,0,Yes,No,2,Yes,Yes,Fiber optic,No,Yes,No,Yes,No,No,Two year,Yes,Electronic check,83.75,162.9,No
5307-FJCUZ,Female,0,Yes,No,4,Yes,No,DSL,Yes,No,No,No,No,No,Month-to-month,No,Electronic check,54.19,200.11,No
8655-UFRRP,Female,0,No,No,5,Yes,No,DSL,No,No,No,Yes,No,Yes,Month-to-month,Yes,Electronic check,64.21,297.28,Yes
4247-NFWTI,Female,0,No,No,1,Yes,Yes,Fiber optic,Yes,Yes,No,Yes,No,Yes,Month-to-month,No,Mailed check,105.19,97.65,Yes
6081-GPPAL,Female,0,No,Yes,0,Yes,Yes,No,No internet service,No internet service,No internet service,No internet service,No internet service,No internet service,Month-to-month,Yes,Mailed check,23.24,0.0,Yes
4910-BEZOX,Male,0,No,No,1,Yes,Yes,Fiber optic,No,No,No,No,No,No,Month-to-month,Yes,Bank transfer (automatic),79.42,47.99,Yes
3618-CJDYH,Male,0,Yes,Yes,64,Yes,No,No,No internet service,No internet service,No internet service,No internet service,No internet service,No internet service,Month-to-month,Yes,Electronic check,24.55,1562.16,No
7092-HHIHK,Male,1,No,No,43,Yes,Yes,Fiber optic,Yes,No,Yes,No,No,No,Month-to-month,Yes,Credit card (automatic),85.55,3648.78,No
9333-YRLTM,Female,0,Yes,No,62,Yes,No,No,No internet service,No internet service,No internet service,No internet service,No internet service,No internet service,Month-to-month,Yes,Bank transfer (automatic),25.32,1539.23,No
6903-BUFNB,Male,0,Yes,No,43,Yes,No,Fiber optic,No,No,No,Yes,No,No,Month-to-month,Yes,Bank transfer (automatic),84.98,3685.95,Yes
8248-NHFXL,Male,0,No,No,62,Yes,No,No,No internet service,No internet service,No internet service,No internet service,No internet service,No internet service,One year,No,Mailed check,24.25,1508.65,No
2777-ADKWF,Female,0,Yes,Yes,60,Yes,Yes,DSL,Yes,No,No,No,Yes,Yes,One year,Yes,Mailed check,76.21,4593.82,No
4513-VEGBB,Female,0,No,No,29,Yes,No,DSL,Yes,Yes,Yes,No,Yes,No,Two year,No,Bank transfer (automatic),75.04,2167.51,No
6924-UFIRN,Male,0,Yes,Yes,66,Yes,No,DSL,Yes,No,No,No,No,No,One year,Yes,Credit card (automatic),55.64,3643.55,No
1627-ELGRT,Female,0,No,No,5,Yes,No,Fiber optic,Yes,Yes,No,No,Yes,No,Month-to-month,No,Mailed check,100.29,480.26,Yes
5808-ZIZOH,Female,0,Yes,No,33,Yes,Yes,DSL,No,No,No,No,No,Yes,Month-to-month,No,Bank transfer (automatic),57.04,1884.08,No
1426-NMVGB,Female,0,Yes,No,3,Yes,No,Fiber optic,Yes,No,No,Yes,Yes,Yes,Month-to-month,No,Bank transfer (automatic),107.45,342.24,Yes
6604-PZJOT,Female,0,Yes,No,20,Yes,Yes,DSL,No,Yes,Yes,No,No,No,Month-to-month,Yes,Bank transfer (automatic),60.82,1209.07,No
5961-FPYLC,Male,0,Yes,Yes,70,Yes,No,DSL,No,No,No,Yes,No,No,Two year,Yes,Electronic check,57.44,4036.13,No
3406-JIGDC,Female,0,Yes,No,23,Yes,No,DSL,No,No,No,Yes,No,Yes,Month-to-month,No,Mailed check,64.16,1485.9,No
8841-FJCPG,Male,0,Yes,Yes,27,Yes,Yes,No,No internet service,No internet service,No internet service,No internet service,No internet service,No internet service,Month-to-month,No,Credit card (automatic),25.29,683.89,No
6280-VYSNK,Male,0,Yes,Yes,19,Yes,Yes,Fiber optic,No,No,No,No,No,No,Month-to-month,Yes,Electronic check,77.89,1490.53,Yes
5628-YDMLR,Male,0,No,No,23,Yes,No,No,No internet service,No internet service,No internet service,No internet service,No internet service,No internet service,Two year,No,Electronic check,22.77,501.59,No
3074-PDVSM,Female,1,Yes,No,54,No,No phone service,Fiber optic,No,No,No,No,No,Yes,Month-to-month,Yes,Mailed check,83.29,4490.74,No
9774-JPXAP,Male,0,Yes,Yes,15,No,No phone service,DSL,Yes,Yes,Yes,No,Yes,No,Month-to-month,Yes,Mailed check,70.04,1045.19,Yes
6498-DADHF,Female,0,No,No,72,Yes,Yes,Fiber optic,No,No,No,No,No,Yes,Two year,Yes,Mailed check,91.2,6578.06,No
9164-QTOPR,Female,1,Yes,No,53,Yes,Yes,DSL,No,No,Yes,Yes,No,No,Month-to-month,No,Bank transfer (automatic),54.38,2875.85,No
2593-BNVTL,Female,1,Yes,No,26,Yes,Yes,Fiber optic,Yes,No,Yes,No,Yes,Yes,Month-to-month,Yes,Mailed check,105.69,2743.97,Yes
6932-MVDYY,Male,1,Yes,Yes,37,No,No phone service,DSL,Yes,No,No,No,No,No,Month-to-month,Yes,Credit card (automatic),53.07,1946.56,Yes
1304-FWHOD,Female,1,No,No,11,Yes,No,Fiber optic,No,No,Yes,Yes,No,No,Two year,No,Bank transfer (automatic),83.75,928.93,No
1363-WUOVO,Female,1,No,No,33,Yes,No,No,No internet service,No internet service,No internet service,No internet service,No internet service,No internet service,Two year,No,Electronic check,22.68,759.07,No
9209-HREWV,Female,0,Yes,Yes,72,No,No phone service,DSL,Yes,No,Yes,No,Yes,No,Month-to-month,No,Mailed check,61.27,4422.07,No
3572-FNELY,Male,0,No,No,15,Yes,Yes,No,No internet service,No internet service,No internet service,No internet service,No internet service,No internet service,Two year,Yes,Bank transfer (automatic),24.98,370.36,No
2031-OQEVG,Male,0,No,No,62,Yes,Yes,Fiber optic,Yes,No,Yes,No,Yes,No,Month-to-month,No,Mailed check,99.28,6171.4,No
4864-KHKPQ,Male,0,Yes,No,66,Yes,Yes,DSL,Yes,No,No,No,Yes,No,Two year,Yes,Electronic check,61.81,4098.22,No
8215-DITKG,Female,0,No,No,9,Yes,Yes,DSL,Yes,Yes,Yes,Yes,No,No,One year,No,Mailed check,72.07,636.74,No
8569-GNBMV,Male,0,Yes,No,14,Yes,Yes,No,No internet service,No internet service,No internet service,No internet service,No internet service,No internet service,Month-to-month,Yes,Mailed check,23.72,325.14,No
3181-YSUUG,Female,1,No,No,5,Yes,Yes,DSL,No,No,No,Yes,Yes,No,Month-to-month,No,Credit card (automatic),63.42,313.5,Yes
4235-FCAYE,Male,0,No,No,72,Yes,Yes,Fiber optic,No,Yes,No,No,No,No,Month-to-month,Yes,Electronic check,82.34,5928.71,Yes
3940-LSOVK,Female,0,Yes,Yes,2,Yes,No,Fiber optic,No,No,No,No,No,No,Two year,No,Bank transfer (automatic),81.22,139.51,No
4849-WMWUW,Male,0,No,No,71,Yes,Yes,DSL,No,Yes,No,No,No,Yes,One year,No,Electronic check,63.83,4520.07,No
7140-KPOGF,Female,0,Yes,No,7,Yes,Yes,No,No internet service,No internet service,No internet service,No internet service,No internet service,No internet service,Month-to-month,Yes,Mailed check,24.16,188.34,No
7879-NVFIH,Male,0,No,No,25,Yes,No,Fiber optic,No,Yes,Yes,No,Yes,No,Two year,Yes,Electronic check,94.3,2372.58,No
2042-GIHFB,Male,0,Yes,No,11,Yes,No,No,No internet service,No internet service,No internet service,No internet service,No internet service,No internet service,Month-to-month,Yes,Credit card (automatic),24.61,315.69,No
1799-GTCAC,Female,0,No,No,72,Yes,Yes,Fiber optic,No,No,Yes,Yes,No,No,Two year,Yes,Credit card (automatic),93.02,6695.78,No
2383-VNRXW,Male,0,Yes,No,55,Yes,Yes,Fiber optic,No,No,Yes,No,Yes,Yes,Month-to-month,Yes,Mailed check,95.0,5187.33,No
1114-XFVVV,Female,0,No,No,68,Yes,No,Fiber optic,No,Yes,No,No,No,Yes,Two year,No,Electronic check,91.89,6259.94,No
5319-WZNYE,Male,0,Yes,Yes,64,Yes,Yes,No,No internet service,No internet service,No internet service,No internet service,No internet service,No internet service,Two year,Yes,Bank transfer (automatic),24.09,1539.49,No
5111-GEQQX,Female,0,Yes,Yes,3,Yes,Yes,Fiber optic,No,Yes,No,No,Yes,No,Month-to-month,No,Electronic check,90.29,277.51,Yes
8065-LROWN,Female,0,No,No,70,Yes,Yes,DSL,Yes,Yes,Yes,No,No,No,Two year,Yes,Electronic check,64.72,4512.5,No
9603-JUYSW,Male,0,Yes,Yes,59,Yes,Yes,No,No internet service,No internet service,No internet service,No internet service,No internet service,No internet service,Two year,Yes,Electronic check,19.15,1120.53,No
1801-GUPTI,Male,0,Yes,Yes,27,Yes,No,Fiber optic,No,No,No,Yes,Yes,Yes,One year,Yes,Bank transfer (automatic),107.36,2890.56,No
1213-CTSWT,Male,0,No,No,2,Yes,Yes,Fiber optic,No,Yes,Yes,No,No,Yes,Month-to-month,No,Bank transfer (automatic),101.59,214.99,Yes
6180-VMDAX,Female,0,Yes,No,72,No,No phone service,Fiber optic,No,Yes,Yes,No,No,Yes,Two year,No,Electronic check,95.5,6866.67,No
3454-FAZUT,Female,0,No,No,3,Yes,Yes,DSL,No,No,No,No,No,No,Month-to-month,No,Mailed check,53.91,147.4,Yes
5035-QNHDS,Male,0,No,No,23,Yes,No,Fiber optic,No,No,Yes,Yes,No,No,Month-to-month,No,Credit card (automatic),84.95,1945.49,Yes
4809-RUQXR,Male,1,Yes,No,13,Yes,Yes,No,No internet service,No internet service,No internet service,No internet service,No internet service,No internet service,One year,No,Credit card (automatic),28.27,354.71,No
9622-OTFAL,Male,0,No,No,9,Yes,No,DSL,No,No,No,No,No,No,Month-to-month,No,Credit card (automatic),48.54,451.23,No
1972-XJSYB,Female,0,Yes,No,65,Yes,Yes,Fiber optic,No,No,No,No,No,No,Month-to-month,Yes,Credit card (automatic),78.09,5062.72,No
6981-QCSAP,Male,0,No,No,31,Yes,Yes,Fiber optic,No,No,Yes,Yes,No,No,Month-to-month,No,Electronic check,89.45,2760.94,Yes
5875-IRBRH,Female,0,No,No,6,Yes,Yes,Fiber optic,No,No,No,No,Yes,No,Two year,No,Mailed check,85.3,518.86,No
1344-KGCYT,Male,0,Yes,No,16,Yes,Yes,Fiber optic,No,Yes,No,No,Yes,No,Two year,Yes,Credit card (automatic),93.02,1493.11,No
5491-LMJTF,Female,0,No,No,8,Yes,No,DSL,No,No,No,No,No,No,Two year,Yes,Credit card (automatic),49.36,419.92,No
6481-YOUKA,Female,0,Yes,No,29,Yes,No,No,No internet service,No internet service,No internet service,No internet service,No internet service,No internet service,Month-to-month,Yes,Bank transfer (automatic),28.64,829.0,No
8858-SOJHS,Male,0,No,No,6,Yes,No,No,No internet service,No internet service,No internet service,No internet service,No internet service,No internet service,One year,Yes,Mailed check,26.15,122.46,Yes
5012-PSKGT,Male,0,Yes,Yes,27,Yes,No,No,No internet service,No internet service,No internet service,No internet service,No internet service,No internet service,Two year,No,Bank transfer (automatic),24.38,635.35,No
6325-FSJTY,Female,0,No,No,9,Yes,Yes,DSL,No,No,No,No,Yes,No,One year,Yes,Electronic check,55.53,484.94,No
3031-MTCCF,Female,0,No,No,56,Yes,Yes,Fiber optic,No,No,No,No,Yes,Yes,Month-to-month,Yes,Credit card (automatic),96.76,5410.05,No
6677-PLJCK,Female,0,No,No,8,Yes,Yes,No,No internet service,No internet service,No internet service,No internet service,No internet service,No internet service,Month-to-month,No,Mailed check,30.22,212.9,No
6110-QAQXZ,Female,1,No,No,19,Yes,Yes,DSL,Yes,No,Yes,Yes,No,Yes,Two year,No,Electronic check,72.45,1398.36,No
9158-YPYHO,Male,0,Yes,Yes,7,Yes,No,DSL,No,Yes,No,Yes,No,Yes,Month-to-month,No,Bank transfer (automatic),63.82,404.16,Yes
3395-SGXBD,Male,0,No,No,26,Yes,Yes,Fiber optic,No,No,No,No,Yes,Yes,Two year,No,Credit card (automatic),95.34,2484.91,No
8395-FASQF,Female,0,Yes,Yes,63,Yes,No,Fiber optic,No,No,No,Yes,No,No,Month-to-month,Yes,Mailed check,93.67,5883.91,No
4072-HIBOO,Female,0,Yes,No,62,Yes,Yes,DSL,No,Yes,No,No,No,Yes,Month-to-month,Yes,Bank transfer (automatic),67.4,4142.17,No
2019-EMFVG,Female,0,No,Yes,66,Yes,Yes,DSL,No,Yes,No,No,No,Yes,Month-to-month,No,Bank transfer (automatic),68.23,4501.88,No
8457-GWMJR,Male,0,No,No,24,Yes,No,DSL,Yes,No,No,Yes,No,No,Month-to-month,No,Electronic check,60.35,1445.95,No
5273-LLXGI,Female,0,No,No,29,Yes,No,DSL,No,Yes,Yes,Yes,Yes,No,Month-to-month,Yes,Electronic check,76.86,2236.25,No
3550-CABPU,Female,0,No,Yes,40,Yes,No,No,No internet service,No internet service,No internet service,No internet service,No internet service,No internet service,Two year,Yes,Electronic check,23.57,934.28,No
2470-NFPDF,Male,1,No,No,8,Yes,Yes,DSL,No,Yes,No,No,Yes,No,Month-to-month,No,Bank transfer (automatic),63.9,511.2,Yes
2014-NKNYJ,Female,0,Yes,No,37,No,No phone service,No,No internet service,No internet service,No internet service,No internet service,No internet service,No internet service,Month-to-month,No,Mailed check,21.59,767.07,No
3048-MLSBF,Male,0,Yes,Yes,69,Yes,No,DSL,No,No,No,Yes,No,No,Month-to-month,No,Electronic check,55.52,3816.76,No
5776-MASWO,Male,1,No,No,17,Yes,Yes,DSL,No,No,No,Yes,Yes,No,Month-to-month,Yes,Bank transfer (automatic),67.46,1144.8,Yes
5411-NYCEB,Female,0,No,No,23,Yes,No,No,No internet service,No internet service,No internet service,No internet service,No internet service,No internet service,Month-to-month,No,Credit card (automatic),26.07,571.99,No
5762-QQKCK,Male,0,Yes,Yes,27,Yes,No,DSL,Yes,Yes,No,No,Yes,No,Month-to-month,Yes,Credit card (automatic),65.57,1746.6,Yes
9061-AUOLX,Female,1,Yes,No,20,Yes,No,DSL,No,No,Yes,No,No,Yes,Month-to-month,Yes,Mailed check,64.28,1306.7,No
5145-EAFEL,Male,0,No,No,38,Yes,No,Fiber optic,No,No,No,No,No,No,One year,Yes,Credit card (automatic),80.69,3078.68,No
6905-MPEMH,Male,0,No,No,15,Yes,Yes,DSL,No,No,No,Yes,No,Yes,Two year,Yes,Bank transfer (automatic),61.83,949.43,No
9510-MZQZF,Female,0,No,No,19,Yes,No,No,No internet service,No internet service,No internet service,No internet service,No internet service,No internet service,Month-to-month,No,Electronic check,23.86,466.12,Yes
8808-RCVNG,Male,0,Yes,Yes,63,Yes,No,Fiber optic,No,No,No,No,No,No,Month-to-month,Yes,Electronic check,78.8,4975.13,Yes
4872-SZCPE,Female,0,No,No,15,Yes,No,Fiber optic,No,Yes,No,No,Yes,No,Two year,Yes,Electronic check,89.33,1375.38,Yes
7234-NLDWL,Male,0,No,No,22,Yes,No,Fiber optic,No,No,Yes,No,No,No,Month-to-month,No,Credit card (automatic),80.65,1792.77,Yes
3861-JLCMD,Male,0,No,No,56,Yes,No,DSL,Yes,Yes,Yes,Yes,No,Yes,Month-to-month,No,Mailed check,78.86,4409.75,No
2435-QDRCN,Female,0,No,No,7,Yes,No,Fiber optic,No,No,No,No,No,Yes,Month-to-month,No,Electronic check,90.72,633.72,No
5930-OCESL,Male,0,No,No,29,Yes,Yes,Fiber optic,No,No,Yes,No,Yes,No,Month-to-month,Yes,Electronic check,94.63,2749.42,Yes
5547-LOPWD,Male,1,Yes,No,59,Yes,No,DSL,Yes,No,No,No,No,No,One year,Yes,Electronic check,54.66,3236.32,No
3924-DANUY,Male,0,No,No,69,Yes,Yes,Fiber optic,Yes,Yes,No,Yes,No,Yes,Two year,No,Mailed check,99.32,6872.58,No
3792-VTQMD,Male,0,Yes,Yes,65,Yes,Yes,DSL,No,Yes,No,Yes,Yes,No,One year,No,Credit card (automatic),66.68,4328.43,No
9006-URERT,Female,1,No,No,38,Yes,No,DSL,No,Yes,No,Yes,Yes,No,Month-to-month,Yes,Credit card (automatic),63.76,2425.0,Yes
1229-HBTVI,Female,0,Yes,Yes,9,Yes,Yes,Fiber optic,No,Yes,No,No,No,Yes,Two year,No,Mailed check,90.88,819.06,No
9995-LRWZL,Male,0,No,Yes,72,Yes,No,DSL,No,No,Yes,No,Yes,No,Month-to-month,Yes,Bank transfer (automatic),65.87,4742.88,No
9612-GVYLK,Female,0,No,No,11,Yes,Yes,Fiber optic,No,No,Yes,Yes,Yes,No,Month-to-month,No,Bank transfer (automatic),88.11,957.16,Yes
2406-MXMQL,Male,0,No,No,3,Yes,Yes,No,No internet service,No internet service,No internet service,No internet service,No internet service,No internet service,Month-to-month,Yes,Electronic check,25.35,77.59,No
1544-OBOXQ,Male,0,Yes,Yes,1,Yes,Yes,DSL,Yes,No,No,No,No,No,Two year,No,Credit card (automatic),59.94,70.37,No
3145-AAVCQ,Male,0,Yes,No,1,Yes,Yes,No,No internet service,No internet service,No internet service,No internet service,No internet service,No internet service,Month-to-month,Yes,Credit card (automatic),24.96,24.15,No
7172-IKOUW,Female,1,No,No,66,No,No phone service,Fiber optic,No,Yes,Yes,No,Yes,No,Month-to-month,Yes,Credit card (automatic),92.36,6086.36,No
8747-LZSTI,Male,1,No,No,17,Yes,No,No,No internet service,No internet service,No internet service,No internet service,No internet service,No internet service,Month-to-month,No,Electronic check,25.64,441.13,Yes
9894-CNCIM,Male,0,No,No,72,Yes,No,No,No internet service,No internet service,No internet service,No internet service,No internet service,No internet service,Month-to-month,Yes,Mailed check,23.61,1686.84,No
3356-RGDSC,Female,0,No,No,4,Yes,No,Fiber optic,No,Yes,No,No,No,No,One year,Yes,Mailed check,86.17,354.57,No
9847-HXGJF,Male,0,No,No,2,Yes,No,No,No internet service,No internet service,No internet service,No internet service,No internet service,No internet service,Two year,Yes,Electronic check,26.0,47.37,No
6340-SRJRE,Female,0,No,No,72,Yes,Yes,DSL,No,No,No,Yes,No,No,Month-to-month,Yes,Credit card (automatic),52.52,3792.29,No
1864-CIKIG,Male,0,No,No,3,Yes,No,Fiber optic,Yes,No,No,No,No,No,Two year,Yes,Bank transfer (automatic),84.0,288.39,Yes
6647-BAUYA,Male,0,Yes,No,11,Yes,Yes,No,No internet service,No internet service,No internet service,No internet service,No internet service,No internet service,One year,Yes,Electronic check,18.83,215.26,No
5789-SUVDQ,Male,0,Yes,No,27,Yes,No,DSL,Yes,Yes,No,No,Yes,No,One year,No,Bank transfer (automatic),62.31,1666.22,No
7386-FQWGQ,Female,0,No,No,10,Yes,No,No,No internet service,No internet service,No internet service,No internet service,No internet service,No internet service,One year,No,Electronic check,23.83,227.89,Yes
6995-AOOWK,Female,0,No,No,31,Yes,Yes,DSL,No,Yes,No,No,No,No,Month-to-month,Yes,Mailed check,54.86,1686.65,Yes
7402-HQTQB,Male,0,No,No,72,Yes,Yes,DSL,No,No,No,Yes,No,No,Month-to-month,Yes,Mailed check,61.11,4407.02,No
5039-YBDOF,Male,0,Yes,Yes,63,Yes,No,Fiber optic,Yes,No,No,No,Yes,No,One year,Yes,Mailed check,96.55,6091.3,No
1775-VVBCI,Female,0,No,No,34,Yes,Yes,Fiber optic,No,No,Yes,No,No,No,One year,No,Credit card (automatic),81.34,2766.93,No
6591-IXVWB,Female,0,No,No,59,Yes,No,No,No internet service,No internet service,No internet service,No internet service,No internet service,No internet service,Month-to-month,Yes,Credit card (automatic),26.54,1566.39,No
8784-GGATT,Female,0,Yes,No,8,Yes,Yes,No,No internet service,No internet service,No internet service,No internet service,No internet service,No internet service,Month-to-month,Yes,Mailed check,26.93,200.92,Yes
9733-IVCVT,Female,1,Yes,No,72,Yes,Yes,Fiber optic,No,No,No,No,No,Yes,One year,No,Electronic check,86.05,6210.12,No
7344-YMNAE,Male,0,No,No,8,Yes,No,No,No internet service,No internet service,No internet service,No internet service,No internet service,No internet service,Month-to-month,Yes,Mailed check,29.69,197.24,Yes
5965-TOOAA,Male,0,No,No,53,Yes,Yes,No,No internet service,No internet service,No internet service,No internet service,No internet service,No internet service,Month-to-month,No,Bank transfer (automatic),25.0,1317.83,No
7818-BYICO,Female,0,No,No,70,Yes,Yes,Fiber optic,No,Yes,Yes,No,No,No,Two year,No,Bank transfer (automatic),88.41,6196.86,No
5236-CHDHE,Male,0,Yes,Yes,4,Yes,No,DSL,No,No,No,No,No,Yes,Month-to-month,Yes,Mailed check,53.39,210.07,No
8179-NNBBB,Female,0,No,No,27,No,No phone service,DSL,No,No,No,No,Yes,No,Two year,Yes,Mailed check,49.1,1340.96,No
7339-VBPHJ,Female,0,No,No,13,Yes,Yes,Fiber optic,Yes,No,No,Yes,No,No,Month-to-month,Yes,Credit card (automatic),92.72,1208.04,No
3724-OWAGY,Male,0,Yes,Yes,2,Yes,No,No,No internet service,No internet service,No internet service,No internet service,No internet service,No internet service,One year,No,Electronic check,21.54,50.16,No
7608-MQBTW,Female,1,Yes,No,30,Yes,No,No,No internet service,No internet service,No internet service,No internet service,No internet service,No internet service,Month-to-month,Yes,Mailed check,26.38,806.88,No
2278-SBFYE,Male,0,Yes,No,61,Yes,No,No,No internet service,No internet service,No internet service,No internet service,No internet service,No internet service,Two year,No,Credit card (automatic),21.61,1334.84,No
8883-SQHJY,Female,0,No,Yes,11,Yes,Yes,Fiber optic,No,No,No,No,No,No,One year,No,Mailed check,79.66,886.58,No
3710-HYZGA,Male,1,No,No,61,Yes,Yes,Fiber optic,No,No,No,No,No,No,Two year,No,Bank transfer (automatic),72.66,4397.98,No
7927-YPRRW,Male,1,No,No,36,Yes,Yes,Fiber optic,No,No,Yes,No,No,No,Month-to-month,Yes,Electronic check,87.12,3156.97,Yes
6577-JROBG,Female,0,No,No,13,Yes,Yes,Fiber optic,Yes,No,No,No,No,No,Month-to-month,No,Electronic check,88.04,1144.37,No
7202-BXHNF,Female,0,Yes,Yes,6,Yes,Yes,No,No internet service,No internet service,No internet service,No internet service,No internet service,No internet service,One year,Yes,Credit card (automatic),24.2,153.33,No
6619-GYAIB,Female,0,Yes,Yes,2,Yes,Yes,Fiber optic,No,Yes,No,No,No,No,Month-to-month,No,Electronic check,85.53,147.55,Yes
8845-UZKZT,Male,0,Yes,No,35,Yes,Yes,DSL,No,No,No,Yes,Yes,No,Month-to-month,No,Credit card (automatic),65.66,2295.44,Yes
6770-GYRFI,Female,0,Yes,Yes,71,Yes,Yes,Fiber optic,Yes,No,No,No,No,No,Month-to-month,Yes,Mailed check,86.82,6153.12,No
1764-IINZA,Male,1,Yes,No,61,Yes,Yes,No,No internet service,No internet service,No internet service,No internet service,No internet service,No internet service,One year,No,Credit card (automatic),25.23,1531.61,No
9551-LHMAQ,Female,0,No,No,34,No,No phone service,Fiber optic,No,Yes,No,Yes,Yes,Yes,Two year,No,Electronic check,99.4,3399.04,No
9976-ZMKVG,Male,0,Yes,Yes,21,Yes,No,DSL,No,No,Yes,No,Yes,Yes,Month-to-month,No,Mailed check,76.3,1595.86,No
7684-YOXIR,Male,0,Yes,No,23,Yes,Yes,DSL,No,Yes,No,Yes,Yes,Yes,One year,No,Mailed check,77.65,1777.22,No
7176-WBXZT,Female,0,No,No,65,No,No phone service,Fiber optic,No,No,No,No,Yes,No,Two year,Yes,Electronic check,84.32,5475.6,No
4690-NNOPL,Female,0,Yes,Yes,31,Yes,No,No,No internet service,No internet service,No internet service,No internet service,No internet service,No internet service,Month-to-month,Yes,Credit card (automatic),22.83,733.98,No
2632-OLCPM,Female,0,Yes,No,19,Yes,Yes,Fiber optic,Yes,Yes,No,No,Yes,No,Month-to-month,No,Electronic check,101.0,1904.17,Yes
5395-XRGPZ,Male,0,No,No,46,Yes,No,Fiber optic,No,No,No,No,Yes,Yes,Two year,Yes,Electronic check,97.79,4505.52,No
1518-HUXEI,Male,1,No,No,7,Yes,No,No,No internet service,No internet service,No internet service,No internet service,No internet service,No internet service,Two year,Yes,Bank transfer (automatic),23.65,175.07,No
5559-EDUIJ,Male,0,Yes,Yes,4,Yes,No,Fiber optic,No,Yes,No,No,No,Yes,Month-to-month,Yes,Credit card (automatic),101.08,400.74,Yes
2172-GWXGH,Male,1,No,No,0,Yes,Yes,No,No internet service,No internet service,No internet service,No internet service,No internet service,No internet service,Month-to-month,Yes,Credit card (automatic),31.3,10.65,Yes
3590-NNYSJ,Female,0,No,No,7,No,No phone service,DSL,No,No,No,No,Yes,No,Month-to-month,Yes,Electronic check,50.39,376.09,No
4747-IVSAW,Male,0,No,No,18,Yes,No,No,No internet service,No internet service,No internet service,No internet service,No internet service,No internet service,One year,No,Mailed check,23.91,449.78,No
7502-YBTHE,Female,0,No,No,56,Yes,No,Fiber optic,Yes,No,No,No,Yes,No,One year,No,Credit card (automatic),93.55,5217.63,No
3845-VUYNY,Male,1,Yes,No,58,Yes,No,Fiber optic,No,Yes,Yes,No,No,Yes,Two year,Yes,Credit card (automatic),95.73,5558.93,No
6099-PWAEZ,Female,1,Yes,Yes,60,Yes,Yes,DSL,Yes,No,No,No,Yes,Yes,Month-to-month,No,Electronic check,79.08,4761.74,No
3830-FZFHW,Male,0,No,No,67,Yes,No,DSL,No,Yes,Yes,No,Yes,Yes,Month-to-month,Yes,Bank transfer (automatic),79.01,5304.18,No
5957-NSISZ,Female,1,Yes,Yes,48,Yes,No,DSL,No,Yes,No,Yes,No,No,Month-to-month,Yes,Credit card (automatic),66.71,3209.11,No
6291-KHRVW,Male,0,No,No,9,Yes,Yes,DSL,No,No,No,No,No,No,Month-to-month,No,Credit card (automatic),52.43,462.75,Yes
9931-PTQVM,Female,0,No,No,13,Yes,No,DSL,No,No,No,No,No,Yes,One year,No,Bank transfer (automatic),56.26,725.73,No
4211-HDPMH,Male,0,No,No,60,Yes,No,DSL,No,Yes,Yes,No,No,Yes,Two year,Yes,Mailed check,67.56,4072.07,No
8663-CLCNR,Female,0,No,No,42,Yes,Yes,Fiber optic,Yes,No,No,Yes,No,No,Month-to-month,No,Bank transfer (automatic),91.09,3812.66,Yes
6333-INNJC,Male,1,No,No,53,Yes,No,DSL,No,Yes,Yes,No,No,No,Two year,No,Electronic check,60.38,3218.33,No
7178-DXMSP,Female,0,Yes,No,11,Yes,No,No,No internet service,No internet service,No internet service,No internet service,No internet service,No internet service,One year,Yes,Mailed check,27.98,319.49,Yes
1269-XFACU,Male,1,No,No,16,No,No phone service,DSL,Yes,No,No,No,No,Yes,Two year,Yes,Bank transfer (automatic),55.2,864.26,No
5575-IKYUK,Female,0,No,No,58,Yes,Yes,DSL,No,No,Yes,No,No,Yes,Two year,Yes,Credit card (automatic),59.63,3433.83,No
4618-SHPGS,Male,1,No,No,3,Yes,No,DSL,No,Yes,Yes,Yes,Yes,No,Two year,Yes,Electronic check,69.28,189.56,No
1116-EHJXS,Male,1,No,No,21,Yes,Yes,Fiber optic,Yes,Yes,No,No,No,Yes,Month-to-month,No,Credit card (automatic),93.22,1961.62,No
5073-AEQHL,Female,0,Yes,No,9,Yes,No,No,No internet service,No internet service,No internet service,No internet service,No internet service,No internet service,One year,Yes,Bank transfer (automatic),30.56,309.57,No
2964-YTDEJ,Female,0,No,No,70,Yes,No,No,No internet service,No internet service,No internet service,No internet service,No internet service,No internet service,Two year,Yes,Credit card (automatic),28.14,1996.7,No
7755-NKKZU,Male,0,No,No,47,Yes,No,Fiber optic,No,No,No,Yes,No,No,Two year,Yes,Bank transfer (automatic),91.91,4311.41,No
7510-RVBRI,Female,0,Yes,No,9,Yes,No,DSL,No,Yes,Yes,No,Yes,Yes,Month-to-month,Yes,Bank transfer (automatic),76.29,652.19,No
1156-NQRAZ,Male,1,No,No,11,Yes,No,Fiber optic,Yes,No,No,No,No,No,One year,Yes,Credit card (automatic),87.81,959.43,No
3168-NKRUW,Male,0,Yes,Yes,43,Yes,Yes,No,No internet service,No internet service,No internet service,No internet service,No internet service,No internet service,Month-to-month,No,Credit card (automatic),19.76,857.9,Yes
3768-UDPLJ,Male,0,Yes,No,63,Yes,Yes,No,No internet service,No internet service,No internet service,No internet service,No internet service,No internet service,Month-to-month,No,Electronic check,22.78,1435.9,No
9331-UVTQO,Male,0,No,No,52,Yes,No,DSL,Yes,Yes,No,Yes,No,No,Month-to-month,No,Mailed check,69.18,3605.21,No
1916-KPYDV,Male,0,Yes,No,35,Yes,No,Fiber optic,No,No,No,No,No,Yes,Month-to-month,Yes,Mailed check,88.48,3132.35,Yes
8247-FVKOI,Female,0,No,No,61,Yes,No,No,No internet service,No internet service,No internet service,No internet service,No internet service,No internet service,Two year,Yes,Electronic check,29.15,1797.35,No
6931-VTMXF,Male,0,Yes,Yes,65,Yes,Yes,DSL,No,No,Yes,No,No,Yes,Month-to-month,Yes,Credit card (automatic),65.52,4254.14,No
6585-DOWBH,Male,0,Yes,No,27,Yes,Yes,DSL,No,Yes,No,No,Yes,Yes,Two year,No,Bank transfer (automatic),71.57,1915.37,No
9646-LNQBD,Male,0,Yes,No,18,Yes,No,DSL,Yes,No,Yes,No,Yes,Yes,Month-to-month,No,Credit card (automatic),79.95,1440.46,Yes
3284-QNBNL,Female,0,No,No,4,Yes,No,Fiber optic,Yes,No,No,No,No,Yes,Month-to-month,Yes,Electronic check,89.62,328.72,Yes
4484-OWFBO,Female,0,No,No,22,Yes,No,Fiber optic,No,No,No,Yes,No,Yes,Month-to-month,Yes,Electronic check,94.36,2065.5,Yes
9973-LRMRM,Male,0,No,No,6,Yes,Yes,Fiber optic,No,No,Yes,Yes,Yes,No,Month-to-month,Yes,Electronic check,94.35,567.65,Yes
7807-GRLOQ,Female,0,Yes,No,68,Yes,No,Fiber optic,Yes,No,No,No,Yes,No,Month-to-month,No,Electronic check,95.22,6472.6,Yes
3156-ZPTLT,Male,0,No,No,62,Yes,Yes,DSL,No,No,No,Yes,Yes,No,Month-to-month,Yes,Bank transfer (automatic),64.93,4021.05,No
7446-ZVGTD,Male,1,No,No,24,Yes,No,Fiber optic,No,Yes,No,No,Yes,No,Month-to-month,Yes,Mailed check,92.52,2214.62,Yes
4828-RJKIL,Female,0,No,No,22,Yes,No,DSL,No,Yes,Yes,No,Yes,Yes,One year,No,Electronic check,71.36,1542.1,No
1535-PCSKP,Male,0,Yes,No,37,Yes,Yes,Fiber optic,No,Yes,Yes,No,Yes,No,Month-to-month,Yes,Electronic check,101.38,3740.78,Yes
6454-CQGUS,Female,1,No,No,14,No,No phone service,DSL,Yes,No,Yes,No,Yes,Yes,Month-to-month,Yes,Credit card (automatic),75.61,1073.78,Yes
2874-JAEVK,Female,1,No,No,19,Yes,Yes,No,No internet service,No internet service,No internet service,No internet service,No internet service,No internet service,Month-to-month,No,Credit card (automatic),25.02,465.57,Yes
6396-HZKKG,Male,0,No,Yes,67,Yes,No,DSL,No,No,No,Yes,Yes,No,Two year,Yes,Mailed check,62.53,4192.26,No
4546-FLRFC,Male,0,Yes,No,5,Yes,Yes,DSL,Yes,No,Yes,No,Yes,Yes,One year,Yes,Mailed check,73.31,362.6,No
3875-QEZZX,Male,0,No,No,25,Yes,No,Fiber optic,Yes,Yes,Yes,No,Yes,No,Two year,Yes,Bank transfer (automatic),103.88,2583.94,No
7780-ELEQK,Female,0,No,No,44,Yes,Yes,Fiber optic,No,No,Yes,No,No,Yes,Two year,No,Bank transfer (automatic),91.0,3999.57,No
3701-VORQB,Male,0,Yes,Yes,72,Yes,Yes,Fiber optic,No,Yes,Yes,No,Yes,Yes,One year,Yes,Credit card (automatic),108.96,7841.65,No
2713-GIDVJ,Female,0,No,No,65,Yes,Yes,DSL,No,No,No,No,No,Yes,Two year,No,Bank transfer (automatic),57.29,3751.84,No
3991-RXNAT,Male,0,No,No,2,Yes,Yes,Fiber optic,Yes,Yes,Yes,Yes,No,Yes,Month-to-month,No,Mailed check,109.36,245.95,Yes
5642-HAEVJ,Female,0,Yes,Yes,4,Yes,Yes,DSL,Yes,No,Yes,No,No,No,Month-to-month,No,Credit card (automatic),60.6,229.7,Yes
5743-HIKGA,Male,0,No,Yes,29,Yes,No,No,No internet service,No internet service,No internet service,No internet service,No internet service,No internet service,Month-to-month,Yes,Mailed check,22.36,654.25,No
6248-BCPXE,Female,0,Yes,Yes,33,Yes,Yes,Fiber optic,Yes,No,No,No,No,No,Month-to-month,Yes,Electronic check,88.36,2883.8,No
3805-BBQMD,Female,0,Yes,No,18,Yes,No,DSL,No,No,No,Yes,Yes,Yes,Month-to-month,Yes,Electronic check,71.21,1269.25,Yes
8467-RXADS,Male,0,No,No,10,Yes,No,Fiber optic,No,No,Yes,No,Yes,No,Two year,Yes,Bank transfer (automatic),96.85,948.22,No
2728-FNEMP,Male,0,No,No,34,Yes,No,Fiber optic,Yes,No,No,Yes,No,Yes,Month-to-month,Yes,Electronic check,99.49,3425.2,Yes
4434-ZSBJE,Female,0,Yes,No,18,Yes,No,Fiber optic,No,No,No,Yes,No,No,Month-to-month,Yes,Credit card (automatic),82.26,1430.68,Yes
5183-AFALC,Female,0,Yes,No,3,Yes,No,Fiber optic,No,Yes,No,Yes,No,Yes,One year,Yes,Bank transfer (automatic),101.32,302.87,Yes
5554-YFQTJ,Male,0,Yes,Yes,21,Yes,Yes,Fiber optic,No,No,Yes,No,No,Yes,Two year,Yes,Electronic check,89.85,1894.1,No
4046-PBSCA,Female,0,Yes,Yes,51,Yes,Yes,Fiber optic,No,No,Yes,Yes,Yes,Yes,One year,No,Mailed check,104.05,5311.08,No
3159-YHJRZ,Female,0,No,No,1,Yes,Yes,Fiber optic,Yes,No,No,Yes,Yes,Yes,Month-to-month,Yes,Credit card (automatic),103.13,89.84,No
4890-FOCSF,Female,0,No,No,11,Yes,Yes,DSL,No,Yes,No,Yes,Yes,Yes,One year,No,Electronic check,72.17,798.97,No
6642-JFRIA,Male,1,No,No,7,Yes,No,DSL,Yes,Yes,No,No,Yes,No,One year,Yes,Credit card (automatic),65.15,454.79,Yes
5602-UTAMI,Male,1,Yes,No,72,Yes,Yes,Fiber optic,Yes,No,No,No,No,Yes,Month-to-month,No,Electronic check,93.85,6778.45,No
1098-APDVZ,Male,0,No,No,9,Yes,No,No,No internet service,No internet service,No internet service,No internet service,No internet service,No internet service,Month-to-month,Yes,Credit card (automatic),21.53,166.63,No
9204-TDXFG,Female,1,No,No,3,Yes,No,DSL,Yes,No,No,No,Yes,Yes,One year,Yes,Electronic check,70.57,214.49,Yes
3776-SAMXP,Female,0,No,No,69,Yes,No,Fiber optic,No,Yes,No,Yes,Yes,No,One year,No,Electronic check,100.14,6913.04,No
4038-QWQIZ,Male,0,Yes,Yes,30,Yes,Yes,DSL,Yes,Yes,Yes,Yes,Yes,No,Month-to-month,No,Electronic check,78.25,2356.79,No
8418-XEFFX,Female,0,No,No,2,Yes,Yes,No,No internet service,No internet service,No internet service,No internet service,No internet service,No internet service,One year,Yes,Credit card (automatic),23.51,32.79,Yes
1113-QEMGU,Male,0,No,No,4,No,No phone service,Fiber optic,No,No,Yes,No,Yes,No,Month-to-month,No,Electronic check,85.07,343.1,Yes
9554-DSEUX,Female,0,Yes,No,38,Yes,No,No,No internet service,No internet service,No internet service,No internet service,No internet service,No internet service,Month-to-month,Yes,Mailed check,23.27,884.41,No
3377-MDUQM,Male,0,Yes,No,45,Yes,No,Fiber optic,No,No,Yes,Yes,Yes,No,Month-to-month,Yes,Bank transfer (automatic),94.59,4255.7,Yes
5829-EDFKG,Male,0,Yes,Yes,48,No,No phone service,DSL,No,No,No,Yes,No,Yes,One year,Yes,Credit card (automatic),56.31,2697.06,No
2644-IDAEA,Female,0,No,No,25,Yes,No,Fiber optic,No,Yes,No,Yes,No,Yes,Month-to-month,Yes,Credit card (automatic),103.08,2599.86,Yes
2081-BAKWS,Female,0,No,No,30,Yes,No,No,No internet service,No internet service,No internet service,No internet service,No internet service,No internet service,Month-to-month,No,Electronic check,21.95,638.85,No
9615-XJDTA,Female,0,Yes,Yes,33,Yes,No,No,No internet service,No internet service,No internet service,No internet service,No internet service,No internet service,One year,No,Bank transfer (automatic),24.95,812.59,No
9389-PHLME,Female,1,No,No,62,Yes,No,Fiber optic,No,No,No,Yes,No,No,One year,No,Bank transfer (automatic),88.78,5495.54,No
7915-NICEH,Female,0,No,No,3,Yes,No,DSL,No,Yes,Yes,No,Yes,No,Month-to-month,Yes,Credit card (automatic),68.5,190.81,Yes
5768-EGGVR,Male,0,No,No,7,Yes,No,Fiber optic,Yes,Yes,No,Yes,Yes,No,Two year,Yes,Electronic check,101.72,711.91,No
8058-UILUP,Female,0,Yes,No,5,Yes,No,DSL,Yes,No,Yes,No,Yes,No,Two year,Yes,Mailed check,66.72,344.23,No
8583-CYUJI,Male,0,Yes,No,18,Yes,Yes,No,No internet service,No internet service,No internet service,No internet service,No internet service,No internet service,Month-to-month,No,Electronic check,24.16,442.42,Yes
1481-YUQFV,Female,0,No,No,5,Yes,No,DSL,Yes,No,Yes,No,No,No,Month-to-month,Yes,Bank transfer (automatic),53.24,231.31,Yes
5405-SPTKO,Male,0,No,No,35,Yes,No,DSL,No,No,Yes,No,Yes,Yes,Two year,No,Electronic check,72.64,2521.04,No
8397-JJBBU,Female,1,No,No,16,Yes,No,Fiber optic,Yes,No,Yes,No,Yes,No,Month-to-month,Yes,Credit card (automatic),96.4,1572.55,Yes
4717-KXRYT,Female,1,No,No,3,Yes,No,Fiber optic,No,No,No,Yes,No,Yes,Month-to-month,No,Electronic check,89.87,290.29,Yes
4985-ECGTH,Male,0,Yes,Yes,39,Yes,Yes,Fiber optic,No,Yes,Yes,No,No,No,Month-to-month,Yes,Credit card (automatic),84.58,3266.69,No
9413-UNBUF,Male,1,Yes,Yes,67,Yes,Yes,DSL,No,No,Yes,No,Yes,Yes,Two year,No,Electronic check,76.18,5107.22,No
8047-DKALB,Male,0,Yes,Yes,32,Yes,Yes,DSL,No,Yes,Yes,No,No,Yes,Month-to-month,No,Mailed check,66.85,2117.05,No
5323-IXZIU,Female,0,Yes,Yes,1,Yes,No,Fiber optic,No,No,No,Yes,No,No,Month-to-month,Yes,Mailed check,88.14,81.92,Yes
8248-AWECU,Female,0,Yes,No,14,Yes,Yes,No,No internet service,No internet service,No internet service,No internet service,No internet service,No internet service,Two year,Yes,Bank transfer (automatic),26.5,402.57,No
7691-BOYDQ,Male,0,No,No,61,Yes,Yes,No,No internet service,No internet service,No internet service,No internet service,No internet service,No internet service,One year,Yes,Electronic check,25.21,1505.21,No
6812-SURYF,Male,1,Yes,No,62,Yes,No,DSL,No,No,No,No,No,Yes,Two year,Yes,Electronic check,58.1,3552.2,No
6731-LGIKM,Male,0,No,No,72,Yes,Yes,No,No internet service,No internet service,No internet service,No internet service,No internet service,No internet service,Month-to-month,Yes,Credit card (automatic),27.52,1959.9,No
8212-EXUOG,Male,0,No,No,5,No,No phone service,Fiber optic,No,Yes,No,Yes,Yes,Yes,Month-to-month,No,Credit card (automatic),95.14,487.12,Yes
1832-STKBU,Male,0,No,Yes,72,Yes,No,DSL,No,Yes,No,No,Yes,No,Two year,Yes,Credit card (automatic),56.5,4060.78,No
9335-OOJJI,Female,0,Yes,Yes,55,No,No phone service,DSL,No,No,Yes,No,Yes,No,Month-to-month,Yes,Mailed check,60.13,3313.58,No
4288-GFNIS,Male,1,No,No,72,No,No phone service,Fiber optic,Yes,No,No,No,No,No,Month-to-month,No,Mailed check,82.31,5949.71,No
2871-OIORM,Male,0,Yes,No,67,Yes,Yes,Fiber optic,No,Yes,Yes,Yes,No,Yes,Two year,Yes,Bank transfer (automatic),110.56,7392.67,No
5114-KRJHC,Female,0,Yes,No,5,Yes,No,No,No internet service,No internet service,No internet service,No internet service,No internet service,No internet service,Month-to-month,Yes,Credit card (automatic),24.35,109.58,No
4412-WNLBH,Male,0,No,No,50,No,No phone service,Fiber optic,No,Yes,No,No,No,No,Month-to-month,No,Credit card (automatic),77.58,3839.92,Yes
9566-VXMGY,Female,0,No,No,19,Yes,No,DSL,No,No,No,No,Yes,Yes,Month-to-month,No,Electronic check,66.59,1251.1,Yes
1899-ABMSG,Male,0,Yes,No,10,Yes,No,No,No internet service,No internet service,No internet service,No internet service,No internet service,No internet service,Month-to-month,Yes,Bank transfer (automatic),21.98,210.03,No
5957-PQYHG,Male,0,Yes,No,64,Yes,No,Fiber optic,No,No,No,Yes,Yes,Yes,Month-to-month,No,Mailed check,107.16,6844.32,No
3856-TWMUV,Male,0,No,No,60,Yes,No,DSL,No,Yes,No,No,No,Yes,Two year,Yes,Credit card (automatic),67.28,3997.49,No
8333-KOWED,Female,0,No,No,3,Yes,Yes,Fiber optic,No,Yes,Yes,Yes,Yes,No,Two year,No,Bank transfer (automatic),101.21,300.02,No
4397-WPPRX,Male,0,No,No,5,Yes,No,Fiber optic,Yes,No,No,No,No,Yes,Two year,No,Bank transfer (automatic),95.34,460.04,No
1991-NRRQP,Female,0,Yes,No,0,No,No phone service,DSL,No,Yes,No,No,Yes,Yes,Two year,No,Bank transfer (automatic),60.88,3.3,Yes
9992-LLZEX,Female,0,Yes,No,32,Yes,Yes,No,No internet service,No internet service,No internet service,No internet service,No internet service,No internet service,Two year,No,Credit card (automatic),25.09,768.14,No
5712-VHGEV,Male,0,No,No,67,Yes,No,Fiber optic,No,No,No,No,No,Yes,Two year,Yes,Electronic check,87.4,5883.56,No
4317-WZAZO,Male,1,Yes,No,72,Yes,No,DSL,No,No,No,No,Yes,No,Month-to-month,Yes,Electronic check,65.1,4704.2,No
8965-YAZWO,Female,0,Yes,No,67,Yes,Yes,Fiber optic,No,Yes,No,No,No,No,One year,Yes,Mailed check,80.78,5444.06,No
9518-NXRSL,Male,0,Yes,No,34,Yes,Yes,DSL,Yes,No,No,No,Yes,No,One year,No,Credit card (automatic),56.86,1948.96,No
2455-ZGKJK,Female,0,No,No,18,Yes,No,Fiber optic,No,No,No,No,Yes,No,Month-to-month,Yes,Electronic check,82.3,1474.14,Yes
7816-SSIAH,Female,0,No,No,63,Yes,No,No,No internet service,No internet service,No internet service,No internet service,No internet service,No internet service,Month-to-month,Yes,Electronic check,25.15,1614.8,No
8376-AMJOA,Female,0,Yes,Yes,7,Yes,No,No,No internet service,No internet service,No internet service,No internet service,No internet service,No internet service,Month-to-month,Yes,Electronic check,28.84,189.81,Yes
8549-NWZPS,Male,0,Yes,Yes,26,Yes,No,DSL,No,No,No,No,No,Yes,Month-to-month,Yes,Credit card (automatic),57.55,1523.9,Yes
5321-EZKZP,Male,0,Yes,No,25,Yes,No,DSL,No,No,No,No,No,No,Month-to-month,Yes,Credit card (automatic),51.24,1313.42,No
7471-EOWHD,Female,0,No,No,69,Yes,Yes,Fiber optic,No,Yes,No,Yes,No,No,Two year,Yes,Electronic check,89.36,6158.16,No
2719-WMTFM,Female,0,Yes,No,12,Yes,No,DSL,No,No,Yes,No,No,Yes,Month-to-month,No,Credit card (automatic),56.86,675.61,No
3090-WKCKG,Female,0,No,No,59,Yes,Yes,Fiber optic,No,Yes,No,No,No,No,Month-to-month,Yes,Electronic check,84.74,4997.59,Yes
9420-CNWGQ,Female,0,Yes,Yes,65,Yes,Yes,Fiber optic,No,No,Yes,No,Yes,Yes,Two year,No,Credit card (automatic),104.77,6838.51,No
9288-PNIAA,Male,1,No,No,72,Yes,No,Fiber optic,No,No,No,No,No,No,Month-to-month,Yes,Electronic check,79.74,5767.87,Yes
6410-BOLJF,Male,0,No,No,16,No,No phone service,DSL,No,No,No,Yes,Yes,Yes,Month-to-month,Yes,Electronic check,67.34,1069.01,No
7243-SBMPC,Male,1,Yes,Yes,2,Yes,No,DSL,No,No,No,No,Yes,Yes,Month-to-month,Yes,Electronic check,65.43,160.92,Yes
5643-EOKTC,Female,0,Yes,No,56,Yes,Yes,DSL,Yes,Yes,No,No,Yes,No,Month-to-month,No,Bank transfer (automatic),56.61,3126.6,No
5172-JPSWB,Female,0,Yes,Yes,27,Yes,Yes,DSL,No,No,No,No,No,Yes,Month-to-month,Yes,Credit card (automatic),53.68,1419.23,No
1706-QLLLP,Female,0,Yes,No,2,Yes,No,DSL,No,No,Yes,No,Yes,No,Two year,Yes,Mailed check,63.59,98.76,No
8895-DQMCD,Male,0,No,No,8,Yes,Yes,Fiber optic,No,No,No,No,No,Yes,Month-to-month,Yes,Mailed check,84.84,689.07,No
6798-VAYLX,Female,0,Yes,No,66,Yes,No,Fiber optic,No,Yes,No,No,Yes,No,Month-to-month,Yes,Mailed check,87.25,5780.58,No
2095-ODPTB,Male,0,No,No,10,Yes,No,Fiber optic,No,Yes,No,No,No,Yes,Month-to-month,Yes,Credit card (automatic),89.74,927.72,No
5605-GAJSN,Male,0,No,No,3,Yes,Yes,No,No internet service,No internet service,No internet service,No internet service,No internet service,No internet service,Month-to-month,Yes,Bank transfer (automatic),23.25,56.78,No
4951-TJWEE,Male,1,No,No,10,Yes,Yes,No,No internet service,No internet service,No internet service,No internet service,No internet service,No internet service,Two year,Yes,Bank transfer (automatic),26.51,277.28,No
4728-OOFSI,Male,0,No,No,1,Yes,No,No,No internet service,No internet service,No internet service,No internet service,No internet service,No internet service,Month-to-month,Yes,Electronic check,31.25,36.16,No
9847-ZNRFH,Male,0,No,No,35,Yes,No,No,No internet service,No internet service,No internet service,No internet service,No internet service,No internet service,Month-to-month,No,Electronic check,23.31,816.95,Yes
2269-MLKNG,Male,0,No,No,2,Yes,Yes,No,No internet service,No internet service,No internet service,No internet service,No internet service,No internet service,Two year,No,Bank transfer (automatic),28.48,39.48,No
8113-MERNH,Female,0,Yes,Yes,17,Yes,No,DSL,No,Yes,Yes,No,Yes,Yes,Month-to-month,Yes,Mailed check,74.46,1283.18,No
6583-TBFOO,Female,1,No,No,6,Yes,No,Fiber optic,Yes,Yes,No,Yes,No,Yes,One year,No,Electronic check,101.18,600.05,Yes
7741-UIYNL,Female,0,No,No,9,Yes,Yes,DSL,Yes,No,Yes,Yes,No,No,Month-to-month,Yes,Electronic check,62.34,572.37,No
1934-HKWTM,Male,0,No,No,17,Yes,No,DSL,Yes,Yes,No,No,No,No,Two year,Yes,Electronic check,53.23,934.37,No
6822-OXJWF,Male,0,No,No,8,Yes,Yes,Fiber optic,Yes,Yes,Yes,Yes,No,No,Month-to-month,No,Credit card (automatic),100.92,804.13,Yes
1634-BZAID,Male,0,Yes,No,21,Yes,No,DSL,Yes,No,Yes,No,No,No,Month-to-month,No,Credit card (automatic),56.29,1194.28,No
3233-QXHVJ,Male,0,No,No,35,Yes,No,Fiber optic,Yes,No,Yes,No,No,Yes,One year,Yes,Credit card (automatic),99.23,3482.7,No
9844-YCUUY,Female,0,Yes,Yes,24,Yes,Yes,No,No internet service,No internet service,No internet service,No internet service,No internet service,No internet service,Month-to-month,Yes,Credit card (automatic),24.38,582.33,No
5100-JIRON,Male,0,No,No,44,Yes,Yes,No,No internet service,No internet service,No internet service,No internet service,No internet service,No internet service,Two year,Yes,Electronic check,34.13,1513.59,No
4054-LTSQR,Male,0,Yes,Yes,20,Yes,Yes,DSL,No,No,Yes,No,No,No,One year,Yes,Bank transfer (automatic),53.82,1075.04,No
6150-JSHQD,Male,0,No,No,14,Yes,No,DSL,No,No,No,No,Yes,No,Month-to-month,No,Bank transfer (automatic),57.44,825.35,Yes
2207-NJTNC,Female,0,Yes,No,0,Yes,No,Fiber optic,No,No,No,No,No,No,One year,Yes,Mailed check,80.24,2.33,No
6975-UOSPQ,Male,0,No,No,39,Yes,Yes,DSL,No,No,Yes,No,No,No,Two year,Yes,Electronic check,56.08,2205.39,No
5321-BEKGA,Female,0,No,No,9,No,No phone service,DSL,No,No,No,No,No,No,Month-to-month,No,Bank transfer (automatic),47.27,421.7,Yes
2881-WMDHK,Male,0,No,No,72,Yes,No,Fiber optic,Yes,Yes,No,Yes,No,No,Month-to-month,No,Mailed check,93.64,6758.19,No
1512-URFMS,Female,1,No,No,58,Yes,No,DSL,Yes,No,Yes,Yes,No,No,Two year,No,Electronic check,63.92,3703.41,No
2426-HRCXZ,Female,0,No,Yes,42,No,No phone service,No,No internet service,No internet service,No internet service,No internet service,No internet service,No internet service,Month-to-month,No,Credit card (automatic),18.25,764.15,No
7156-PZJOA,Male,0,Yes,No,9,No,No phone service,DSL,No,Yes,No,No,Yes,No,One year,No,Mailed check,56.0,512.51,Yes
2591-PDOJS,Female,0,Yes,No,0,Yes,No,DSL,No,No,No,Yes,No,No,Month-to-month,Yes,Credit card (automatic),56.01,10.12,No
4927-JNLJB,Female,0,No,No,7,Yes,No,DSL,No,No,No,No,Yes,Yes,Month-to-month,Yes,Electronic check,63.25,423.54,Yes
1756-JCVSX,Male,0,Yes,No,40,Yes,Yes,No,No internet service,No internet service,No internet service,No internet service,No internet service,No internet service,One year,Yes,Electronic check,25.6,1028.95,No
4593-OEHGP,Male,0,Yes,Yes,11,Yes,Yes,No,No internet service,No internet service,No internet service,No internet service,No internet service,No internet service,Month-to-month,Yes,Electronic check,27.42,292.82,No
6298-LBWGQ,Male,0,Yes,Yes,7,Yes,No,No,No internet service,No internet service,No internet service,No internet service,No internet service,No internet service,Month-to-month,Yes,Mailed check,30.97,247.73,No
6995-LLAUZ,Male,0,Yes,Yes,70,Yes,Yes,DSL,Yes,No,No,No,Yes,No,One year,Yes,Credit card (automatic),63.26,4432.94,No
3451-YWMZT,Male,0,Yes,Yes,0,Yes,No,Fiber optic,Yes,No,No,Yes,No,No,Two year,No,Credit card (automatic),84.19,,No
9049-ZKLJL,Male,0,No,No,37,Yes,No,Fiber optic,Yes,Yes,No,Yes,No,No,Two year,No,Bank transfer (automatic),95.64,3572.63,No
4700-LGTXG,Male,0,No,No,69,Yes,Yes,Fiber optic,Yes,No,Yes,No,No,Yes,Month-to-month,Yes,Credit card (automatic),89.67,6157.42,No
6957-ZBJAT,Female,0,No,No,2,Yes,Yes,No,No internet service,No internet service,No internet service,No internet service,No internet service,No internet service,Month-to-month,Yes,Mailed check,26.97,74.29,Yes
5965-TDLQV,Male,0,No,No,70,Yes,No,No,No internet service,No internet service,No internet service,No internet service,No internet service,No internet service,Month-to-month,Yes,Credit card (automatic),27.8,1921.06,No
3753-ZZMYN,Male,1,No,No,3,Yes,No,Fiber optic,No,Yes,No,No,No,No,Two year,No,Bank transfer (automatic),78.41,224.55,No
7803-TXDGZ,Female,0,Yes,Yes,49,Yes,No,DSL,No,No,No,Yes,No,No,Month-to-month,Yes,Electronic check,56.48,2784.88,Yes
4945-OJWRE,Male,1,No,No,72,Yes,No,DSL,No,Yes,Yes,No,No,No,Month-to-month,Yes,Mailed check,63.63,4598.86,No
3355-NVKUA,Female,1,Yes,Yes,3,Yes,Yes,DSL,No,Yes,No,Yes,No,Yes,Month-to-month,No,Mailed check,69.43,198.96,Yes
6027-VQEYS,Female,0,Yes,No,40,Yes,No,No,No internet service,No internet service,No internet service,No internet service,No internet service,No internet service,Month-to-month,Yes,Mailed check,30.37,1264.8,Yes
5416-RWFPA,Male,1,No,No,64,Yes,No,DSL,No,No,No,No,Yes,No,One year,Yes,Electronic check,62.09,3970.7,No
3529-RIQJT,Male,0,Yes,Yes,8,Yes,Yes,DSL,No,No,Yes,No,No,Yes,Two year,No,Electronic check,65.12,489.23,No
5606-ZWBWN,Female,1,Yes,Yes,30,Yes,No,DSL,No,No,Yes,No,Yes,No,Month-to-month,Yes,Credit card (automatic),63.15,1877.86,No
3587-USMJO,Female,0,No,No,61,Yes,No,Fiber optic,No,Yes,No,Yes,No,Yes,Two year,No,Credit card (automatic),103.32,6314.06,No
6165-DSWHI,Male,0,No,No,0,Yes,No,No,No internet service,No internet service,No internet service,No internet service,No internet service,No internet service,Month-to-month,No,Electronic check,28.18,14.61,Yes
6219-ONJTQ,Female,1,No,No,21,Yes,Yes,DSL,No,Yes,No,No,Yes,Yes,Month-to-month,Yes,Credit card (automatic),73.3,1572.64,Yes
8762-KRLUP,Male,0,No,No,5,Yes,Yes,Fiber optic,No,No,Yes,No,Yes,Yes,One year,Yes,Bank transfer (automatic),105.61,531.57,No
1303-FXHFK,Female,1,Yes,Yes,16,Yes,Yes,Fiber optic,No,No,Yes,No,No,Yes,One year,No,Bank transfer (automatic),94.43,1542.39,No
4355-LNOTV,Female,0,Yes,No,72,No,No phone service,DSL,No,No,No,Yes,Yes,No,Month-to-month,No,Bank transfer (automatic),56.98,4111.23,No
5314-OPXBP,Female,0,No,No,15,Yes,Yes,No,No internet service,No internet service,No internet service,No internet service,No internet service,No internet service,Month-to-month,Yes,Mailed check,29.33,448.7,Yes
8676-LBYML,Female,0,Yes,Yes,7,No,No phone service,DSL,No,Yes,No,No,No,No,Two year,No,Bank transfer (automatic),50.29,352.25,No
6595-MYFJG,Female,0,Yes,Yes,49,Yes,No,No,No internet service,No internet service,No internet service,No internet service,No internet service,No internet service,One year,No,Electronic check,30.77,1521.49,No
7818-MDMNJ,Female,0,Yes,No,44,Yes,Yes,No,No internet service,No internet service,No internet service,No internet service,No internet service,No internet service,Month-to-month,Yes,Electronic check,25.32,1122.46,Yes
5627-TQFPD,Female,1,No,Yes,55,Yes,Yes,Fiber optic,No,Yes,No,No,No,Yes,Month-to-month,Yes,Electronic check,95.26,5208.55,No
9837-MGLYQ,Female,0,No,No,7,Yes,No,DSL,No,No,No,No,Yes,No,Month-to-month,No,Mailed check,63.24,457.89,Yes
8455-LKHZX,Female,1,No,No,20,Yes,No,DSL,No,No,Yes,Yes,Yes,No,Two year,Yes,Electronic check,72.87,1494.68,No
6724-WRMTN,Female,0,Yes,No,11,Yes,No,Fiber optic,Yes,Yes,Yes,No,Yes,No,Month-to-month,No,Electronic check,101.23,1111.89,Yes
2823-MUDKG,Male,0,Yes,No,13,Yes,Yes,Fiber optic,No,No,No,No,Yes,No,Month-to-month,No,Electronic check,93.05,1168.72,Yes
1670-CCCHS,Female,0,No,No,4,Yes,No,Fiber optic,Yes,Yes,No,Yes,No,No,Two year,Yes,Bank transfer (automatic),92.19,414.91,No
7721-FDQYM,Male,0,Yes,No,23,Yes,Yes,No,No internet service,No internet service,No internet service,No internet service,No internet service,No internet service,Month-to-month,Yes,Electronic check,25.14,568.82,No
3577-VDGIE,Male,0,No,No,25,Yes,No,Fiber optic,No,Yes,No,No,Yes,Yes,Month-to-month,Yes,Mailed check,99.46,2476.51,Yes
5815-CPKGG,Male,0,No,No,11,Yes,No,Fiber optic,No,Yes,No,Yes,No,No,One year,No,Mailed check,91.92,1043.63,No
2915-MFRVF,Female,0,Yes,No,64,Yes,Yes,DSL,No,Yes,No,Yes,Yes,Yes,Month-to-month,Yes,Credit card (automatic),74.98,4808.17,No
1710-UHBGN,Female,0,Yes,Yes,63,Yes,No,No,No internet service,No internet service,No internet service,No internet service,No internet service,No internet service,One year,Yes,Credit card (automatic),24.84,1569.85,No
7017-TXFHD,Male,0,No,No,23,Yes,Yes,Fiber optic,No,Yes,No,No,No,No,One year,No,Credit card (automatic),83.18,1894.5,No
6920-NQNQW,Male,0,No,Yes,7,Yes,No,No,No internet service,No internet service,No internet service,No internet service,No internet service,No internet service,Month-to-month,No,Bank transfer (automatic),24.04,195.34,No
6308-MTVMU,Female,0,Yes,No,0,Yes,No,DSL,No,No,No,Yes,Yes,No,Month-to-month,Yes,Electronic check,60.6,0.0,Yes
5320-JYOCC,Male,0,Yes,No,20,Yes,Yes,Fiber optic,No,Yes,No,Yes,Yes,Yes,One year,Yes,Electronic check,93.12,1843.53,No
9660-AYFEA,Male,0,Yes,Yes,10,Yes,Yes,No,No internet service,No internet service,No internet service,No internet service,No internet service,No internet service,Two year,Yes,Bank transfer (automatic),22.27,224.79,No
7476-XPKPG,Male,0,No,No,65,Yes,No,DSL,No,No,No,No,Yes,Yes,Month-to-month,No,Mailed check,70.74,4608.13,No
1512-LDSGC,Male,0,No,Yes,8,Yes,No,No,No internet service,No internet service,No internet service,No internet service,No internet service,No internet service,Month-to-month,Yes,Mailed check,24.9,196.11,Yes
8487-CLQUA,Male,0,Yes,No,16,Yes,No,Fiber optic,No,No,No,No,Yes,Yes,Month-to-month,Yes,Mailed check,91.81,1472.48,No
2787-MCPGW,Female,0,Yes,No,3,No,No phone service,Fiber optic,No,No,No,No,Yes,Yes,Two year,Yes,Electronic check,84.91,218.99,No
4041-BVAEC,Female,0,No,Yes,19,Yes,No,No,No internet service,No internet service,No internet service,No internet service,No internet service,No internet service,Month-to-month,Yes,Electronic check,25.57,473.53,No
1224-HMBQD,Female,1,Yes,Yes,72,Yes,Yes,DSL,No,Yes,Yes,No,Yes,Yes,One year,Yes,Electronic check,75.64,5439.29,No
8907-SSEXG,Female,0,Yes,No,34,Yes,No,Fiber optic,No,No,Yes,No,Yes,Yes,Month-to-month,No,Electronic check,101.2,3449.94,No
6363-MLGUD,Male,0,Yes,No,13,Yes,Yes,DSL,No,Yes,No,Yes,Yes,Yes,Two year,Yes,Electronic check,81.5,1091.35,No
6667-AQDXD,Male,0,Yes,Yes,8,Yes,Yes,No,No internet service,No internet service,No internet service,No internet service,No internet service,No internet service,Month-to-month,Yes,Electronic check,20.55,142.24,Yes
5164-YQWLQ,Male,0,No,No,25,Yes,Yes,No,No internet service,No internet service,No internet service,No internet service,No internet service,No internet service,Month-to-month,Yes,Mailed check,25.67,637.28,No
3284-ILPPB,Male,1,Yes,Yes,6,Yes,Yes,DSL,No,No,Yes,No,Yes,No,One year,Yes,Electronic check,67.65,406.97,No
2983-ZKCOR,Female,0,Yes,No,59,Yes,Yes,Fiber optic,No,No,No,Yes,Yes,Yes,Two year,Yes,Bank transfer (automatic),98.51,5842.23,No
7877-CDDHH,Female,0,No,No,61,Yes,Yes,DSL,Yes,No,Yes,No,No,No,Month-to-month,No,Electronic check,56.48,3453.85,No
1112-TLGQP,Male,0,No,Yes,36,Yes,No,No,No internet service,No internet service,No internet service,No internet service,No internet service,No internet service,Month-to-month,Yes,Electronic check,28.67,1030.64,No
2348-PPLQY,Male,0,Yes,No,12,Yes,Yes,DSL,No,No,Yes,Yes,No,No,Month-to-month,Yes,Electronic check,59.26,723.03,No
3700-YQAJP,Male,0,Yes,Yes,62,Yes,No,Fiber optic,No,No,No,Yes,Yes,No,Two year,Yes,Mailed check,93.57,5821.47,No
4283-PNOLL,Male,0,No,Yes,71,Yes,No,Fiber optic,No,Yes,No,No,Yes,No,Two year,Yes,Electronic check,93.03,6618.05,No
6786-AQQTF,Female,0,Yes,No,35,Yes,Yes,No,No internet service,No internet service,No internet service,No internet service,No internet service,No internet service,Month-to-month,Yes,Mailed check,21.19,708.0,No
9218-BBGSV,Female,0,No,No,3,Yes,No,Fiber optic,Yes,No,Yes,No,Yes,Yes,Two year,No,Mailed check,100.99,306.22,No
6694-WKLSN,Male,0,No,No,71,Yes,No,Fiber optic,No,No,Yes,No,No,No,Month-to-month,Yes,Credit card (automatic),88.24,6269.45,No
7202-SLTLA,Female,0,Yes,Yes,3,Yes,No,Fiber optic,No,No,No,Yes,Yes,No,One year,Yes,Mailed check,95.8,286.9,Yes
4977-UGPRZ,Female,0,No,No,26,Yes,Yes,DSL,No,Yes,Yes,No,Yes,No,Two year,No,Electronic check,67.41,1752.29,No
8238-VDNEA,Male,0,No,No,72,Yes,No,Fiber optic,Yes,No,No,No,No,Yes,Month-to-month,Yes,Electronic check,89.22,6416.89,No
9268-JQAKY,Male,0,Yes,No,50,Yes,No,DSL,No,No,No,No,Yes,Yes,Month-to-month,Yes,Electronic check,67.73,3385.1,No
3260-XEAFK,Male,0,Yes,Yes,22,Yes,No,No,No internet service,No internet service,No internet service,No internet service,No internet service,No internet service,Month-to-month,Yes,Mailed check,22.04,482.96,Yes
9393-CGDUH,Female,0,No,No,11,No,No phone service,DSL,No,No,No,No,No,No,One year,No,Credit card (automatic),48.12,518.77,No
1804-NGQRS,Male,0,No,No,59,Yes,Yes,Fiber optic,No,Yes,Yes,No,No,No,Month-to-month,No,Mailed check,94.14,5579.9,No
9002-RGTAK,Male,0,Yes,Yes,8,Yes,No,Fiber optic,No,No,No,No,No,Yes,Month-to-month,Yes,Electronic check,88.65,674.9,Yes
6771-BPLTQ,Male,1,No,No,6,Yes,No,Fiber optic,Yes,Yes,No,No,No,No,Two year,No,Electronic check,91.4,558.09,Yes
3318-HFCCW,Female,0,Yes,Yes,8,Yes,Yes,Fiber optic,No,No,No,No,No,No,One year,Yes,Bank transfer (automatic),82.24,647.81,Yes
7031-SYMIJ,Female,0,No,No,2,Yes,Yes,Fiber optic,No,Yes,Yes,Yes,Yes,Yes,Month-to-month,Yes,Mailed check,108.61,205.12,Yes
8524-PPERO,Female,0,No,No,24,Yes,Yes,No,No internet service,No internet service,No internet service,No internet service,No internet service,No internet service,Month-to-month,Yes,Electronic check,27.23,631.52,No
1984-KUGCK,Female,1,Yes,Yes,1,Yes,No,No,No internet service,No internet service,No internet service,No internet service,No internet service,No internet service,Month-to-month,No,Mailed check,25.52,0.0,No
8599-HUTDW,Female,0,Yes,Yes,47,No,No phone service,DSL,No,No,Yes,No,No,No,Two year,Yes,Credit card (automatic),47.15,2231.5,No
8387-SFIDV,Male,0,Yes,No,72,No,No phone service,No,No internet service,No internet service,No internet service,No internet service,No internet service,No internet service,Two year,Yes,Mailed check,18.94,1383.7,No
7648-AGNDR,Male,0,Yes,Yes,8,Yes,No,DSL,No,Yes,No,No,Yes,No,Two year,No,Bank transfer (automatic),64.81,498.94,No
3592-ZDYCW,Male,0,Yes,No,30,Yes,No,No,No internet service,No internet service,No internet service,No internet service,No internet service,No internet service,Month-to-month,No,Credit card (automatic),26.2,796.7,No
5678-ANNCP,Male,0,Yes,Yes,49,Yes,Yes,Fiber optic,Yes,No,Yes,No,Yes,Yes,Month-to-month,Yes,Bank transfer (automatic),104.79,5143.79,No
8498-RGDAS,Male,0,No,No,18,Yes,No,Fiber optic,Yes,No,Yes,No,No,No,Month-to-month,No,Bank transfer (automatic),85.56,1494.31,Yes
8745-GQKVV,Female,1,No,Yes,40,Yes,Yes,Fiber optic,No,No,No,Yes,Yes,No,Month-to-month,Yes,Mailed check,91.28,3649.64,No
7519-JUYBG,Male,0,No,No,64,Yes,Yes,DSL,Yes,Yes,Yes,Yes,Yes,Yes,One year,Yes,Mailed check,84.07,5365.27,No
7302-FYRLX,Male,0,No,No,1,Yes,No,DSL,No,No,No,Yes,No,No,Month-to-month,Yes,Electronic check,56.94,43.68,Yes
8919-EFTVR,Male,0,Yes,Yes,29,Yes,Yes,DSL,Yes,No,Yes,Yes,No,No,Month-to-month,Yes,Electronic check,58.99,1674.41,No
6089-EHCEV,Male,0,Yes,Yes,21,Yes,No,No,No internet service,No internet service,No internet service,No internet service,No internet service,No internet service,Month-to-month,Yes,Mailed check,25.76,521.36,No
3141-ZLGCX,Male,0,Yes,No,20,Yes,Yes,DSL,No,No,No,Yes,No,Yes,Two year,Yes,Electronic check,58.6,1175.09,No
3432-MSKKF,Male,0,No,No,69,Yes,No,No,No internet service,No internet service,No internet service,No internet service,No internet service,No internet service,Two year,Yes,Credit card (automatic),27.1,1866.62,No
5760-BJLVH,Female,0,No,No,50,Yes,Yes,Fiber optic,No,Yes,No,No,No,No,Month-to-month,No,Electronic check,89.78,4482.78,No
5332-IIMWW,Male,0,Yes,No,1,Yes,Yes,Fiber optic,Yes,No,No,No,No,Yes,Month-to-month,Yes,Electronic check,95.98,85.95,Yes
3268-ALRAC,Male,0,Yes,Yes,64,No,No phone service,No,No internet service,No internet service,No internet service,No internet service,No internet service,No internet service,Month-to-month,No,Electronic check,23.88,1524.46,No
9148-OGKUH,Male,1,Yes,Yes,17,Yes,No,Fiber optic,No,No,No,No,No,No,Month-to-month,No,Credit card (automatic),86.17,1458.4,Yes
1004-WSAEK,Female,0,Yes,Yes,72,Yes,No,Fiber optic,Yes,No,Yes,No,Yes,Yes,Month-to-month,Yes,Mailed check,101.17,7271.64,No
9151-SEOZP,Female,0,No,No,19,Yes,No,Fiber optic,No,No,Yes,Yes,No,No,Two year,No,Electronic check,99.05,1867.63,No
6846-AJJIH,Male,0,No,No,58,Yes,Yes,DSL,Yes,No,No,Yes,Yes,No,Two year,Yes,Credit card (automatic),69.41,4044.46,No
6403-UPCUI,Male,0,Yes,Yes,72,Yes,No,Fiber optic,Yes,No,No,No,Yes,No,Month-to-month,Yes,Mailed check,93.38,6679.16,No
7073-WYPJQ,Male,0,No,No,71,Yes,No,No,No internet service,No internet service,No internet service,No internet service,No internet service,No internet service,Month-to-month,Yes,Electronic check,22.53,1605.51,No
8891-COTTS,Male,0,Yes,No,6,Yes,No,Fiber optic,No,Yes,No,No,Yes,Yes,Month-to-month,Yes,Credit card (automatic),102.06,617.11,Yes
9610-KHQOB,Male,0,Yes,No,63,Yes,Yes,Fiber optic,No,No,Yes,Yes,No,Yes,Month-to-month,No,Credit card (automatic),98.18,6193.68,No
7426-XRLXE,Female,0,Yes,Yes,9,Yes,No,DSL,Yes,Yes,No,No,Yes,Yes,Two year,Yes,Electronic check,78.07,700.93,No
3174-YQATW,Male,0,No,No,68,Yes,No,Fiber optic,No,Yes,No,Yes,No,No,Two year,Yes,Mailed check,91.07,6169.03,No
8238-PIZJN,Male,0,Yes,Yes,19,Yes,No,DSL,No,Yes,Yes,No,No,No,One year,Yes,Mailed check,58.26,1105.56,No
1251-LGQCS,Female,0,Yes,No,19,Yes,No,DSL,No,No,Yes,No,No,No,One year,Yes,Credit card (automatic),53.1,1012.95,No
4918-IWPOV,Male,0,Yes,Yes,30,No,No phone service,No,No internet service,No internet service,No internet service,No internet service,No internet service,No internet service,Month-to-month,No,Bank transfer (automatic),20.87,632.93,No
7889-ZUNWP,Female,1,No,No,72,Yes,No,No,No internet service,No internet service,No internet service,No internet service,No internet service,No internet service,Month-to-month,Yes,Electronic check,20.58,1502.1,No
5937-DYEUT,Male,1,No,No,34,Yes,No,DSL,No,No,Yes,Yes,Yes,No,One year,Yes,Bank transfer (automatic),61.14,2102.37,No
4040-LKCFD,Female,0,No,No,63,Yes,No,Fiber optic,No,No,Yes,No,Yes,No,Two year,Yes,Credit card (automatic),90.71,5764.73,No
3524-RZVCB,Male,0,No,No,28,Yes,No,No,No internet service,No internet service,No internet service,No internet service,No internet service,No internet service,One year,Yes,Mailed check,27.57,789.88,No
7548-DZSOM,Male,1,No,No,68,Yes,Yes,DSL,No,No,No,Yes,No,Yes,One year,Yes,Credit card (automatic),65.85,4487.21,No
3399-CJEEM,Male,0,No,No,1,Yes,No,DSL,No,Yes,No,No,No,Yes,Month-to-month,Yes,Credit card (automatic),70.23,65.78,Yes
1528-CVFEA,Female,0,No,No,8,Yes,No,Fiber optic,No,Yes,Yes,No,Yes,No,One year,No,Mailed check,96.05,776.41,No
7555-ATWRW,Female,0,Yes,Yes,5,Yes,Yes,DSL,No,Yes,No,No,Yes,No,Two year,Yes,Bank transfer (automatic),60.84,294.36,No
1967-CTXKN,Male,1,No,No,14,Yes,Yes,Fiber optic,Yes,No,No,No,No,No,Two year,Yes,Mailed check,87.91,1200.49,No
6597-AODFK,Female,0,Yes,Yes,69,Yes,No,DSL,No,No,Yes,No,No,Yes,Two year,Yes,Mailed check,61.16,4236.56,No
6040-ENCTI,Female,1,Yes,Yes,2,Yes,Yes,DSL,No,No,No,Yes,Yes,No,Two year,Yes,Mailed check,61.79,131.15,Yes
1064-LFKJO,Male,0,No,No,8,Yes,No,Fiber optic,No,No,No,No,Yes,No,Two year,Yes,Mailed check,87.18,698.97,Yes
4823-SOMSK,Female,0,Yes,No,71,Yes,Yes,No,No internet service,No internet service,No internet service,No internet service,No internet service,No internet service,Two year,Yes,Bank transfer (automatic),25.41,1829.66,No
5802-MFTJY,Female,0,No,No,60,Yes,Yes,Fiber optic,Yes,No,Yes,Yes,Yes,Yes,Month-to-month,No,Electronic check,109.18,6568.18,No
9587-JRBWW,Male,0,No,No,9,No,No phone service,DSL,No,No,No,No,No,Yes,Month-to-month,Yes,Electronic check,56.05,496.99,Yes
3927-MKEDG,Male,0,No,No,2,Yes,No,Fiber optic,No,No,No,No,No,No,One year,No,Electronic check,85.51,172.33,No
1132-EPHMO,Female,0,Yes,Yes,11,Yes,No,Fiber optic,No,No,No,No,Yes,Yes,Two year,Yes,Bank transfer (automatic),93.58,1026.02,No
8698-CEEHK,Female,0,No,Yes,63,No,No phone service,Fiber optic,No,Yes,Yes,No,Yes,No,Two year,No,Credit card (automatic),88.76,5613.16,No
4631-FHUFO,Male,0,Yes,Yes,20,Yes,No,Fiber optic,Yes,Yes,No,Yes,No,No,Two year,Yes,Electronic check,96.02,1918.77,No
3371-NZUSI,Male,0,Yes,Yes,13,Yes,Yes,DSL,No,No,No,Yes,No,No,Month-to-month,No,Electronic check,56.65,739.37,No
1377-SLUMU,Female,0,Yes,No,61,Yes,Yes,Fiber optic,No,No,Yes,No,No,No,Month-to-month,Yes,Electronic check,90.14,5487.54,No
9499-MEAAP,Male,0,No,Yes,21,Yes,No,Fiber optic,Yes,No,No,No,Yes,No,One year,Yes,Credit card (automatic),91.13,1897.05,No
5950-AZZES,Male,0,Yes,Yes,5,Yes,Yes,Fiber optic,No,No,Yes,Yes,No,Yes,Month-to-month,No,Mailed check,93.77,512.47,Yes
2372-APMTW,Female,0,No,No,4,Yes,No,Fiber optic,No,Yes,No,No,Yes,No,Month-to-month,Yes,Mailed check,91.94,403.16,Yes
8335-JDJDU,Female,0,Yes,Yes,70,Yes,No,DSL,Yes,No,No,Yes,No,Yes,Two year,Yes,Credit card (automatic),66.59,4695.36,No
3164-LXXUW,Female,0,No,No,4,Yes,Yes,Fiber optic,No,No,Yes,Yes,No,No,Month-to-month,Yes,Electronic check,88.11,365.99,Yes
7985-AURQM,Female,0,No,No,3,Yes,No,DSL,Yes,No,No,No,No,No,Month-to-month,Yes,Credit card (automatic),62.98,203.59,No
2770-VESUY,Male,0,Yes,Yes,2,Yes,No,No,No internet service,No internet service,No internet service,No internet service,No internet service,No internet service,Two year,Yes,Mailed check,22.73,55.11,No
7831-HQSCQ,Female,1,Yes,Yes,58,Yes,Yes,Fiber optic,No,No,No,No,Yes,Yes,Month-to-month,No,Electronic check,99.8,5795.98,Yes
1598-OLLNH,Female,0,No,No,47,Yes,No,Fiber optic,No,No,No,No,Yes,Yes,One year,No,Electronic check,90.17,4240.73,No
1206-VYDVB,Male,0,No,No,26,Yes,No,No,No internet service,No internet service,No internet service,No internet service,No internet service,No internet service,Month-to-month,Yes,Bank transfer (automatic),27.52,692.27,No
9576-JZHAO,Male,0,Yes,No,66,Yes,No,DSL,No,No,No,No,No,No,Month-to-month,Yes,Mailed check,49.87,3295.4,No
8209-BPGEQ,Male,0,Yes,Yes,14,Yes,No,DSL,Yes,No,Yes,No,Yes,No,Month-to-month,No,Electronic check,68.06,921.07,No
9244-NOVKK,Female,0,Yes,Yes,10,No,No phone service,Fiber optic,No,Yes,Yes,No,No,No,Month-to-month,No,Mailed check,79.91,805.67,No
7935-FXHCF,Male,0,Yes,No,64,Yes,No,Fiber optic,No,No,Yes,No,No,Yes,Month-to-month,Yes,Credit card (automatic),97.89,6256.61,Yes
5488-KANZI,Male,0,No,No,8,Yes,Yes,DSL,Yes,No,Yes,No,Yes,No,One year,Yes,Bank transfer (automatic),66.02,559.76,Yes
3618-TVRWO,Male,0,No,No,32,Yes,No,Fiber optic,No,No,No,No,No,Yes,Month-to-month,No,Mailed check,92.73,2953.81,No
8939-RUXMJ,Male,0,No,No,1,Yes,No,DSL,No,Yes,Yes,No,No,No,One year,Yes,Electronic check,60.54,90.18,Yes
7294-IOEDI,Female,0,Yes,Yes,72,Yes,No,Fiber optic,No,No,No,No,No,Yes,Month-to-month,No,Electronic check,83.68,6008.43,Yes
4483-XPDCK,Male,1,Yes,Yes,72,Yes,No,DSL,Yes,Yes,Yes,Yes,Yes,No,Month-to-month,Yes,Electronic check,82.74,5945.73,No
7850-IOTEX,Male,0,No,No,8,Yes,No,DSL,No,Yes,No,No,No,No,Month-to-month,Yes,Electronic check,51.53,385.56,No
5037-KHCSQ,Male,0,No,Yes,30,Yes,No,DSL,No,Yes,No,No,No,Yes,Month-to-month,Yes,Mailed check,68.25,2040.77,No
4938-UGZFZ,Male,0,Yes,Yes,17,Yes,Yes,DSL,Yes,No,No,No,Yes,No,Two year,No,Electronic check,59.52,1025.11,No
8136-MQGFB,Female,0,Yes,No,23,Yes,No,Fiber optic,No,No,No,No,No,No,Month-to-month,Yes,Electronic check,82.12,1894.29,Yes
8764-ELMGU,Female,1,No,No,21,Yes,Yes,DSL,No,No,No,No,No,No,Month-to-month,No,Mailed check,53.36,1158.92,No
6055-YPZDZ,Female,0,No,No,9,Yes,No,No,No internet service,No internet service,No internet service,No internet service,No internet service,No internet service,One year,Yes,Bank transfer (automatic),22.31,181.5,No
5093-TNJGD,Female,0,No,No,55,Yes,No,No,No internet service,No internet service,No internet service,No internet service,No internet service,No internet service,One year,Yes,Bank transfer (automatic),22.89,1257.26,No
4918-NIXPO,Male,0,Yes,Yes,59,Yes,No,No,No internet service,No internet service,No internet service,No internet service,No internet service,No internet service,Two year,Yes,Electronic check,27.12,1594.94,No
7043-XJNIH,Female,1,Yes,No,57,No,No phone service,DSL,No,No,No,No,Yes,Yes,Two year,Yes,Credit card (automatic),62.32,3544.57,No
1600-KNEIT,Female,0,No,No,13,Yes,Yes,DSL,No,No,No,Yes,No,No,Month-to-month,Yes,Electronic check,60.48,784.27,Yes
4238-MEDIT,Male,0,No,No,6,Yes,No,DSL,No,No,No,No,Yes,No,Month-to-month,Yes,Bank transfer (automatic),59.78,371.14,Yes
9089-KCMZC,Male,0,Yes,No,28,Yes,Yes,No,No internet service,No internet service,No internet service,No internet service,No internet service,No internet service,One year,No,Mailed check,19.09,514.9,No
6087-QORKA,Female,0,No,No,56,Yes,Yes,Fiber optic,Yes,Yes,No,No,No,Yes,Month-to-month,No,Electronic check,100.63,5648.52,No
2221-RHKKN,Female,0,No,Yes,18,Yes,No,DSL,No,Yes,No,No,Yes,No,Two year,Yes,Electronic check,65.59,1185.09,No
3473-PDOOO,Female,0,Yes,Yes,2,Yes,No,Fiber optic,No,No,Yes,No,No,Yes,One year,Yes,Electronic check,96.63,215.48,Yes
5460-YMFQG,Male,1,No,No,2,No,No phone service,DSL,No,No,No,No,Yes,Yes,One year,No,Bank transfer (automatic),62.47,173.87,No
9258-GQQJP,Female,0,No,No,57,Yes,Yes,Fiber optic,No,No,Yes,Yes,No,No,Month-to-month,No,Mailed check,86.52,4915.71,No
2955-NHKOT,Male,1,Yes,No,34,Yes,No,No,No internet service,No internet service,No internet service,No internet service,No internet service,No internet service,One year,Yes,Bank transfer (automatic),25.14,888.14,No
2662-JCJCM,Female,0,No,No,26,Yes,No,No,No internet service,No internet service,No internet service,No internet service,No internet service,No internet service,One year,No,Electronic check,20.35,533.18,No
4613-CFWMY,Male,0,Yes,Yes,57,No,No phone service,Fiber optic,No,Yes,Yes,Yes,Yes,Yes,One year,No,Credit card (automatic),102.72,5845.38,No
9908-PFINI,Male,1,No,No,45,Yes,No,DSL,No,No,No,Yes,No,No,Month-to-month,Yes,Credit card (automatic),54.18,2391.02,No
7321-IHNYA,Male,1,Yes,Yes,4,Yes,No,No,No internet service,No internet service,No internet service,No internet service,No internet service,No internet service,One year,Yes,Mailed check,26.05,98.48,No
3695-ZVNHW,Male,0,Yes,Yes,8,Yes,No,No,No internet service,No internet service,No internet service,No internet service,No internet service,No internet service,One year,No,Credit card (automatic),24.52,182.92,No
6507-QYXVC,Male,0,Yes,Yes,72,Yes,No,Fiber optic,No,No,No,No,No,No,Month-to-month,Yes,Electronic check,84.98,6141.66,No
3841-XNKHT,Female,0,No,No,58,Yes,No,Fiber optic,No,Yes,No,Yes,No,Yes,Month-to-month,No,Electronic check,90.56,5262.76,No
2091-ISZBG,Male,0,No,No,8,Yes,No,Fiber optic,No,No,No,No,Yes,No,Month-to-month,Yes,Electronic check,88.31,691.12,No
2627-GRTEN,Female,0,No,No,59,Yes,Yes,Fiber optic,No,No,Yes,Yes,Yes,No,Month-to-month,No,Electronic check,104.8,6133.2,Yes
3700-OLKWG,Male,0,No,No,16,Yes,Yes,No,No internet service,No internet service,No internet service,No internet service,No internet service,No internet service,One year,Yes,Electronic check,25.16,372.73,No
9651-TJIMO,Female,0,No,No,18,Yes,No,No,No internet service,No internet service,No internet service,No internet service,No internet service,No internet service,Month-to-month,Yes,Credit card (automatic),24.82,433.17,No
5273-AOVOF,Male,1,No,Yes,13,Yes,No,Fiber optic,No,No,Yes,Yes,Yes,Yes,Month-to-month,Yes,Mailed check,111.91,1476.15,Yes
2086-AXIBO,Female,0,No,No,48,Yes,Yes,DSL,No,No,No,No,No,No,Month-to-month,No,Mailed check,47.06,2273.28,No
7638-ONBZT,Male,0,No,No,6,Yes,Yes,Fiber optic,No,No,Yes,No,Yes,No,Month-to-month,Yes,Electronic check,89.87,508.8,Yes
8723-UQNOJ,Male,0,Yes,Yes,4,Yes,No,DSL,No,No,No,No,Yes,No,Month-to-month,No,Credit card (automatic),58.03,260.71,Yes
5484-YGDVO,Female,0,No,No,14,Yes,No,No,No internet service,No internet service,No internet service,No internet service,No internet service,No internet service,One year,Yes,Credit card (automatic),23.92,346.9,No
4163-RMFYS,Male,0,Yes,No,72,Yes,Yes,DSL,No,No,Yes,No,No,Yes,One year,No,Mailed check,65.11,4675.3,No
8820-CSISC,Male,0,Yes,Yes,3,Yes,Yes,Fiber optic,No,No,No,Yes,Yes,Yes,One year,No,Electronic check,98.77,282.4,Yes
7612-PSTOH,Male,0,Yes,Yes,35,Yes,Yes,DSL,No,No,No,Yes,No,No,Two year,Yes,Bank transfer (automatic),58.7,2068.23,No
4882-TSOQL,Male,1,Yes,Yes,4,Yes,No,Fiber optic,No,No,No,No,No,Yes,Month-to-month,No,Bank transfer (automatic),80.2,317.11,Yes
3265-GGTDK,Female,1,Yes,Yes,30,Yes,No,Fiber optic,Yes,No,No,No,Yes,No,One year,Yes,Mailed check,92.47,2771.96,No
1948-PQMHF,Male,1,Yes,Yes,16,Yes,No,No,No internet service,No internet service,No internet service,No internet service,No internet service,No internet service,Two year,No,Electronic check,26.5,427.37,No
6867-QGJOI,Male,0,No,No,26,Yes,No,Fiber optic,No,No,No,No,No,No,Month-to-month,No,Electronic check,77.63,1968.38,Yes
2067-TCEKC,Female,0,No,No,4,Yes,Yes,DSL,No,No,Yes,No,Yes,No,Month-to-month,No,Mailed check,62.5,275.17,Yes
1370-LFLMM,Male,0,Yes,Yes,72,Yes,No,Fiber optic,No,No,Yes,No,No,No,Month-to-month,Yes,Electronic check,82.83,5979.41,Yes
5923-NUKTK,Male,0,Yes,Yes,15,Yes,No,No,No internet service,No internet service,No internet service,No internet service,No internet service,No internet service,Two year,No,Mailed check,26.56,392.12,No
7932-SECDE,Female,0,Yes,Yes,10,Yes,Yes,DSL,Yes,No,Yes,No,No,No,Month-to-month,No,Mailed check,56.92,546.72,No
3387-KQVLC,Female,0,No,No,6,Yes,No,DSL,Yes,Yes,Yes,Yes,Yes,No,Month-to-month,No,Mailed check,76.36,470.75,No
9077-NMMAT,Female,0,No,No,40,Yes,No,Fiber optic,No,No,No,No,Yes,No,Month-to-month,Yes,Credit card (automatic),87.07,3495.61,No
6288-NBAVV,Female,0,Yes,No,5,Yes,Yes,DSL,No,Yes,Yes,No,No,Yes,Two year,Yes,Mailed check,65.76,338.84,No
8557-GPNMJ,Male,0,Yes,No,51,No,No phone service,DSL,No,No,Yes,No,No,No,Month-to-month,No,Mailed check,52.16,2642.76,No
1560-OIPHG,Female,0,Yes,Yes,0,Yes,No,DSL,Yes,No,No,No,No,No,Month-to-month,Yes,Bank transfer (automatic),55.91,0.0,No
8009-UPDAR,Male,0,Yes,No,18,No,No phone service,No,No internet service,No internet service,No internet service,No internet service,No internet service,No internet service,Month-to-month,Yes,Electronic check,18.61,320.73,No
1494-SZEGY,Female,0,Yes,Yes,71,Yes,No,Fiber optic,No,No,Yes,No,No,No,Two year,No,Bank transfer (automatic),82.83,5882.8,No
1605-NIOPU,Male,0,Yes,Yes,62,Yes,No,DSL,No,Yes,No,No,Yes,No,Two year,Yes,Credit card (automatic),68.51,4254.54,No
2055-NHZDB,Female,0,Yes,No,47,Yes,Yes,DSL,No,Yes,Yes,Yes,Yes,Yes,Month-to-month,Yes,Bank transfer (automatic),76.88,3637.09,No
9125-EDNBC,Female,1,Yes,Yes,26,Yes,No,DSL,No,No,Yes,No,No,No,Month-to-month,Yes,Electronic check,51.83,1346.99,Yes
9903-PVKSC,Male,0,No,Yes,24,Yes,Yes,Fiber optic,Yes,No,No,No,No,No,Month-to-month,Yes,Electronic check,79.57,1907.98,Yes
3886-ITGKV,Male,0,Yes,Yes,6,Yes,No,Fiber optic,No,No,No,No,No,No,One year,Yes,Credit card (automatic),83.74,514.48,No
1568-VSIKZ,Male,0,No,No,11,Yes,Yes,Fiber optic,No,Yes,No,No,Yes,No,Month-to-month,Yes,Credit card (automatic),88.03,973.29,Yes
4452-KQPBB,Male,0,Yes,Yes,15,Yes,No,Fiber optic,No,Yes,Yes,Yes,Yes,Yes,Month-to-month,Yes,Bank transfer (automatic),110.54,1704.57,Yes
8446-JDULS,Female,1,Yes,No,15,Yes,No,Fiber optic,Yes,No,Yes,No,No,No,One year,Yes,Electronic check,92.79,1341.85,No
7352-EIYDL,Female,0,No,No,29,Yes,No,DSL,No,No,No,Yes,Yes,Yes,Two year,No,Credit card (automatic),68.23,2004.33,No
7977-IGOIV,Male,0,Yes,Yes,56,Yes,Yes,Fiber optic,No,Yes,No,Yes,Yes,No,Two year,No,Mailed check,97.12,5393.51,No
7330-XGFAM,Female,0,Yes,Yes,8,Yes,No,Fiber optic,Yes,No,No,No,Yes,No,Month-to-month,Yes,Credit card (automatic),95.82,781.4,No
2788-LHUJF,Male,0,Yes,No,13,Yes,No,Fiber optic,Yes,No,Yes,Yes,No,Yes,Month-to-month,Yes,Electronic check,106.9,1386.6,Yes
9088-APQKS,Male,0,Yes,Yes,2,Yes,No,Fiber optic,Yes,Yes,No,Yes,No,No,One year,Yes,Electronic check,93.53,185.98,Yes
8034-AYEDC,Female,0,Yes,Yes,6,Yes,Yes,DSL,Yes,No,No,No,Yes,Yes,Month-to-month,No,Electronic check,70.35,429.91,Yes
7144-ESOFK,Male,0,Yes,No,44,Yes,Yes,Fiber optic,No,No,No,Yes,No,No,Month-to-month,No,Bank transfer (automatic),82.39,3648.69,Yes
7553-LRVUY,Female,0,Yes,No,72,Yes,No,No,No internet service,No internet service,No internet service,No internet service,No internet service,No internet service,Two year,Yes,Electronic check,24.44,1722.42,No
4445-SZYZI,Female,0,No,No,21,Yes,Yes,No,No internet service,No internet service,No internet service,No internet service,No internet service,No internet service,Two year,Yes,Bank transfer (automatic),27.46,602.82,No
7765-WEYZX,Female,1,No,No,59,Yes,Yes,Fiber optic,No,No,No,Yes,No,Yes,One year,Yes,Electronic check,96.55,5729.82,No
2884-OQXDQ,Female,0,No,Yes,65,Yes,No,Fiber optic,No,No,Yes,No,Yes,No,Month-to-month,Yes,Bank transfer (automatic),89.67,5819.44,No
7398-TPVBY,Male,0,No,No,2,No,No phone service,DSL,No,Yes,Yes,No,No,No,Month-to-month,Yes,Electronic check,53.76,78.18,No
9409-JKJQW,Female,0,No,No,38,Yes,Yes,Fiber optic,No,Yes,No,Yes,Yes,No,Two year,No,Mailed check,92.02,3496.7,No
3794-GIORB,Female,0,No,No,59,Yes,Yes,Fiber optic,No,No,No,No,No,No,Month-to-month,Yes,Electronic check,87.8,5183.25,No
3305-XKCHC,Male,0,No,No,66,Yes,Yes,No,No internet service,No internet service,No internet service,No internet service,No internet service,No internet service,Month-to-month,Yes,Electronic check,18.25,1208.86,No
1799-GOJKF,Female,0,Yes,No,67,Yes,No,Fiber optic,No,No,No,No,Yes,No,Month-to-month,Yes,Electronic check,90.44,6059.24,No
1711-TRIBV,Female,0,Yes,No,55,Yes,Yes,Fiber optic,No,No,No,Yes,No,No,One year,No,Credit card (automatic),86.34,4783.81,No
6071-JXVAZ,Female,0,No,No,6,Yes,No,DSL,Yes,No,No,No,No,No,Month-to-month,No,Credit card (automatic),54.96,333.34,No
2329-FIAOQ,Male,0,No,No,27,Yes,No,DSL,No,No,Yes,Yes,No,Yes,Month-to-month,Yes,Bank transfer (automatic),61.15,1634.35,No
2066-AHNCD,Male,0,No,No,13,Yes,Yes,No,No internet service,No internet service,No internet service,No internet service,No internet service,No internet service,Month-to-month,Yes,Electronic check,23.89,326.52,No
7834-VNJZS,Female,0,No,No,43,Yes,No,Fiber optic,Yes,No,No,No,Yes,Yes,One year,No,Bank transfer (automatic),100.87,4331.21,No
3670-HHSDY,Female,0,No,No,23,Yes,No,No,No internet service,No internet service,No internet service,No internet service,No internet service,No internet service,Two year,Yes,Bank transfer (automatic),24.24,575.52,No
4596-SNXZN,Male,0,No,No,6,Yes,Yes,No,No internet service,No internet service,No internet service,No internet service,No internet service,No internet service,Month-to-month,Yes,Credit card (automatic),26.62,158.86,Yes
9946-MSYBK,Female,1,Yes,No,3,Yes,Yes,Fiber optic,Yes,No,No,No,Yes,No,Month-to-month,No,Electronic check,95.15,293.32,Yes
9081-PHGNO,Male,0,Yes,Yes,25,Yes,Yes,Fiber optic,Yes,No,Yes,No,Yes,Yes,Two year,No,Credit card (automatic),100.3,2510.77,No
3301-MWMBB,Male,0,Yes,Yes,2,Yes,No,Fiber optic,No,No,No,No,Yes,No,Month-to-month,Yes,Credit card (automatic),89.12,142.88,Yes
6097-ZYBMM,Male,0,No,No,58,Yes,Yes,DSL,Yes,No,No,No,Yes,No,Month-to-month,Yes,Bank transfer (automatic),63.63,3725.4,No
8780-DLIOB,Female,0,No,No,59,Yes,No,DSL,No,No,Yes,No,No,No,Month-to-month,Yes,Mailed check,47.12,2798.52,Yes
9580-ONAYK,Female,1,No,No,61,Yes,Yes,DSL,No,Yes,Yes,No,No,No,Month-to-month,Yes,Electronic check,64.63,3938.57,Yes
5593-YAUWP,Male,0,Yes,Yes,10,Yes,Yes,Fiber optic,No,No,Yes,No,No,No,Month-to-month,No,Electronic check,84.64,821.47,No
9307-ARAAT,Female,0,No,No,70,Yes,Yes,Fiber optic,No,No,No,No,Yes,No,Month-to-month,No,Mailed check,84.08,5876.11,No
9809-ELVNU,Male,0,Yes,No,0,Yes,Yes,Fiber optic,No,No,No,No,No,No,Month-to-month,Yes,Electronic check,84.25,3.8,Yes
2353-KOIWP,Female,1,No,No,56,Yes,No,Fiber optic,Yes,No,No,No,No,No,Month-to-month,No,Bank transfer (automatic),85.01,4766.1,No
5483-CELLU,Male,0,Yes,Yes,57,Yes,Yes,Fiber optic,No,Yes,No,No,No,Yes,Month-to-month,No,Bank transfer (automatic),86.11,4940.33,No
2065-QXVSM,Female,0,No,No,39,Yes,No,Fiber optic,No,No,Yes,No,No,No,Month-to-month,No,Bank transfer (automatic),86.97,3395.25,Yes
2480-QCUFM,Male,1,Yes,No,64,Yes,No,DSL,No,No,Yes,No,Yes,No,Two year,Yes,Bank transfer (automatic),67.14,4292.76,No
4849-MFECH,Male,0,No,No,61,No,No phone service,Fiber optic,Yes,No,No,Yes,No,Yes,One year,No,Electronic check,91.33,5563.96,No
5146-JCUBM,Male,0,No,No,62,Yes,No,Fiber optic,Yes,Yes,Yes,No,No,No,Two year,No,Electronic check,97.81,6081.67,No
8119-HMKWS,Female,0,No,No,29,Yes,No,DSL,No,Yes,No,No,No,No,Two year,Yes,Electronic check,56.17,1578.93,No
2523-JYRVK,Male,0,No,No,72,Yes,Yes,No,No internet service,No internet service,No internet service,No internet service,No internet service,No internet service,Month-to-month,Yes,Bank transfer (automatic),24.3,1759.81,No
1432-ZJETC,Male,0,No,No,0,Yes,No,DSL,No,No,No,No,Yes,No,Two year,Yes,Bank transfer (automatic),53.02,0.0,No
6899-XAUKX,Female,0,No,No,11,No,No phone service,DSL,Yes,No,Yes,No,No,No,Month-to-month,Yes,Electronic check,52.1,584.17,Yes
2512-PYJCY,Female,0,Yes,No,72,Yes,No,DSL,No,No,Yes,No,No,No,Month-to-month,No,Electronic check,62.02,4459.88,No
4476-TZTTS,Female,0,Yes,Yes,72,Yes,Yes,No,No internet service,No internet service,No internet service,No internet service,No internet service,No internet service,Month-to-month,Yes,Mailed check,26.43,1903.31,No
6581-MIKFD,Female,1,Yes,Yes,23,No,No phone service,DSL,No,Yes,No,Yes,No,No,Month-to-month,No,Credit card (automatic),55.7,1288.5,No
5246-ZUXFL,Female,0,Yes,No,70,Yes,No,DSL,No,No,No,No,Yes,No,Month-to-month,Yes,Mailed check,54.85,3856.16,Yes
3179-MDHBE,Female,0,Yes,Yes,58,Yes,Yes,Fiber optic,No,Yes,No,No,No,Yes,Two year,Yes,Mailed check,97.67,5614.86,No
2198-UMWIB,Female,0,No,Yes,24,Yes,Yes,No,No internet service,No internet service,No internet service,No internet service,No internet service,No internet service,Month-to-month,No,Mailed check,25.63,602.18,No
1610-WPHMB,Female,0,No,No,18,Yes,No,Fiber optic,No,No,No,No,No,No,Month-to-month,No,Credit card (automatic),77.73,1408.47,Yes
4685-ZZGEU,Female,0,No,Yes,5,Yes,No,Fiber optic,No,Yes,No,No,Yes,Yes,One year,Yes,Electronic check,97.81,511.03,Yes
9181-EDOZN,Male,1,No,No,71,Yes,No,DSL,Yes,Yes,No,No,No,Yes,Month-to-month,Yes,Electronic check,69.69,4962.65,No
6108-EWAQR,Female,0,No,No,25,Yes,Yes,DSL,No,Yes,Yes,No,Yes,No,One year,No,Mailed check,65.12,1604.61,No
2617-HTRXK,Male,0,No,No,6,Yes,Yes,Fiber optic,No,Yes,No,Yes,No,No,Month-to-month,Yes,Credit card (automatic),89.92,515.46,Yes
1282-VUGRV,Female,0,No,No,19,Yes,No,No,No internet service,No internet service,No internet service,No internet service,No internet service,No internet service,Two year,No,Bank transfer (automatic),23.72,429.44,No
7163-AAAHT,Female,0,No,No,65,No,No phone service,DSL,No,No,Yes,No,Yes,Yes,One year,Yes,Mailed check,60.07,3889.82,No
8441-FOUNB,Male,0,Yes,Yes,0,No,No phone service,Fiber optic,Yes,No,Yes,Yes,No,No,Two year,Yes,Bank transfer (automatic),87.37,0.0,No
3428-NAIVO,Male,0,Yes,No,4,Yes,No,No,No internet service,No internet service,No internet service,No internet service,No internet service,No internet service,Month-to-month,Yes,Mailed check,24.79,117.27,Yes
8598-XWJJN,Male,1,No,No,20,Yes,No,DSL,No,No,No,No,No,No,One year,No,Electronic check,53.15,1061.32,No
2444-ACMFA,Male,0,No,No,42,Yes,Yes,Fiber optic,No,Yes,No,No,No,No,Month-to-month,Yes,Bank transfer (automatic),87.89,3712.31,No
4893-JOGNC,Female,0,No,No,12,Yes,No,No,No internet service,No internet service,No internet service,No internet service,No internet service,No internet service,Month-to-month,No,Bank transfer (automatic),26.15,301.88,No
1432-IUGNE,Male,0,No,No,0,Yes,Yes,No,No internet service,No internet service,No internet service,No internet service,No internet service,No internet service,Month-to-month,No,Credit card (automatic),26.9,0.0,Yes
3296-NGLGI,Female,1,No,Yes,42,Yes,Yes,No,No internet service,No internet service,No internet service,No internet service,No internet service,No internet service,Month-to-month,Yes,Bank transfer (automatic),31.08,1303.63,No
1143-CKIOK,Male,0,Yes,Yes,46,Yes,No,DSL,Yes,Yes,No,Yes,No,Yes,Two year,Yes,Credit card (automatic),70.14,3226.81,No
4737-XMBVM,Female,0,No,Yes,58,No,No phone service,DSL,No,No,No,No,No,No,Month-to-month,Yes,Electronic check,45.31,2625.79,No
7830-UWRLM,Female,0,No,No,11,Yes,No,No,No internet service,No internet service,No internet service,No internet service,No internet service,No internet service,Two year,Yes,Mailed check,22.39,205.94,No
1217-ZNVVA,Female,0,No,No,58,Yes,Yes,Fiber optic,No,Yes,Yes,Yes,No,Yes,Month-to-month,Yes,Credit card (automatic),102.09,5920.43,No
3284-HGUFD,Male,0,No,Yes,72,Yes,No,Fiber optic,No,No,Yes,No,No,No,Month-to-month,Yes,Electronic check,85.91,6173.64,No
8559-GXZAK,Female,0,Yes,No,65,Yes,No,No,No internet service,No internet service,No internet service,No internet service,No internet service,No internet service,Month-to-month,No,Electronic check,25.71,1681.45,No
2558-GAJYU,Male,1,Yes,Yes,70,Yes,No,DSL,Yes,Yes,Yes,No,Yes,No,One year,No,Mailed check,76.94,5371.11,No
1816-AYIII,Female,1,No,Yes,21,Yes,Yes,Fiber optic,No,No,No,Yes,No,No,Month-to-month,Yes,Mailed check,89.74,1910.13,No
5293-TYDER,Female,0,Yes,Yes,49,Yes,No,Fiber optic,Yes,No,No,Yes,Yes,No,Two year,Yes,Electronic check,96.8,4756.08,No
7342-FYYWK,Male,1,No,No,28,Yes,No,DSL,No,Yes,Yes,No,No,Yes,Month-to-month,Yes,Mailed check,65.97,1834.19,Yes
1708-HGAGB,Female,1,Yes,Yes,1,No,No phone service,Fiber optic,Yes,No,No,No,No,No,One year,Yes,Credit card (automatic),83.59,81.01,No
2160-CFAKH,Male,0,No,No,42,Yes,No,DSL,No,No,Yes,No,No,Yes,One year,Yes,Electronic check,59.91,2525.28,No
7280-SODWQ,Female,0,No,Yes,3,Yes,No,Fiber optic,No,Yes,Yes,No,No,No,Two year,Yes,Electronic check,88.02,279.16,No
5009-HKMYF,Female,0,Yes,No,25,Yes,No,No,No internet service,No internet service,No internet service,No internet service,No internet service,No internet service,Two year,Yes,Mailed check,25.2,620.73,No
9594-RGRZC,Female,0,No,No,10,Yes,Yes,No,No internet service,No internet service,No internet service,No internet service,No internet service,No internet service,One year,No,Electronic check,18.83,189.92,Yes
1668-IOSTV,Male,1,No,No,2,Yes,Yes,DSL,No,No,Yes,No,No,No,Month-to-month,No,Electronic check,58.06,102.22,Yes
8389-PSWRI,Female,0,No,Yes,65,Yes,Yes,DSL,Yes,No,No,No,Yes,No,Month-to-month,Yes,Electronic check,63.09,4122.46,Yes
2208-XPEMW,Female,0,No,No,9,Yes,No,DSL,Yes,No,No,No,Yes,No,Month-to-month,Yes,Mailed check,67.22,614.67,No
2969-HDLRI,Male,0,No,No,0,Yes,No,Fiber optic,Yes,No,No,No,No,Yes,One year,No,Electronic check,90.76,0.0,No
6290-VDWPF,Female,1,Yes,Yes,14,Yes,Yes,No,No internet service,No internet service,No internet service,No internet service,No internet service,No internet service,One year,No,Electronic check,26.46,374.59,Yes
6348-SAEFU,Male,0,No,No,3,Yes,No,DSL,Yes,No,Yes,No,No,No,One year,No,Bank transfer (automatic),57.12,188.8,No
3651-GEEYV,Female,0,No,No,70,Yes,No,Fiber optic,No,No,Yes,No,No,Yes,Month-to-month,No,Bank transfer (automatic),92.52,6463.49,No
6520-HUOCC,Female,0,Yes,Yes,25,Yes,No,No,No internet service,No internet service,No internet service,No internet service,No internet service,No internet service,Month-to-month,Yes,Bank transfer (automatic),24.23,599.74,No
2184-XOBFC,Female,0,Yes,Yes,28,No,No phone service,DSL,No,Yes,Yes,Yes,No,No,Two year,No,Bank transfer (automatic),54.51,1559.87,No
2258-KVQCD,Female,0,No,No,4,No,No phone service,Fiber optic,No,No,Yes,Yes,No,Yes,Two year,No,Credit card (automatic),94.94,392.45,No
3616-ZVCLG,Female,1,No,No,19,Yes,Yes,No,No internet service,No internet service,No internet service,No internet service,No internet service,No internet service,Month-to-month,Yes,Mailed check,25.43,520.06,Yes
3273-TMISB,Male,0,Yes,Yes,72,Yes,Yes,DSL,No,No,No,No,No,Yes,Two year,No,Credit card (automatic),58.35,4189.73,No
8839-FFXYL,Female,0,No,No,67,Yes,Yes,No,No internet service,No internet service,No internet service,No internet service,No internet service,No internet service,One year,No,Electronic check,31.71,2129.21,No
5839-PBCZD,Male,0,No,No,17,Yes,No,Fiber optic,No,Yes,Yes,Yes,Yes,Yes,Month-to-month,No,Credit card (automatic),101.49,1737.58,No
1524-OAOVR,Male,0,Yes,Yes,56,Yes,Yes,No,No internet service,No internet service,No internet service,No internet service,No internet service,No internet service,Month-to-month,Yes,Bank transfer (automatic),25.42,1431.71,No
2333-CLRQC,Female,1,Yes,Yes,71,Yes,No,Fiber optic,No,No,No,No,Yes,No,Month-to-month,No,Electronic check,90.27,6439.22,No
6282-HZRDT,Male,1,Yes,Yes,23,Yes,No,Fiber optic,No,Yes,No,No,Yes,No,Month-to-month,Yes,Electronic check,95.25,2210.08,Yes
5734-IVHRO,Male,0,Yes,Yes,67,Yes,No,Fiber optic,No,No,No,No,No,No,Month-to-month,Yes,Bank transfer (automatic),81.2,5455.52,No
3402-LMFRV,Female,0,Yes,Yes,57,Yes,Yes,Fiber optic,No,No,Yes,Yes,No,Yes,Month-to-month,Yes,Electronic check,95.15,5430.91,No
6828-EWHJH,Male,0,Yes,Yes,17,Yes,Yes,Fiber optic,Yes,Yes,Yes,No,Yes,No,One year,Yes,Credit card (automatic),104.96,1785.9,Yes
8939-ICXCJ,Female,0,No,No,8,Yes,Yes,DSL,No,No,No,No,Yes,No,Two year,Yes,Electronic check,56.26,456.56,No
3881-HFJWL,Male,0,No,No,9,Yes,No,No,No internet service,No internet service,No internet service,No internet service,No internet service,No internet service,Two year,Yes,Electronic check,32.14,292.23,Yes
6829-LDNBK,Male,0,No,No,6,Yes,No,DSL,No,No,Yes,No,No,Yes,Two year,No,Electronic check,61.79,402.81,No
6891-ZRPWG,Female,0,No,No,8,Yes,No,No,No internet service,No internet service,No internet service,No internet service,No internet service,No internet service,One year,No,Credit card (automatic),19.42,172.2,Yes
2003-RLQCD,Female,0,No,No,22,No,No phone service,Fiber optic,Yes,No,Yes,No,No,No,Two year,Yes,Mailed check,84.12,1834.43,Yes
9604-UYBZF,Male,1,Yes,No,27,Yes,No,Fiber optic,No,No,Yes,No,Yes,No,Month-to-month,Yes,Electronic check,90.86,2448.83,Yes
3604-JYPSD,Male,0,Yes,Yes,34,No,No phone service,Fiber optic,No,Yes,Yes,No,Yes,Yes,Month-to-month,Yes,Mailed check,103.36,3550.42,No
8973-EIGIW,Female,0,Yes,No,16,Yes,Yes,No,No internet service,No internet service,No internet service,No internet service,No internet service,No internet service,Month-to-month,No,Mailed check,34.21,522.75,Yes
5269-ONNHN,Male,0,Yes,Yes,52,Yes,No,DSL,No,No,No,Yes,No,No,Two year,No,Electronic check,54.51,2820.6,No
1127-OXVCQ,Female,1,Yes,No,3,Yes,No,DSL,Yes,No,Yes,Yes,No,Yes,One year,No,Bank transfer (automatic),74.61,231.2,No
6700-NDSQX,Female,1,No,No,4,Yes,No,DSL,Yes,No,No,No,Yes,Yes,One year,Yes,Electronic check,67.5,246.37,No
9019-ICZZQ,Female,1,Yes,No,15,Yes,No,Fiber optic,No,Yes,No,No,No,No,One year,Yes,Mailed check,85.58,1239.49,No
1822-KGGIQ,Female,0,Yes,Yes,50,Yes,No,Fiber optic,No,No,No,Yes,No,No,Month-to-month,No,Mailed check,85.84,4285.86,No
4434-PXPLU,Female,0,Yes,Yes,72,Yes,Yes,DSL,No,Yes,No,No,Yes,Yes,Two year,Yes,Mailed check,71.76,5142.02,No
2637-NYEKM,Male,0,Yes,Yes,18,Yes,No,DSL,Yes,No,Yes,No,No,No,Two year,No,Mailed check,62.46,1108.87,No
9784-HDJPC,Female,0,No,No,64,Yes,Yes,Fiber optic,Yes,No,No,No,No,Yes,Two year,Yes,Credit card (automatic),92.94,5932.65,No
4712-EBPHK,Female,1,Yes,Yes,3,Yes,No,DSL,No,No,No,Yes,Yes,Yes,Month-to-month,No,Credit card (automatic),69.55,194.36,No
6664-ODSWX,Male,1,Yes,Yes,4,Yes,No,No,No internet service,No internet service,No internet service,No internet service,No internet service,No internet service,Month-to-month,Yes,Electronic check,18.25,57.49,Yes
1354-GYZQU,Female,0,Yes,Yes,32,Yes,Yes,Fiber optic,No,No,Yes,No,No,No,One year,Yes,Mailed check,85.45,2735.67,No
1013-ZRMLC,Male,0,Yes,No,36,Yes,Yes,No,No internet service,No internet service,No internet service,No internet service,No internet service,No internet service,Month-to-month,Yes,Credit card (automatic),32.45,1158.2,Yes
3832-EAOUM,Male,0,Yes,No,3,Yes,No,Fiber optic,No,Yes,No,No,No,Yes,Month-to-month,Yes,Mailed check,98.0,291.56,Yes
2521-QMHMT,Male,0,No,No,22,No,No phone service,Fiber optic,Yes,Yes,No,No,No,No,Two year,Yes,Electronic check,84.59,1852.29,No
6299-ICQAJ,Female,0,No,No,11,Yes,Yes,Fiber optic,No,No,No,No,No,No,One year,No,Electronic check,80.03,870.03,Yes
6052-XMTRF,Male,1,No,No,67,Yes,No,DSL,No,No,Yes,No,No,No,Month-to-month,No,Electronic check,50.23,3366.76,No
6668-VFIEQ,Male,0,No,No,6,Yes,No,DSL,No,No,No,Yes,Yes,No,Month-to-month,No,Bank transfer (automatic),60.56,364.03,Yes
3017-FCIZP,Male,0,No,No,21,Yes,No,Fiber optic,No,No,No,No,No,No,Two year,Yes,Electronic check,80.55,1688.01,No
9113-SMCHX,Female,0,No,No,0,Yes,No,Fiber optic,No,No,No,No,Yes,No,One year,No,Credit card (automatic),91.1,0.0,Yes
4345-RFFIO,Female,0,Yes,Yes,52,Yes,Yes,DSL,No,No,No,Yes,No,Yes,Month-to-month,No,Bank transfer (automatic),64.12,3318.62,No
5877-OFMDJ,Female,0,No,No,16,No,No phone service,No,No internet service,No internet service,No internet service,No internet service,No internet service,No internet service,Month-to-month,Yes,Bank transfer (automatic),23.59,416.07,Yes
8083-DZUPR,Female,0,Yes,Yes,4,Yes,No,Fiber optic,No,Yes,No,No,Yes,No,Month-to-month,Yes,Electronic check,98.51,363.47,Yes
2823-NVYZA,Female,0,No,No,1,Yes,No,Fiber optic,No,No,No,No,No,No,One year,Yes,Credit card (automatic),77.5,87.65,No
5302-YFEQQ,Male,0,No,No,57,Yes,No,DSL,No,Yes,No,No,No,No,Two year,Yes,Electronic check,52.82,3006.39,No
4954-XIPBP,Female,0,Yes,No,32,Yes,Yes,No,No internet service,No internet service,No internet service,No internet service,No internet service,No internet service,Month-to-month,Yes,Mailed check,26.52,848.77,Yes
5475-JWSLQ,Male,0,Yes,No,23,Yes,Yes,Fiber optic,No,No,No,No,Yes,No,Two year,Yes,Bank transfer (automatic),93.47,2142.39,No
8184-ZJXDA,Female,0,Yes,No,52,Yes,Yes,No,No internet service,No internet service,No internet service,No internet service,No internet service,No internet service,Month-to-month,Yes,Mailed check,32.45,1679.39,No
7662-XCTIL,Male,0,No,No,5,Yes,Yes,Fiber optic,Yes,No,No,No,No,No,Month-to-month,Yes,Bank transfer (automatic),88.32,436.1,Yes
3007-QZGZG,Male,1,Yes,Yes,32,Yes,Yes,DSL,No,No,No,No,No,No,One year,Yes,Bank transfer (automatic),50.26,1623.12,No
4607-MJFPO,Male,0,No,Yes,2,Yes,No,Fiber optic,No,Yes,No,No,No,No,Month-to-month,No,Electronic check,85.83,179.99,No
9866-XMWOY,Female,0,No,No,63,Yes,No,DSL,No,No,Yes,Yes,Yes,Yes,Month-to-month,No,Mailed check,72.48,4562.07,No
4349-FMJFY,Male,0,No,No,3,Yes,No,DSL,No,No,No,No,No,Yes,One year,Yes,Bank transfer (automatic),60.62,167.26,No
2886-GJIVT,Male,0,Yes,Yes,72,Yes,Yes,No,No internet service,No internet service,No internet service,No internet service,No internet service,No internet service,Month-to-month,No,Electronic check,28.49,2067.09,No
1646-CCVAX,Female,0,No,No,48,Yes,No,Fiber optic,Yes,No,No,No,No,No,Month-to-month,Yes,Bank transfer (automatic),88.86,4271.21,No
1635-ZQNQF,Male,0,Yes,Yes,15,Yes,Yes,DSL,No,Yes,Yes,No,Yes,Yes,Two year,Yes,Credit card (automatic),74.96,1093.58,No
7087-MHJWO,Male,0,No,No,64,Yes,Yes,Fiber optic,No,No,No,Yes,No,No,Two year,Yes,Credit card (automatic),86.57,5558.77,No
8766-WDWIS,Female,1,Yes,Yes,4,Yes,Yes,Fiber optic,No,No,Yes,Yes,Yes,No,Two year,Yes,Mailed check,103.16,429.42,No
6773-EHDCE,Female,0,Yes,Yes,25,Yes,No,No,No internet service,No internet service,No internet service,No internet service,No internet service,No internet service,Two year,No,Electronic check,21.55,520.14,No
9356-KBHGI,Female,1,Yes,Yes,8,Yes,No,DSL,Yes,No,No,No,No,No,Month-to-month,Yes,Credit card (automatic),57.79,500.08,No
1923-BFEHO,Male,0,No,No,1,Yes,Yes,Fiber optic,Yes,Yes,No,No,No,No,Month-to-month,No,Electronic check,84.95,100.79,Yes
5455-ZMDFW,Male,0,No,No,19,Yes,No,Fiber optic,No,Yes,Yes,No,No,No,Month-to-month,No,Bank transfer (automatic),96.55,1804.97,Yes
8145-PJQAK,Female,0,No,No,3,Yes,No,DSL,No,Yes,Yes,No,Yes,Yes,One year,No,Bank transfer (automatic),76.95,245.44,No
5996-FUYLI,Male,0,No,No,20,Yes,Yes,DSL,No,Yes,No,Yes,Yes,Yes,One year,Yes,Credit card (automatic),71.42,1389.77,No
3926-XVFYN,Male,1,Yes,No,29,Yes,No,Fiber optic,No,No,No,No,Yes,No,One year,Yes,Bank transfer (automatic),87.01,2503.65,No
7026-KBYTR,Male,1,Yes,Yes,25,No,No phone service,Fiber optic,No,No,No,No,Yes,Yes,Month-to-month,No,Mailed check,92.52,2309.72,Yes
8690-MPDAB,Male,0,No,No,56,Yes,Yes,Fiber optic,Yes,Yes,No,Yes,No,No,One year,No,Mailed check,92.52,5189.28,No
3676-FSHVM,Male,0,No,No,15,Yes,Yes,No,No internet service,No internet service,No internet service,No internet service,No internet service,No internet service,Month-to-month,Yes,Electronic check,23.92,348.15,No
8210-LQILF,Female,0,No,No,18,Yes,No,No,No internet service,No internet service,No internet service,No internet service,No internet service,No internet service,Month-to-month,No,Electronic check,32.92,588.19,No
4379-JRQGG,Female,0,No,No,72,Yes,No,Fiber optic,No,Yes,No,No,No,No,Two year,No,Mailed check,85.62,6176.65,No
6975-PUGKM,Female,0,No,Yes,64,Yes,No,No,No internet service,No internet service,No internet service,No internet service,No internet service,No internet service,One year,No,Mailed check,20.85,1326.02,No
5298-AYAUH,Female,0,No,No,2,No,No phone service,Fiber optic,Yes,No,Yes,No,No,Yes,One year,Yes,Bank transfer (automatic),97.91,176.85,Yes
1048-FEJNI,Male,1,No,No,45,Yes,No,DSL,No,No,Yes,No,Yes,Yes,Month-to-month,Yes,Mailed check,76.05,3415.89,No
9828-ICFDK,Female,0,No,Yes,37,Yes,No,DSL,No,Yes,Yes,No,No,Yes,Month-to-month,Yes,Electronic check,64.21,2348.91,No
1273-KXBVS,Female,1,Yes,No,13,Yes,No,DSL,No,Yes,No,Yes,No,Yes,Month-to-month,Yes,Mailed check,65.26,834.18,No
6703-HAAQL,Male,1,No,Yes,30,Yes,Yes,Fiber optic,No,No,No,No,Yes,No,One year,Yes,Credit card (automatic),90.71,2735.05,No
1625-JFPMM,Male,1,No,No,5,Yes,Yes,Fiber optic,No,No,No,No,No,No,Month-to-month,Yes,Credit card (automatic),84.9,473.98,Yes
6431-WHBNC,Male,0,No,No,70,No,No phone service,DSL,Yes,Yes,No,No,No,No,Month-to-month,Yes,Mailed check,56.01,3903.41,No
8440-QZUKI,Male,0,Yes,No,72,Yes,No,DSL,Yes,No,No,Yes,No,No,Month-to-month,Yes,Electronic check,62.48,4474.9,No
3127-MHAQS,Male,0,No,No,64,Yes,No,DSL,Yes,No,Yes,Yes,No,No,Two year,No,Mailed check,65.07,4187.78,No
3774-JBHBO,Male,0,No,No,17,No,No phone service,DSL,Yes,No,No,No,No,No,Two year,No,Electronic check,49.68,816.37,No
5600-FYJRA,Female,0,No,No,65,Yes,Yes,Fiber optic,No,No,No,Yes,Yes,Yes,Month-to-month,Yes,Bank transfer (automatic),102.24,6633.87,No
1499-EFHNK,Male,0,No,No,67,Yes,No,Fiber optic,Yes,Yes,No,No,Yes,No,Month-to-month,No,Credit card (automatic),97.17,6504.73,No
7184-YPZSZ,Male,0,Yes,No,13,Yes,No,Fiber optic,No,No,Yes,No,No,No,Two year,Yes,Bank transfer (automatic),82.53,1114.16,Yes
9256-VSZNP,Female,1,Yes,Yes,42,Yes,No,Fiber optic,Yes,No,No,Yes,No,No,Two year,Yes,Credit card (automatic),87.91,3704.45,No
3302-UYQTQ,Female,0,Yes,Yes,14,Yes,Yes,DSL,Yes,No,Yes,Yes,No,No,One year,Yes,Mailed check,65.7,922.36,No
4336-MBFVF,Female,0,Yes,Yes,11,Yes,Yes,Fiber optic,Yes,No,Yes,No,Yes,No,One year,Yes,Mailed check,107.16,1175.27,No
7915-GWSVC,Female,0,No,Yes,25,Yes,No,No,No internet service,No internet service,No internet service,No internet service,No internet service,No internet service,Month-to-month,No,Electronic check,22.56,565.21,Yes
3810-HQHYT,Male,0,No,Yes,6,Yes,No,Fiber optic,Yes,Yes,No,No,No,No,Month-to-month,No,Mailed check,88.58,549.27,Yes
7730-NCYDP,Female,0,No,No,8,No,No phone service,DSL,No,No,No,No,Yes,Yes,Two year,Yes,Bank transfer (automatic),56.71,492.8,No
4456-KIRUT,Male,0,No,No,71,Yes,No,No,No internet service,No internet service,No internet service,No internet service,No internet service,No internet service,One year,Yes,Credit card (automatic),21.87,1577.61,No
9931-RIHPJ,Female,0,No,No,1,Yes,Yes,Fiber optic,No,No,Yes,No,No,Yes,Month-to-month,Yes,Mailed check,94.4,101.46,Yes
1007-KUXLC,Female,1,No,No,33,Yes,Yes,DSL,No,Yes,No,Yes,Yes,Yes,Month-to-month,No,Bank transfer (automatic),73.23,2407.63,No
1261-JJDZY,Female,0,Yes,Yes,39,Yes,No,Fiber optic,No,No,Yes,No,Yes,Yes,Month-to-month,No,Electronic check,96.23,3727.18,Yes
2572-MTHYO,Female,0,No,No,32,Yes,No,No,No internet service,No internet service,No internet service,No internet service,No internet service,No internet service,Month-to-month,Yes,Electronic check,24.12,795.06,No
2798-SIIXT,Male,0,Yes,Yes,14,Yes,No,DSL,No,No,No,No,No,Yes,Month-to-month,Yes,Electronic check,62.88,874.45,No
6785-LGZJK,Male,0,Yes,Yes,63,Yes,No,Fiber optic,Yes,Yes,Yes,No,Yes,Yes,Two year,Yes,Electronic check,107.76,6781.88,No
7292-THJIP,Male,0,Yes,No,42,Yes,No,Fiber optic,No,No,No,No,No,No,Month-to-month,Yes,Electronic check,76.69,3204.75,Yes
8238-RBXNN,Female,0,No,No,2,Yes,Yes,No,No internet service,No internet service,No internet service,No internet service,No internet service,No internet service,One year,No,Credit card (automatic),27.31,86.07,No
4304-BXJYX,Male,0,Yes,Yes,18,Yes,No,No,No internet service,No internet service,No internet service,No internet service,No internet service,No internet service,Month-to-month,No,Mailed check,24.85,475.96,Yes
5055-TGWUL,Female,0,Yes,No,41,Yes,No,Fiber optic,No,No,Yes,Yes,No,No,Month-to-month,Yes,Bank transfer (automatic),91.09,3730.46,No
5801-LNKYX,Male,0,Yes,No,33,Yes,Yes,DSL,Yes,Yes,No,No,Yes,No,One year,Yes,Bank transfer (automatic),65.05,2131.13,No
2260-ADBBB,Male,0,Yes,Yes,2,Yes,Yes,DSL,Yes,No,No,Yes,No,No,Two year,Yes,Credit card (automatic),62.45,118.9,No
9169-OADTO,Male,0,Yes,Yes,1,No,No phone service,DSL,No,No,Yes,No,Yes,No,One year,No,Mailed check,58.34,91.6,No
9993-WCCRT,Female,0,Yes,No,16,Yes,No,Fiber optic,No,No,No,No,Yes,No,Month-to-month,Yes,Bank transfer (automatic),87.86,1426.97,Yes
7340-JJGCS,Male,0,No,No,12,Yes,Yes,Fiber optic,No,No,No,No,No,No,One year,No,Electronic check,77.38,894.46,No
9913-UWIOP,Female,0,No,No,17,Yes,Yes,DSL,Yes,No,No,No,No,Yes,Month-to-month,Yes,Bank transfer (automatic),60.38,978.96,No
5571-HCOPE,Female,0,Yes,Yes,55,Yes,Yes,Fiber optic,Yes,Yes,No,No,Yes,Yes,Two year,Yes,Bank transfer (automatic),105.26,5797.27,No
5842-KHVUP,Female,0,No,No,72,Yes,No,Fiber optic,Yes,No,No,No,No,No,Two year,No,Electronic check,92.83,6689.81,No
7008-KNSYG,Female,0,No,Yes,56,Yes,Yes,Fiber optic,Yes,Yes,No,Yes,Yes,No,Month-to-month,Yes,Mailed check,100.78,5661.7,No
3940-MCPHE,Female,0,Yes,No,7,Yes,No,No,No internet service,No internet service,No internet service,No internet service,No internet service,No internet service,Two year,Yes,Bank transfer (automatic),18.64,151.02,No
8703-CBQDL,Female,0,No,Yes,58,Yes,Yes,DSL,Yes,No,No,Yes,Yes,No,One year,No,Bank transfer (automatic),65.43,3771.64,No
1494-UWIAX,Male,0,Yes,Yes,35,Yes,Yes,Fiber optic,No,No,No,No,No,No,One year,No,Mailed check,79.78,2799.07,No
5017-GDAUC,Female,0,No,No,72,No,No phone service,No,No internet service,No internet service,No internet service,No internet service,No internet service,No internet service,Two year,Yes,Electronic check,19.8,1451.36,No
2624-BXZIP,Male,1,Yes,Yes,46,Yes,Yes,DSL,No,No,Yes,No,Yes,No,Two year,Yes,Mailed check,63.98,2942.27,No
2504-YFYVR,Male,0,Yes,Yes,21,Yes,Yes,DSL,No,Yes,No,No,No,No,Month-to-month,No,Bank transfer (automatic),58.42,1225.42,No
3010-DRSCT,Male,0,Yes,Yes,17,Yes,No,DSL,No,No,No,No,No,No,Month-to-month,Yes,Mailed check,52.0,869.19,No
8579-RYFWM,Female,0,Yes,No,57,Yes,No,Fiber optic,No,No,No,No,Yes,Yes,Month-to-month,Yes,Electronic check,95.87,5441.15,No
5432-YENBP,Female,1,No,No,37,Yes,Yes,Fiber optic,No,No,Yes,No,Yes,No,Two year,Yes,Electronic check,88.35,3266.79,No
4893-ITTBZ,Male,0,Yes,Yes,29,Yes,Yes,Fiber optic,No,Yes,Yes,No,No,Yes,One year,Yes,Mailed check,100.37,2889.91,Yes
5847-MSWJO,Female,0,No,No,19,Yes,No,DSL,Yes,No,Yes,No,No,Yes,Two year,Yes,Bank transfer (automatic),65.35,1218.1,No
1783-UJAEI,Male,0,No,No,63,Yes,No,DSL,No,No,No,Yes,Yes,No,One year,Yes,Electronic check,56.85,3566.85,No
9326-QGFST,Female,0,Yes,No,24,Yes,Yes,DSL,No,No,Yes,No,Yes,Yes,Month-to-month,No,Electronic check,70.77,1720.78,Yes
7583-SNQAB,Male,0,No,No,0,Yes,No,Fiber optic,No,No,No,No,No,No,Month-to-month,No,Credit card (automatic),79.87,13.08,Yes
6075-PDUPY,Male,0,Yes,No,18,Yes,Yes,DSL,Yes,No,No,No,No,No,Month-to-month,Yes,Electronic check,60.0,1095.91,No
2244-QHBND,Male,0,No,No,5,Yes,Yes,Fiber optic,No,Yes,Yes,No,Yes,Yes,Month-to-month,No,Electronic check,105.72,514.08,Yes
4045-EWBOX,Female,0,No,No,10,Yes,Yes,Fiber optic,Yes,No,Yes,No,No,No,Month-to-month,Yes,Bank transfer (automatic),85.69,872.21,Yes
1569-QUYCU,Female,0,No,No,19,No,No phone service,DSL,No,No,No,No,Yes,No,Month-to-month,No,Electronic check,52.12,992.58,Yes
3191-BZPFK,Male,0,Yes,No,39,Yes,Yes,Fiber optic,No,Yes,No,No,Yes,No,Month-to-month,Yes,Credit card (automatic),89.79,3498.81,Yes
4777-OYVIY,Female,0,No,No,16,Yes,Yes,Fiber optic,No,No,No,Yes,No,Yes,Two year,No,Bank transfer (automatic),99.75,1584.45,No
8911-MXFYU,Female,0,No,No,0,Yes,Yes,Fiber optic,No,Yes,Yes,No,No,No,Month-to-month,Yes,Bank transfer (automatic),91.48,0.0,No
1832-QPKZC,Female,0,No,Yes,19,Yes,No,DSL,No,No,No,No,No,No,Month-to-month,No,Electronic check,50.18,939.99,No
7294-PNZKU,Female,0,No,No,10,Yes,Yes,No,No internet service,No internet service,No internet service,No internet service,No internet service,No internet service,One year,Yes,Mailed check,30.44,285.46,No
6264-VZQYM,Male,0,Yes,No,2,Yes,No,No,No internet service,No internet service,No internet service,No internet service,No internet service,No internet service,One year,No,Electronic check,22.26,60.35,Yes
3712-DVDOM,Female,1,No,No,55,No,No phone service,DSL,No,Yes,No,Yes,Yes,No,Month-to-month,Yes,Mailed check,64.1,3517.57,Yes
2666-VSCZT,Female,1,Yes,Yes,71,Yes,Yes,No,No internet service,No internet service,No internet service,No internet service,No internet service,No internet service,Month-to-month,No,Credit card (automatic),22.52,1629.36,No
1277-BEBMX,Female,0,Yes,Yes,71,Yes,No,No,No internet service,No internet service,No internet service,No internet service,No internet service,No internet service,Month-to-month,Yes,Credit card (automatic),24.07,1727.71,No
4853-OGYYG,Female,1,Yes,No,1,Yes,No,No,No internet service,No internet service,No internet service,No internet service,No internet service,No internet service,One year,Yes,Credit card (automatic),28.11,41.21,No
7391-GYLXJ,Female,1,Yes,No,59,Yes,Yes,DSL,No,No,Yes,Yes,Yes,Yes,One year,No,Electronic check,74.59,4409.31,No
8120-SMWHE,Male,0,No,No,3,Yes,No,Fiber optic,No,No,Yes,No,Yes,Yes,Month-to-month,Yes,Electronic check,97.2,320.39,Yes
4534-SOCGU,Female,0,No,No,36,Yes,No,Fiber optic,Yes,Yes,Yes,No,No,Yes,Month-to-month,Yes,Mailed check,103.41,3729.44,No
6051-YIZZV,Male,1,No,No,32,Yes,No,DSL,No,No,No,No,Yes,No,Month-to-month,No,Bank transfer (automatic),63.64,2051.91,No
6596-RNBKX,Male,0,Yes,No,60,Yes,No,DSL,No,Yes,No,Yes,No,No,One year,No,Bank transfer (automatic),65.16,3915.56,No
6638-LVKZF,Female,0,No,No,64,Yes,Yes,DSL,No,Yes,No,No,No,No,Two year,Yes,Bank transfer (automatic),54.5,3533.15,No
1951-CZHNX,Male,0,Yes,No,30,No,No phone service,Fiber optic,Yes,No,Yes,No,No,Yes,One year,No,Bank transfer (automatic),92.57,2783.07,Yes
2518-XLBAA,Male,0,No,No,20,Yes,No,No,No internet service,No internet service,No internet service,No internet service,No internet service,No internet service,Two year,No,Bank transfer (automatic),24.24,461.74,No
7332-LXKAX,Female,0,No,Yes,36,Yes,No,Fiber optic,Yes,Yes,No,Yes,Yes,Yes,Two year,No,Electronic check,109.29,3942.68,No
5685-MRNAX,Female,0,Yes,Yes,33,Yes,No,No,No internet service,No internet service,No internet service,No internet service,No internet service,No internet service,Month-to-month,Yes,Electronic check,22.96,737.9,No
8130-VIXNA,Male,0,No,No,42,No,No phone service,Fiber optic,No,Yes,No,Yes,No,No,Two year,Yes,Electronic check,86.65,3632.13,No
1326-IZVVU,Male,1,Yes,Yes,7,Yes,No,No,No internet service,No internet service,No internet service,No internet service,No internet service,No internet service,One year,No,Electronic check,25.0,167.51,No
2326-SAHED,Male,0,No,No,59,Yes,Yes,No,No internet service,No internet service,No internet service,No internet service,No internet service,No internet service,Month-to-month,No,Electronic check,26.22,1576.11,Yes
2542-FDUKW,Male,1,Yes,No,72,Yes,No,Fiber optic,No,No,No,No,No,No,Two year,No,Bank transfer (automatic),69.51,5012.58,No
5533-MPANF,Female,0,Yes,Yes,9,Yes,No,DSL,Yes,No,No,No,No,No,Two year,Yes,Electronic check,60.87,548.84,No
6658-WMOGL,Female,0,No,Yes,2,Yes,No,No,No internet service,No internet service,No internet service,No internet service,No internet service,No internet service,One year,Yes,Credit card (automatic),24.81,68.32,No
8271-GOLRO,Male,0,Yes,No,25,Yes,No,No,No internet service,No internet service,No internet service,No internet service,No internet service,No internet service,Two year,Yes,Bank transfer (automatic),25.15,606.45,No
8268-YNUNS,Male,1,No,No,17,Yes,No,DSL,No,Yes,No,No,Yes,No,Two year,No,Mailed check,69.42,1180.57,No
4637-OKELR,Female,0,No,No,2,Yes,Yes,Fiber optic,No,Yes,Yes,No,Yes,No,Month-to-month,No,Mailed check,100.65,186.53,Yes
6658-QGBLR,Female,0,No,No,62,Yes,Yes,DSL,No,No,No,No,No,Yes,Two year,Yes,Electronic check,61.45,3847.41,No
3408-OOMTH,Female,0,Yes,Yes,72,Yes,Yes,Fiber optic,No,No,No,No,No,Yes,One year,No,Credit card (automatic),89.96,6482.69,No
7413-CSNVQ,Female,0,No,No,5,Yes,No,No,No internet service,No internet service,No internet service,No internet service,No internet service,No internet service,Two year,No,Credit card (automatic),24.55,144.59,Yes
8819-UEMMB,Male,0,No,No,9,Yes,Yes,Fiber optic,Yes,No,No,No,Yes,No,Month-to-month,Yes,Electronic check,91.55,840.44,Yes
6512-MMGDM,Female,0,No,No,16,Yes,Yes,Fiber optic,No,No,No,Yes,No,No,Month-to-month,Yes,Electronic check,90.23,1429.65,No
9531-VBKYY,Male,0,No,Yes,60,Yes,No,Fiber optic,Yes,Yes,No,No,No,Yes,Month-to-month,No,Credit card (automatic),93.25,5594.27,No
5462-WXSNY,Male,0,No,No,25,Yes,No,DSL,No,No,No,No,No,Yes,Two year,No,Electronic check,61.24,1518.18,No
9440-JKJAV,Male,0,Yes,Yes,72,Yes,Yes,Fiber optic,No,Yes,No,No,No,Yes,Month-to-month,No,Mailed check,95.16,6884.71,No
6627-TUOBY,Male,0,No,No,7,No,No phone service,No,No internet service,No internet service,No internet service,No internet service,No internet service,No internet service,Two year,Yes,Credit card (automatic),18.25,177.75,No
5361-LFLUN,Female,0,No,No,59,Yes,Yes,No,No internet service,No internet service,No internet service,No internet service,No internet service,No internet service,Month-to-month,No,Mailed check,24.38,1457.94,No
8849-CLHUM,Female,0,Yes,Yes,61,Yes,Yes,DSL,No,No,No,Yes,Yes,No,Two year,No,Credit card (automatic),60.05,3661.48,No
7398-SBVFQ,Female,0,No,No,4,Yes,No,No,No internet service,No internet service,No internet service,No internet service,No internet service,No internet service,Two year,No,Credit card (automatic),28.19,99.8,No
6990-HMKVZ,Female,0,No,No,29,Yes,Yes,DSL,No,No,Yes,No,No,Yes,Two year,Yes,Mailed check,63.15,1861.21,No
6501-MXQXQ,Male,0,Yes,Yes,10,Yes,No,Fiber optic,No,No,Yes,No,Yes,Yes,Month-to-month,No,Electronic check,114.51,1143.34,Yes
4969-JCUQJ,Female,1,Yes,No,7,Yes,Yes,DSL,No,No,No,No,Yes,Yes,Month-to-month,Yes,Bank transfer (automatic),72.23,522.77,No
7669-HJXER,Female,0,No,No,55,Yes,No,Fiber optic,No,No,Yes,Yes,No,Yes,One year,Yes,Electronic check,89.84,4925.3,No
2502-RVWKO,Female,0,Yes,Yes,44,Yes,Yes,No,No internet service,No internet service,No internet service,No internet service,No internet service,No internet service,Two year,Yes,Electronic check,24.06,1032.71,No
8934-VTQOI,Male,0,No,No,14,Yes,Yes,Fiber optic,No,Yes,No,No,No,No,One year,Yes,Mailed check,82.04,1170.1,Yes
7315-DCXOX,Female,1,No,No,59,Yes,No,DSL,No,No,Yes,No,No,No,Month-to-month,Yes,Bank transfer (automatic),59.64,3502.6,Yes
2072-DZIJV,Male,1,No,No,11,Yes,No,Fiber optic,No,No,Yes,Yes,No,No,Month-to-month,Yes,Mailed check,93.95,1045.2,Yes
8308-DBMDS,Male,1,No,No,72,Yes,Yes,DSL,No,No,No,Yes,No,Yes,Month-to-month,Yes,Bank transfer (automatic),61.31,4417.89,No
4108-PWVMA,Female,0,No,No,72,Yes,No,No,No internet service,No internet service,No internet service,No internet service,No internet service,No internet service,Two year,Yes,Bank transfer (automatic),24.82,1785.32,No
7635-RLJHV,Female,0,Yes,Yes,14,Yes,No,No,No internet service,No internet service,No internet service,No internet service,No internet service,No internet service,Month-to-month,Yes,Bank transfer (automatic),22.47,317.96,Yes
6772-BTJLR,Male,0,No,No,26,Yes,Yes,Fiber optic,No,No,No,No,No,No,Month-to-month,Yes,Electronic check,77.6,2027.85,Yes
8400-OMWNC,Male,0,Yes,Yes,43,Yes,No,Fiber optic,Yes,No,Yes,No,No,Yes,Two year,Yes,Bank transfer (automatic),94.88,4062.4,No
5994-HTBKR,Female,0,No,No,11,Yes,Yes,Fiber optic,No,Yes,Yes,Yes,Yes,No,Month-to-month,No,Credit card (automatic),102.04,1103.67,No
7983-ENHKJ,Female,1,Yes,No,10,Yes,No,DSL,Yes,No,Yes,Yes,Yes,No,Two year,Yes,Bank transfer (automatic),72.92,752.51,No
4394-MTXTF,Male,1,No,No,2,No,No phone service,DSL,Yes,No,Yes,No,Yes,Yes,Month-to-month,Yes,Electronic check,71.75,114.67,No
5983-JIKMZ,Female,0,No,No,7,Yes,No,No,No internet service,No internet service,No internet service,No internet service,No internet service,No internet service,Month-to-month,Yes,Credit card (automatic),27.98,192.05,No
3996-UMDBQ,Male,0,No,No,18,Yes,Yes,Fiber optic,Yes,Yes,Yes,No,Yes,No,Two year,Yes,Credit card (automatic),97.97,1799.59,No
3074-EDZIS,Male,0,Yes,No,72,Yes,Yes,DSL,Yes,Yes,No,Yes,No,Yes,Month-to-month,Yes,Mailed check,76.15,5495.2,No
3791-WSHLT,Female,0,Yes,Yes,7,Yes,No,DSL,Yes,No,No,Yes,Yes,Yes,Month-to-month,No,Credit card (automatic),68.55,441.03,Yes
6406-LIXKX,Male,0,Yes,No,41,Yes,Yes,DSL,No,Yes,Yes,Yes,No,Yes,Two year,No,Electronic check,67.51,2775.3,No
2373-BMVMW,Female,0,No,Yes,23,Yes,No,DSL,No,No,Yes,No,No,No,Two year,Yes,Credit card (automatic),57.74,1343.81,No
9984-LKXHA,Male,1,No,No,72,Yes,Yes,No,No internet service,No internet service,No internet service,No internet service,No internet service,No internet service,Month-to-month,Yes,Credit card (automatic),25.62,1865.49,No
1801-HTFJU,Female,1,No,No,69,Yes,Yes,Fiber optic,No,Yes,Yes,No,No,No,Month-to-month,Yes,Mailed check,85.35,5894.16,No
6857-KFGUG,Male,0,Yes,Yes,31,Yes,Yes,No,No internet service,No internet service,No internet service,No internet service,No internet service,No internet service,Month-to-month,No,Electronic check,18.25,615.75,No
5503-MDAXB,Female,0,No,No,3,Yes,No,Fiber optic,No,No,Yes,No,No,No,One year,Yes,Mailed check,84.78,266.46,Yes
8297-HSBFF,Male,0,No,No,55,Yes,No,DSL,No,Yes,No,Yes,No,Yes,Month-to-month,Yes,Bank transfer (automatic),66.3,3651.65,No
7079-ERXUL,Female,0,Yes,Yes,24,Yes,No,No,No internet service,No internet service,No internet service,No internet service,No internet service,No internet service,One year,Yes,Mailed check,26.54,665.46,No
4212-ZXZVY,Male,0,No,No,24,Yes,No,No,No internet service,No internet service,No internet service,No internet service,No internet service,No internet service,Month-to-month,Yes,Mailed check,29.89,700.63,No
5893-PYCVF,Female,0,No,Yes,40,Yes,No,DSL,No,No,Yes,Yes,No,No,Month-to-month,Yes,Credit card (automatic),56.63,2241.99,No
7243-NVXXY,Female,0,No,Yes,27,Yes,Yes,DSL,No,No,No,No,No,No,Month-to-month,Yes,Electronic check,44.02,1190.29,No
5520-GNKYM,Male,0,No,No,5,No,No phone service,Fiber optic,Yes,No,No,No,Yes,No,Month-to-month,No,Credit card (automatic),90.37,454.94,Yes
2682-EXVAB,Female,0,No,No,31,Yes,No,Fiber optic,No,No,No,Yes,No,No,Month-to-month,Yes,Credit card (automatic),91.37,2843.31,No
4036-HHIVV,Female,1,No,No,31,Yes,No,Fiber optic,Yes,Yes,No,Yes,No,No,One year,Yes,Mailed check,93.56,2880.59,No
1973-KGGKN,Female,1,Yes,Yes,72,Yes,No,Fiber optic,No,No,Yes,No,Yes,Yes,Two year,Yes,Mailed check,98.46,7053.71,No
9012-PMBWM,Female,0,Yes,No,18,Yes,Yes,DSL,Yes,No,No,No,Yes,No,Two year,No,Credit card (automatic),56.62,1027.58,No
3491-MCVBU,Male,0,Yes,No,72,Yes,Yes,DSL,No,No,Yes,Yes,No,No,Month-to-month,No,Electronic check,64.98,4680.2,No
7577-ZIMNV,Male,0,No,No,1,Yes,No,Fiber optic,No,No,No,No,No,No,Month-to-month,Yes,Credit card (automatic),77.19,52.26,Yes
3775-ETSYB,Male,0,Yes,No,65,Yes,No,Fiber optic,No,No,Yes,No,No,No,Month-to-month,Yes,Mailed check,87.85,5692.75,No
4067-HUMUK,Male,0,No,No,16,Yes,No,DSL,No,No,No,Yes,Yes,No,One year,Yes,Credit card (automatic),63.79,1010.95,No
9235-VKTCY,Male,0,No,No,6,Yes,No,No,No internet service,No internet service,No internet service,No internet service,No internet service,No internet service,One year,Yes,Electronic check,26.38,146.46,No
5934-VQVMZ,Female,0,No,No,7,Yes,Yes,Fiber optic,No,Yes,No,No,Yes,No,Two year,No,Mailed check,98.08,670.73,No
8142-GGXVW,Female,0,No,No,5,Yes,Yes,DSL,Yes,Yes,Yes,Yes,Yes,No,Month-to-month,No,Credit card (automatic),76.46,365.71,No
7560-TKOGF,Female,0,Yes,Yes,67,Yes,Yes,No,No internet service,No internet service,No internet service,No internet service,No internet service,No internet service,Month-to-month,Yes,Mailed check,28.94,1948.12,No
7839-XZTBJ,Male,0,Yes,Yes,25,Yes,No,DSL,No,No,Yes,No,Yes,No,One year,No,Electronic check,61.26,1542.7,No
7932-AROSU,Female,0,No,No,59,Yes,Yes,Fiber optic,No,Yes,No,No,No,Yes,Month-to-month,Yes,Credit card (automatic),89.1,5296.51,Yes
4144-CNKZP,Male,0,No,No,12,Yes,No,Fiber optic,No,Yes,No,No,No,Yes,One year,Yes,Mailed check,92.37,1097.44,No
8543-OAQNI,Male,0,No,Yes,20,Yes,No,DSL,No,Yes,No,Yes,No,No,One year,Yes,Credit card (automatic),56.64,1144.28,No
2682-CXNGE,Female,0,Yes,Yes,2,Yes,Yes,DSL,No,Yes,No,No,No,No,One year,Yes,Bank transfer (automatic),55.4,95.49,No
3006-GWAEI,Female,0,No,No,72,Yes,Yes,Fiber optic,No,Yes,Yes,No,No,Yes,Month-to-month,Yes,Electronic check,99.03,7112.5,Yes
5321-LMCQH,Female,0,No,No,65,Yes,No,No,No internet service,No internet service,No internet service,No internet service,No internet service,No internet service,Month-to-month,No,Electronic check,24.99,1630.56,No
7261-QNARO,Female,1,Yes,Yes,63,Yes,No,DSL,Yes,Yes,Yes,No,No,No,One year,Yes,Electronic check,70.54,4440.31,No
9523-YDLQD,Female,0,No,No,70,Yes,No,DSL,Yes,No,No,No,Yes,No,One year,Yes,Mailed check,64.74,4547.2,No
2376-DLDFO,Male,0,Yes,Yes,5,Yes,No,Fiber optic,Yes,No,No,No,No,No,Month-to-month,Yes,Electronic check,87.7,433.78,Yes
9061-XLVRP,Male,0,No,No,9,Yes,Yes,No,No internet service,No internet service,No internet service,No internet service,No internet service,No internet service,Month-to-month,Yes,Electronic check,23.57,205.21,Yes
1516-ZABYP,Female,1,Yes,No,0,Yes,No,DSL,Yes,Yes,Yes,Yes,No,No,One year,Yes,Bank transfer (automatic),71.25,40.29,No
4622-IHJQF,Female,0,No,No,2,Yes,No,Fiber optic,Yes,No,Yes,No,No,Yes,Month-to-month,No,Bank transfer (automatic),96.77,202.56,Yes
8600-JPHSJ,Female,0,Yes,Yes,6,Yes,No,Fiber optic,Yes,No,Yes,No,No,Yes,Month-to-month,Yes,Credit card (automatic),100.61,618.51,Yes
7211-CJDEG,Female,0,Yes,No,58,Yes,Yes,Fiber optic,No,Yes,No,No,No,No,Month-to-month,Yes,Electronic check,81.08,4714.97,Yes
8105-SDBAX,Female,0,No,No,4,Yes,No,Fiber optic,No,No,Yes,No,No,No,Two year,Yes,Bank transfer (automatic),84.88,320.53,No
4610-XAWOU,Female,0,No,No,7,Yes,No,Fiber optic,No,Yes,Yes,No,No,No,Month-to-month,Yes,Electronic check,93.12,654.18,Yes
2749-VHMLT,Male,0,Yes,No,62,Yes,Yes,Fiber optic,No,Yes,Yes,No,No,Yes,Month-to-month,Yes,Bank transfer (automatic),98.63,6108.78,No
8333-JFLNY,Female,0,Yes,Yes,10,Yes,No,DSL,Yes,No,No,No,No,Yes,Month-to-month,No,Credit card (automatic),58.98,560.85,Yes
2162-IFNHC,Female,0,No,No,44,Yes,Yes,Fiber optic,Yes,No,No,No,Yes,Yes,One year,No,Electronic check,101.75,4490.65,No
7723-AASJL,Male,0,Yes,No,4,Yes,No,Fiber optic,No,Yes,No,Yes,Yes,No,Month-to-month,Yes,Credit card (automatic),99.46,391.69,Yes
1834-CZGDL,Male,0,Yes,Yes,9,Yes,No,Fiber optic,No,No,Yes,No,No,Yes,Month-to-month,Yes,Bank transfer (automatic),88.89,816.83,Yes
3600-EIULV,Male,0,Yes,Yes,33,Yes,No,Fiber optic,Yes,Yes,No,No,No,Yes,Month-to-month,Yes,Bank transfer (automatic),99.88,3329.0,No
4055-AXPDN,Female,0,Yes,No,17,Yes,Yes,DSL,No,No,Yes,No,No,No,Month-to-month,No,Electronic check,54.57,945.07,Yes
8504-ZXVSN,Male,0,No,No,64,Yes,No,DSL,No,No,No,No,No,No,Two year,No,Credit card (automatic),48.18,3052.79,No
9557-QARWP,Female,0,No,No,25,Yes,Yes,Fiber optic,No,No,No,No,Yes,No,Month-to-month,Yes,Electronic check,84.77,2144.69,No
8807-PDRQF,Female,0,No,No,66,Yes,No,No,No internet service,No internet service,No internet service,No internet service,No internet service,No internet service,Two year,Yes,Credit card (automatic),25.53,1680.1,No
5688-TAPCP,Male,0,Yes,Yes,6,Yes,No,Fiber optic,No,No,No,No,Yes,Yes,Month-to-month,No,Electronic check,100.24,600.18,Yes
2020-WMSAQ,Female,0,No,No,5,Yes,Yes,No,No internet service,No internet service,No internet service,No internet service,No internet service,No internet service,Two year,No,Bank transfer (automatic),18.25,79.98,No
4494-RWKLL,Female,0,Yes,Yes,52,Yes,No,No,No internet service,No internet service,No internet service,No internet service,No internet service,No internet service,Month-to-month,No,Bank transfer (automatic),28.85,1489.51,No
6073-UABFB,Male,0,No,No,5,Yes,No,No,No internet service,No internet service,No internet service,No internet service,No internet service,No internet service,Month-to-month,Yes,Bank transfer (automatic),28.79,184.74,Yes
6130-VZJZJ,Male,0,No,No,9,Yes,No,No,No internet service,No internet service,No internet service,No internet service,No internet service,No internet service,Month-to-month,Yes,Bank transfer (automatic),23.6,225.16,No
6985-JBNLH,Female,0,No,No,29,Yes,No,No,No internet service,No internet service,No internet service,No internet service,No internet service,No internet service,Month-to-month,Yes,Mailed check,26.2,740.75,No
2752-ZXEBH,Male,0,No,No,12,Yes,No,No,No internet service,No internet service,No internet service,No internet service,No internet service,No internet service,Month-to-month,Yes,Bank transfer (automatic),26.86,341.0,Yes
2982-SJBTL,Male,0,No,No,55,Yes,No,Fiber optic,No,Yes,No,No,Yes,No,Month-to-month,Yes,Credit card (automatic),90.9,5040.72,No
3801-TXJCZ,Female,1,No,No,69,Yes,No,Fiber optic,Yes,Yes,Yes,Yes,No,No,Two year,Yes,Mailed check,99.15,6849.92,No
7032-SCQRN,Female,0,No,No,62,Yes,No,Fiber optic,Yes,Yes,No,No,Yes,No,One year,No,Credit card (automatic),94.89,5866.21,No
2885-UWJZW,Female,0,No,Yes,45,Yes,No,No,No internet service,No internet service,No internet service,No internet service,No internet service,No internet service,Month-to-month,Yes,Bank transfer (automatic),30.75,1368.23,No
1554-UCGJZ,Male,0,No,No,71,Yes,Yes,Fiber optic,No,No,Yes,No,No,No,Month-to-month,No,Bank transfer (automatic),85.46,6061.15,No
8392-ILVPI,Female,0,Yes,No,6,No,No phone service,DSL,No,Yes,No,No,No,No,Two year,Yes,Electronic check,53.26,318.91,No
9981-CRRMZ,Male,0,No,No,4,Yes,Yes,No,No internet service,No internet service,No internet service,No internet service,No internet service,No internet service,Month-to-month,No,Electronic check,25.48,95.29,Yes
1784-JFUUK,Male,1,No,No,8,Yes,Yes,No,No internet service,No internet service,No internet service,No internet service,No internet service,No internet service,Two year,No,Mailed check,24.14,191.72,No
9916-EQXCT,Male,0,Yes,Yes,41,Yes,No,DSL,No,Yes,No,Yes,No,Yes,Two year,No,Electronic check,64.35,2625.46,No
7354-LGDXK,Male,0,No,No,65,Yes,Yes,No,No internet service,No internet service,No internet service,No internet service,No internet service,No internet service,One year,No,Credit card (automatic),25.91,1680.58,No
6136-LIORY,Female,0,Yes,Yes,71,Yes,No,Fiber optic,No,No,Yes,No,No,Yes,Month-to-month,No,Electronic check,95.74,6789.0,No
2917-DNAYS,Male,0,No,No,33,Yes,Yes,Fiber optic,Yes,Yes,Yes,Yes,No,No,Month-to-month,Yes,Electronic check,102.39,3359.29,Yes
8190-HKOQM,Male,0,Yes,No,55,No,No phone service,Fiber optic,No,Yes,No,Yes,Yes,No,Month-to-month,No,Credit card (automatic),94.16,5159.1,No
6210-NENSM,Male,0,No,Yes,30,Yes,No,DSL,Yes,No,No,Yes,No,No,Month-to-month,Yes,Electronic check,66.39,1974.23,No
1073-MYSHT,Female,0,No,No,24,Yes,No,Fiber optic,No,Yes,No,Yes,No,Yes,Two year,No,Credit card (automatic),91.5,2206.55,No
9501-OFIKT,Male,0,No,No,8,Yes,No,DSL,Yes,No,No,Yes,Yes,Yes,One year,Yes,Bank transfer (automatic),79.83,611.67,No
2174-TAUDN,Female,0,No,Yes,61,Yes,No,DSL,Yes,No,No,No,No,No,Two year,Yes,Credit card (automatic),58.78,3557.49,No
5334-NHMME,Female,0,No,No,58,Yes,No,DSL,No,No,No,Yes,Yes,Yes,Month-to-month,No,Electronic check,76.39,4416.35,Yes
6487-XWWRI,Male,0,Yes,Yes,69,Yes,No,Fiber optic,No,No,No,No,No,Yes,One year,Yes,Credit card (automatic),86.66,6011.53,No
4283-IBNZS,Male,0,No,No,34,Yes,No,No,No internet service,No internet service,No internet service,No internet service,No internet service,No internet service,Month-to-month,Yes,Mailed check,24.17,845.76,No
5503-ZHQTU,Female,0,No,No,57,Yes,No,DSL,No,No,No,Yes,No,No,One year,Yes,Mailed check,62.6,3586.89,No
2235-XMRBF,Female,0,Yes,No,67,Yes,No,DSL,No,No,No,No,No,Yes,One year,Yes,Credit card (automatic),63.48,4237.43,No
4946-WAEEQ,Female,0,Yes,No,2,Yes,No,DSL,Yes,Yes,Yes,Yes,No,Yes,Two year,Yes,Bank transfer (automatic),70.49,159.5,No
7692-VSQZN,Male,0,No,No,38,Yes,Yes,Fiber optic,No,No,No,No,No,Yes,Two year,Yes,Electronic check,90.29,3420.88,No
1323-HAFHF,Male,0,No,No,24,Yes,Yes,Fiber optic,No,No,No,No,No,No,Month-to-month,No,Mailed check,84.77,2028.73,No
9834-NCMAU,Female,0,No,No,68,Yes,No,Fiber optic,No,Yes,No,Yes,Yes,Yes,Month-to-month,Yes,Electronic check,106.1,7227.01,Yes
8914-NULPN,Male,0,Yes,No,43,Yes,Yes,Fiber optic,No,Yes,No,No,Yes,Yes,One year,No,Mailed check,99.17,4225.81,No
2096-DKCAU,Female,0,Yes,Yes,57,No,No phone service,Fiber optic,No,No,No,No,No,No,Month-to-month,Yes,Credit card (automatic),76.01,4342.38,No
2063-EGRHK,Male,0,Yes,Yes,62,Yes,No,Fiber optic,No,No,No,No,No,Yes,Two year,Yes,Mailed check,94.2,5833.1,No
5157-UOVVS,Male,0,Yes,Yes,12,Yes,Yes,DSL,Yes,No,Yes,No,Yes,No,Two year,Yes,Credit card (automatic),70.05,827.35,No
6294-YDJDE,Female,0,No,No,1,Yes,Yes,DSL,No,No,Yes,No,Yes,Yes,Month-to-month,Yes,Credit card (automatic),68.73,99.61,No
4126-CDADH,Male,0,Yes,Yes,64,Yes,No,DSL,No,Yes,No,No,No,No,Month-to-month,No,Electronic check,53.59,3432.85,No
5130-IWHOQ,Male,1,No,No,37,Yes,No,No,No internet service,No internet service,No internet service,No internet service,No internet service,No internet service,Month-to-month,No,Credit card (automatic),20.27,767.19,No
7168-CEFZS,Male,0,No,No,30,Yes,No,DSL,Yes,No,Yes,No,Yes,Yes,One year,No,Mailed check,75.06,2233.66,No
2403-LAEIV,Male,1,No,No,4,Yes,No,DSL,Yes,Yes,Yes,No,No,No,Month-to-month,No,Bank transfer (automatic),64.05,257.1,Yes
6632-FCCVA,Female,0,No,No,18,No,No phone service,Fiber optic,Yes,No,No,No,Yes,Yes,Two year,Yes,Bank transfer (automatic),99.58,1798.0,No
3103-QKYYB,Female,0,Yes,No,63,Yes,Yes,Fiber optic,Yes,No,No,No,Yes,No,Month-to-month,Yes,Electronic check,97.38,6104.0,No
8445-HUUUF,Female,1,Yes,Yes,40,Yes,Yes,DSL,Yes,No,Yes,No,No,Yes,Month-to-month,No,Mailed check,69.13,2739.11,No
6244-HKLMD,Female,0,No,No,29,Yes,No,DSL,No,No,Yes,Yes,Yes,No,Month-to-month,No,Electronic check,66.42,1930.43,No
4313-AEYRS,Female,0,Yes,Yes,11,Yes,No,DSL,No,Yes,Yes,No,Yes,No,Month-to-month,No,Electronic check,63.47,687.92,Yes
3622-KVEJN,Male,0,No,Yes,17,Yes,Yes,Fiber optic,No,Yes,No,No,Yes,Yes,Month-to-month,No,Bank transfer (automatic),104.46,1764.82,No
4409-SJWMV,Male,1,Yes,Yes,15,Yes,No,Fiber optic,No,No,Yes,No,No,No,One year,Yes,Mailed check,89.44,1361.12,Yes
5321-IZWPG,Female,0,No,No,26,Yes,No,Fiber optic,Yes,Yes,No,Yes,Yes,Yes,Month-to-month,Yes,Electronic check,105.67,2781.05,Yes
9907-FKLEV,Male,0,No,No,38,Yes,No,DSL,No,No,No,No,Yes,No,One year,Yes,Mailed check,58.52,2229.59,No
3827-ZWPEK,Male,1,No,No,58,No,No phone service,No,No internet service,No internet service,No internet service,No internet service,No internet service,No internet service,Month-to-month,Yes,Electronic check,18.25,1088.6,Yes
4240-MQMPS,Female,0,Yes,No,20,Yes,No,Fiber optic,No,Yes,No,No,No,No,Month-to-month,Yes,Electronic check,82.93,1667.31,Yes
5670-FPMUZ,Male,1,No,No,67,Yes,No,DSL,No,Yes,No,Yes,Yes,No,Month-to-month,Yes,Credit card (automatic),70.72,4739.48,No
7092-EXEIF,Male,0,Yes,Yes,15,Yes,No,Fiber optic,Yes,Yes,Yes,No,Yes,No,Month-to-month,No,Bank transfer (automatic),107.75,1591.52,Yes
3007-LMMJO,Female,0,Yes,No,9,Yes,Yes,DSL,No,No,Yes,No,Yes,No,One year,No,Electronic check,63.54,595.67,Yes
6378-KTSPV,Female,0,Yes,No,51,Yes,No,No,No internet service,No internet service,No internet service,No internet service,No internet service,No internet service,One year,Yes,Mailed check,27.54,1385.23,No
8067-BDZEN,Male,0,No,No,26,Yes,No,Fiber optic,No,Yes,No,No,Yes,No,Month-to-month,No,Credit card (automatic),96.65,2525.89,Yes
5297-NETGI,Female,0,Yes,Yes,44,Yes,Yes,Fiber optic,Yes,Yes,No,No,No,No,Month-to-month,Yes,Mailed check,81.23,3589.46,Yes
5248-EIWYM,Female,0,Yes,No,29,Yes,Yes,DSL,Yes,Yes,No,No,No,Yes,Month-to-month,No,Electronic check,69.04,2038.76,No
9161-ORKZT,Male,0,No,No,61,Yes,No,DSL,No,No,No,No,No,Yes,Month-to-month,Yes,Electronic check,60.61,3702.99,No
8326-ICBJX,Male,0,Yes,No,18,Yes,Yes,DSL,No,No,Yes,No,Yes,No,Month-to-month,Yes,Mailed check,58.11,1012.48,No
7677-UTRAK,Female,0,Yes,Yes,4,Yes,No,No,No internet service,No internet service,No internet service,No internet service,No internet service,No internet service,Two year,No,Credit card (automatic),24.29,71.5,No
1231-YOLAG,Male,1,No,No,30,Yes,No,Fiber optic,Yes,No,No,No,No,Yes,Two year,Yes,Electronic check,86.81,2594.89,Yes
9239-QEQUD,Male,0,No,Yes,20,Yes,Yes,DSL,No,No,No,No,No,Yes,Month-to-month,No,Mailed check,56.28,1112.08,Yes
5792-NPSFZ,Male,0,Yes,Yes,6,Yes,Yes,Fiber optic,Yes,Yes,Yes,No,No,Yes,Month-to-month,Yes,Electronic check,102.25,592.95,No
4884-FYQKH,Male,0,No,No,63,Yes,No,DSL,No,No,Yes,Yes,No,Yes,One year,No,Credit card (automatic),68.02,4269.43,No
8226-OKPJT,Female,0,No,No,37,Yes,No,DSL,Yes,No,No,No,No,No,Month-to-month,No,Credit card (automatic),56.77,2108.88,Yes
9060-HETVN,Female,0,No,No,25,Yes,No,Fiber optic,Yes,No,Yes,No,Yes,Yes,Month-to-month,Yes,Electronic check,101.81,2540.01,No
4938-VTUQP,Male,0,Yes,No,61,Yes,No,Fiber optic,No,Yes,No,Yes,No,Yes,Month-to-month,No,Bank transfer (automatic),94.57,5770.31,No
6530-OYHOB,Female,0,Yes,Yes,67,No,No phone service,DSL,No,No,No,No,No,No,Two year,Yes,Mailed check,43.57,2904.53,No
5772-WOOMP,Female,0,Yes,Yes,7,Yes,No,Fiber optic,Yes,No,Yes,Yes,No,No,Month-to-month,Yes,Credit card (automatic),96.68,643.53,Yes
9332-YMFBR,Female,0,Yes,Yes,5,Yes,Yes,Fiber optic,Yes,Yes,No,No,Yes,No,One year,Yes,Mailed check,99.79,491.64,No
8058-VEXTH,Male,0,No,Yes,9,Yes,Yes,Fiber optic,Yes,No,No,No,No,Yes,Month-to-month,No,Credit card (automatic),101.34,865.46,No
5489-RUXME,Male,0,No,Yes,1,Yes,Yes,DSL,No,No,No,No,Yes,Yes,Month-to-month,No,Electronic check,69.21,79.53,Yes
4347-LARQS,Male,1,Yes,No,25,Yes,No,DSL,Yes,No,No,No,No,No,Month-to-month,Yes,Bank transfer (automatic),54.19,1354.44,No
2227-IZTGX,Female,1,Yes,Yes,62,Yes,No,DSL,No,No,Yes,No,No,Yes,Two year,Yes,Electronic check,65.68,4048.75,No
6373-ZNFNP,Female,1,Yes,No,72,Yes,No,No,No internet service,No internet service,No internet service,No internet service,No internet service,No internet service,Month-to-month,Yes,Electronic check,24.17,1741.7,Yes
9142-CVGHN,Male,0,No,No,72,Yes,Yes,DSL,No,No,No,Yes,No,No,Month-to-month,No,Credit card (automatic),50.81,3662.05,Yes
9623-KOGES,Female,0,No,No,19,Yes,Yes,No,No internet service,No internet service,No internet service,No internet service,No internet service,No internet service,Two year,Yes,Bank transfer (automatic),22.4,440.06,No
4472-VLEYQ,Male,0,No,No,6,No,No phone service,DSL,No,No,No,No,No,No,Two year,Yes,Bank transfer (automatic),46.95,276.33,No
7521-ASABB,Male,0,No,No,6,No,No phone service,DSL,No,No,No,No,Yes,Yes,One year,No,Mailed check,61.0,362.04,No
6917-FRCEC,Male,0,No,Yes,16,Yes,Yes,DSL,No,Yes,Yes,Yes,No,No,Month-to-month,Yes,Mailed check,64.06,1040.38,Yes
2100-YGTHJ,Male,0,Yes,Yes,21,Yes,No,Fiber optic,No,No,Yes,Yes,No,Yes,Two year,Yes,Electronic check,98.61,2046.8,No
5720-LERUH,Female,0,Yes,Yes,20,Yes,No,Fiber optic,No,No,Yes,Yes,No,Yes,Month-to-month,Yes,Bank transfer (automatic),99.49,2003.72,No
8757-YJVPJ,Female,1,Yes,No,60,Yes,No,No,No internet service,No internet service,No internet service,No internet service,No internet service,No internet service,Month-to-month,Yes,Credit card (automatic),26.25,1551.95,No
1451-ULKNB,Male,0,Yes,No,50,Yes,No,Fiber optic,No,No,Yes,Yes,No,Yes,Two year,Yes,Credit card (automatic),96.48,4825.82,No
6368-BZJMO,Female,0,No,No,60,Yes,No,No,No internet service,No internet service,No internet service,No internet service,No internet service,No internet service,Two year,No,Bank transfer (automatic),22.17,1300.52,No
2404-MZJIX,Male,0,Yes,No,64,Yes,No,Fiber optic,No,No,No,No,Yes,No,Month-to-month,No,Electronic check,86.5,5517.65,No
6246-CGKGD,Male,0,Yes,Yes,2,Yes,No,No,No internet service,No internet service,No internet service,No internet service,No internet service,No internet service,One year,No,Bank transfer (automatic),29.26,65.42,No
5918-GMQLT,Female,1,Yes,No,6,Yes,No,DSL,No,Yes,No,No,Yes,Yes,Month-to-month,Yes,Bank transfer (automatic),69.34,403.37,Yes
8596-WDQBK,Female,0,Yes,No,5,Yes,No,No,No internet service,No internet service,No internet service,No internet service,No internet service,No internet service,Month-to-month,Yes,Bank transfer (automatic),23.66,136.17,Yes
1862-HVHZP,Male,0,No,No,20,Yes,Yes,DSL,No,No,No,Yes,Yes,No,Month-to-month,Yes,Electronic check,62.49,1226.39,No
7037-BMJXS,Female,0,Yes,No,72,Yes,No,DSL,No,No,No,No,No,No,Month-to-month,Yes,Mailed check,42.68,3065.21,No
6540-TBGQA,Female,0,Yes,No,66,Yes,No,Fiber optic,No,No,No,No,No,No,Month-to-month,No,Electronic check,82.79,5438.65,No
8816-RVSGW,Male,0,Yes,No,55,Yes,No,DSL,Yes,No,No,No,Yes,No,Month-to-month,Yes,Bank transfer (automatic),58.84,3282.68,No
9217-RQPNJ,Male,0,No,No,66,Yes,Yes,DSL,Yes,No,Yes,No,No,Yes,Two year,No,Credit card (automatic),63.68,4221.65,No
7747-PLFSZ,Female,0,Yes,Yes,28,Yes,Yes,Fiber optic,No,No,No,Yes,No,Yes,Month-to-month,No,Credit card (automatic),86.89,2428.61,Yes
5753-LOFHF,Female,0,No,No,5,Yes,No,Fiber optic,No,No,No,No,Yes,Yes,One year,Yes,Bank transfer (automatic),89.74,404.27,Yes
5669-CXUWP,Female,1,Yes,No,5,Yes,No,Fiber optic,No,No,No,No,No,No,Month-to-month,Yes,Electronic check,83.54,401.26,Yes
4444-ODEMV,Female,0,No,No,43,Yes,Yes,No,No internet service,No internet service,No internet service,No internet service,No internet service,No internet service,Month-to-month,Yes,Credit card (automatic),25.51,1115.52,No
9607-YOMEE,Female,0,No,No,41,Yes,Yes,Fiber optic,No,Yes,Yes,No,Yes,No,Month-to-month,Yes,Electronic check,99.25,4057.14,No
2829-NRHJM,Female,0,No,Yes,69,Yes,Yes,DSL,Yes,No,No,No,Yes,No,Month-to-month,No,Electronic check,63.12,4315.62,No
1501-SZDTB,Male,0,Yes,No,18,Yes,Yes,DSL,No,No,Yes,No,Yes,No,One year,Yes,Electronic check,65.48,1185.04,No
6767-SEDOV,Male,0,Yes,No,0,Yes,Yes,DSL,Yes,No,No,Yes,Yes,No,Month-to-month,Yes,Credit card (automatic),67.13,0.0,Yes
9761-TRKIB,Female,0,Yes,Yes,3,Yes,Yes,Fiber optic,No,No,No,No,Yes,Yes,One year,Yes,Mailed check,100.53,276.7,Yes
9974-RLHBR,Male,0,No,Yes,9,Yes,Yes,DSL,No,No,Yes,No,No,No,One year,Yes,Electronic check,54.92,475.07,No
6389-FHRMN,Male,0,Yes,No,4,Yes,No,DSL,No,Yes,Yes,No,Yes,Yes,One year,Yes,Electronic check,78.65,305.16,Yes
8246-EUPJY,Male,0,No,Yes,11,Yes,No,Fiber optic,Yes,No,No,Yes,No,No,Two year,Yes,Electronic check,90.4,1012.14,Yes
7327-JTYCJ,Female,0,Yes,Yes,46,Yes,No,DSL,No,Yes,No,Yes,No,Yes,One year,Yes,Electronic check,69.9,3238.78,No
1360-JHSEB,Male,0,Yes,No,40,Yes,No,Fiber optic,Yes,Yes,No,No,No,Yes,Month-to-month,No,Bank transfer (automatic),97.65,3909.27,No
8235-DMNMQ,Male,0,No,No,37,Yes,Yes,DSL,No,Yes,No,No,Yes,Yes,Month-to-month,No,Credit card (automatic),69.68,2573.52,No
4215-WBBJF,Female,1,Yes,No,7,Yes,No,DSL,No,No,No,No,No,Yes,Two year,No,Electronic check,61.69,420.47,No
8057-PSNWG,Male,0,No,No,39,Yes,Yes,DSL,No,No,Yes,No,No,Yes,One year,Yes,Bank transfer (automatic),66.52,2561.86,No
1368-BZEWO,Male,0,No,Yes,8,Yes,No,DSL,No,Yes,No,No,No,No,Two year,No,Bank transfer (automatic),54.98,455.28,No
7736-AJKPJ,Female,0,No,No,10,Yes,Yes,DSL,No,No,No,No,No,No,Month-to-month,Yes,Credit card (automatic),52.2,511.98,No
5214-PIRBR,Female,1,Yes,No,7,Yes,No,DSL,No,Yes,No,No,Yes,Yes,Two year,Yes,Credit card (automatic),71.5,465.27,No
3011-HZPED,Male,0,No,No,72,Yes,Yes,Fiber optic,Yes,No,No,Yes,No,No,Month-to-month,No,Electronic check,91.55,6587.59,No
9983-VDASA,Male,0,Yes,Yes,4,Yes,Yes,No,No internet service,No internet service,No internet service,No internet service,No internet service,No internet service,Month-to-month,Yes,Electronic check,23.72,119.05,No
7010-ERGYB,Female,0,No,No,6,Yes,Yes,DSL,No,No,No,Yes,No,No,Month-to-month,No,Bank transfer (automatic),56.6,354.72,Yes
3521-IDCAM,Male,0,No,No,31,Yes,Yes,Fiber optic,No,No,Yes,Yes,No,No,Month-to-month,Yes,Bank transfer (automatic),90.11,2796.81,Yes
2213-SAOKM,Female,0,Yes,Yes,30,Yes,No,DSL,No,No,No,No,No,No,Month-to-month,Yes,Electronic check,55.93,1709.76,No
8892-UYGDS,Male,0,No,No,7,Yes,Yes,Fiber optic,No,No,No,No,No,Yes,Month-to-month,No,Credit card (automatic),86.37,614.23,Yes
8569-YMCTN,Male,0,Yes,No,46,Yes,Yes,No,No internet service,No internet service,No internet service,No internet service,No internet service,No internet service,Month-to-month,Yes,Electronic check,25.2,1163.2,Yes
7605-QYYBC,Female,1,Yes,Yes,52,Yes,Yes,Fiber optic,Yes,Yes,No,No,Yes,No,Month-to-month,Yes,Electronic check,97.77,5110.95,No
5431-VZKUA,Male,0,Yes,No,32,Yes,No,Fiber optic,Yes,No,Yes,No,No,Yes,Month-to-month,No,Mailed check,101.35,3256.45,Yes
1069-RFTEM,Female,0,Yes,Yes,3,Yes,Yes,DSL,No,No,No,No,Yes,Yes,One year,Yes,Electronic check,65.48,208.12,Yes
5617-ZJCAX,Female,1,No,Yes,63,Yes,No,Fiber optic,Yes,No,Yes,No,No,Yes,Month-to-month,Yes,Bank transfer (automatic),93.27,5890.88,No
9293-ULUIU,Male,1,Yes,No,2,Yes,No,DSL,Yes,No,Yes,Yes,No,No,Month-to-month,No,Electronic check,71.21,140.63,No
9300-PLYZY,Male,1,No,No,29,Yes,No,No,No internet service,No internet service,No internet service,No internet service,No internet service,No internet service,Month-to-month,No,Credit card (automatic),22.35,683.72,No
4882-RHQZF,Male,0,Yes,Yes,15,Yes,No,DSL,No,No,No,No,Yes,No,Month-to-month,Yes,Bank transfer (automatic),64.94,967.61,No
9897-FRTXY,Female,1,Yes,No,13,Yes,No,DSL,No,Yes,No,No,Yes,No,Two year,Yes,Mailed check,61.73,829.78,No
2381-DPIWM,Male,0,Yes,No,12,No,No phone service,Fiber optic,Yes,Yes,Yes,No,No,Yes,Month-to-month,No,Bank transfer (automatic),98.45,1221.53,Yes
3651-ZAEBX,Male,0,No,No,15,Yes,Yes,DSL,No,Yes,Yes,No,No,No,Month-to-month,Yes,Electronic check,61.36,934.77,No
5365-ZIFGZ,Female,0,Yes,No,57,Yes,No,DSL,No,No,No,No,No,No,One year,Yes,Mailed check,51.69,2933.72,No
6356-LMCLK,Male,1,No,Yes,5,Yes,No,DSL,Yes,Yes,Yes,No,No,No,Month-to-month,Yes,Electronic check,72.77,363.9,Yes
1003-SMCLW,Male,0,Yes,Yes,8,Yes,No,Fiber optic,No,No,No,Yes,No,No,Month-to-month,Yes,Mailed check,83.33,677.35,Yes
6384-DIXWN,Male,0,No,No,26,Yes,No,No,No internet service,No internet service,No internet service,No internet service,No internet service,No internet service,Month-to-month,Yes,Electronic check,29.2,766.56,No
7582-FSZIP,Male,0,No,No,21,Yes,Yes,Fiber optic,No,No,Yes,No,Yes,No,Two year,Yes,Mailed check,102.8,2189.21,No
2075-AZLTB,Male,0,Yes,No,63,Yes,No,Fiber optic,Yes,Yes,No,Yes,No,Yes,One year,Yes,Electronic check,102.82,6481.21,No
1313-WKLUG,Male,0,No,No,7,Yes,No,DSL,Yes,Yes,Yes,Yes,Yes,Yes,One year,Yes,Electronic check,86.75,599.05,Yes
1450-TCEJZ,Female,0,No,Yes,9,Yes,No,Fiber optic,No,No,No,No,Yes,No,Two year,Yes,Mailed check,95.27,850.96,No
1052-VEXRY,Male,0,No,No,2,Yes,Yes,DSL,Yes,Yes,Yes,No,Yes,Yes,One year,Yes,Electronic check,77.45,168.48,No
2704-TEFDH,Female,0,Yes,Yes,10,Yes,Yes,DSL,No,Yes,No,Yes,No,No,Month-to-month,Yes,Electronic check,57.79,623.88,No
9602-HSQPC,Male,0,No,No,4,Yes,Yes,DSL,No,No,No,No,Yes,No,Month-to-month,No,Mailed check,59.6,246.47,Yes
9256-NEPBT,Female,0,Yes,Yes,19,Yes,No,No,No internet service,No internet service,No internet service,No internet service,No internet service,No internet service,One year,Yes,Electronic check,23.16,415.13,No
7662-NHVDX,Male,0,Yes,No,70,No,No phone service,DSL,Yes,Yes,No,No,No,Yes,One year,Yes,Mailed check,57.15,3989.56,No
8654-AQIRM,Female,0,No,No,70,Yes,No,DSL,No,No,Yes,No,Yes,No,Two year,No,Electronic check,66.15,4597.61,No
3345-IQYRS,Male,1,Yes,No,55,Yes,No,Fiber optic,Yes,Yes,No,No,Yes,No,Month-to-month,Yes,Credit card (automatic),96.72,5332.77,Yes
9723-DHQQX,Male,0,Yes,No,72,Yes,No,Fiber optic,No,No,No,No,No,No,Month-to-month,Yes,Bank transfer (automatic),82.49,5959.92,No
9760-IOHDN,Male,0,Yes,Yes,26,Yes,No,DSL,No,No,No,No,No,Yes,Month-to-month,No,Bank transfer (automatic),60.94,1591.09,No
8708-NWEUU,Male,0,No,No,61,Yes,Yes,DSL,No,Yes,No,No,Yes,No,Month-to-month,Yes,Electronic check,67.18,4119.29,No
1323-GPLWL,Female,0,No,No,18,Yes,Yes,DSL,No,No,No,No,Yes,Yes,One year,Yes,Bank transfer (automatic),65.63,1187.95,No
6531-QMOTG,Male,0,Yes,No,31,Yes,No,DSL,Yes,Yes,Yes,No,No,Yes,Month-to-month,Yes,Mailed check,67.32,2125.22,No
6065-PKBJZ,Female,0,No,No,58,Yes,No,DSL,No,No,No,No,Yes,No,Month-to-month,No,Bank transfer (automatic),59.33,3458.2,No
6460-WTORA,Female,1,No,No,6,Yes,No,Fiber optic,No,Yes,No,Yes,No,Yes,Two year,Yes,Bank transfer (automatic),97.57,595.6,No
8526-EHNNN,Male,1,Yes,Yes,72,Yes,No,Fiber optic,No,No,No,Yes,No,No,Two year,Yes,Bank transfer (automatic),85.32,6130.41,No
9078-WUMEW,Female,0,No,No,7,Yes,No,Fiber optic,Yes,No,No,Yes,No,Yes,Two year,No,Bank transfer (automatic),93.35,663.85,No
6175-WDSJA,Male,0,No,Yes,68,No,No phone service,DSL,No,Yes,No,Yes,No,No,Month-to-month,No,Bank transfer (automatic),54.23,3690.91,No
8877-OFZUA,Male,1,No,No,21,Yes,No,DSL,No,Yes,No,No,Yes,No,Two year,No,Mailed check,63.02,1328.74,No
3613-XNNEP,Female,0,No,No,13,Yes,Yes,Fiber optic,No,No,No,No,Yes,No,Two year,No,Bank transfer (automatic),88.36,1129.9,No
4655-LUETJ,Male,0,Yes,Yes,37,Yes,Yes,Fiber optic,Yes,Yes,Yes,No,No,No,One year,No,Mailed check,96.96,3586.41,No
8209-ZQTQO,Male,0,Yes,No,31,Yes,Yes,DSL,No,Yes,Yes,No,No,Yes,Month-to-month,Yes,Credit card (automatic),67.89,2113.55,Yes
5646-GJREG,Female,0,Yes,No,16,No,No phone service,Fiber optic,No,No,No,No,Yes,No,Two year,No,Credit card (automatic),86.9,1414.19,No
8281-ENWPI,Female,0,No,No,22,Yes,Yes,DSL,No,No,No,Yes,Yes,No,One year,No,Mailed check,65.44,1466.27,No
3645-OWDFU,Female,0,Yes,Yes,8,Yes,No,DSL,Yes,Yes,No,Yes,No,No,Month-to-month,No,Electronic check,64.52,535.38,No
2560-QTAVD,Male,0,Yes,Yes,35,Yes,No,DSL,No,Yes,Yes,No,No,Yes,Month-to-month,No,Mailed check,65.75,2291.34,No
2072-CRBQP,Male,0,No,No,31,Yes,Yes,Fiber optic,No,No,Yes,No,Yes,No,Month-to-month,Yes,Electronic check,95.73,2969.38,Yes
4242-AOLOR,Female,0,Yes,No,12,Yes,No,DSL,Yes,Yes,Yes,No,No,No,Two year,Yes,Electronic check,64.06,760.09,No
3117-PSZDF,Female,0,No,No,10,Yes,Yes,Fiber optic,No,No,Yes,Yes,No,No,Month-to-month,No,Credit card (automatic),98.15,960.73,No
1982-IPSTI,Female,0,No,No,8,Yes,Yes,No,No internet service,No internet service,No internet service,No internet service,No internet service,No internet service,Month-to-month,No,Bank transfer (automatic),27.18,220.38,No
9523-LYLVN,Male,0,No,No,9,Yes,No,DSL,No,No,Yes,No,No,Yes,Month-to-month,Yes,Bank transfer (automatic),64.38,571.13,No
3271-GGAWV,Male,0,Yes,Yes,20,No,No phone service,No,No internet service,No internet service,No internet service,No internet service,No internet service,No internet service,Month-to-month,No,Mailed check,20.62,428.18,No
3913-DWLCT,Male,0,Yes,Yes,1,Yes,No,DSL,No,Yes,No,No,Yes,No,One year,Yes,Credit card (automatic),66.2,73.4,No
5508-OKQNM,Female,0,No,No,60,No,No phone service,No,No internet service,No internet service,No internet service,No internet service,No internet service,No internet service,One year,Yes,Mailed check,18.33,1077.25,No
6366-OWXFG,Female,0,No,No,7,Yes,Yes,Fiber optic,No,Yes,No,No,No,No,Month-to-month,Yes,Electronic check,82.14,575.85,Yes
3806-DXKWJ,Female,0,Yes,No,3,Yes,No,DSL,No,No,No,No,Yes,No,Two year,No,Mailed check,59.69,173.34,No
1446-XZENR,Female,0,Yes,Yes,16,Yes,Yes,DSL,No,No,No,No,Yes,No,Month-to-month,Yes,Credit card (automatic),59.94,909.04,Yes
5831-FUTNH,Male,0,Yes,No,10,Yes,Yes,No,No internet service,No internet service,No internet service,No internet service,No internet service,No internet service,Two year,Yes,Credit card (automatic),22.25,212.35,No
7724-CLUQA,Female,0,No,Yes,11,Yes,Yes,No,No internet service,No internet service,No internet service,No internet service,No internet service,No internet service,Month-to-month,Yes,Mailed check,29.25,331.1,No
3624-EJJZF,Male,1,Yes,Yes,12,Yes,Yes,DSL,No,No,Yes,No,No,No,Month-to-month,Yes,Bank transfer (automatic),51.93,648.42,No
3009-BHMDX,Male,1,Yes,No,24,Yes,Yes,DSL,No,No,No,No,No,Yes,Two year,No,Credit card (automatic),54.98,1317.77,No
3813-PWJDW,Female,0,Yes,No,50,Yes,No,DSL,Yes,No,No,No,No,No,Two year,Yes,Bank transfer (automatic),52.82,2659.05,No
4737-WGZGP,Male,0,Yes,Yes,51,Yes,No,No,No internet service,No internet service,No internet service,No internet service,No internet service,No internet service,Month-to-month,Yes,Mailed check,29.34,1476.15,No
9703-DFVIW,Male,0,No,No,35,Yes,No,DSL,No,No,No,No,Yes,No,Month-to-month,Yes,Bank transfer (automatic),55.93,1968.57,No
3660-PDDES,Male,1,Yes,No,12,Yes,Yes,DSL,No,Yes,Yes,No,Yes,No,One year,No,Electronic check,70.17,892.04,Yes
4489-FEVHG,Male,0,Yes,No,5,Yes,Yes,Fiber optic,No,No,No,Yes,No,No,Month-to-month,No,Electronic check,83.4,403.82,No
8519-FFXFG,Male,0,Yes,No,26,Yes,No,DSL,No,No,No,No,No,Yes,One year,No,Bank transfer (automatic),55.86,1452.45,No
4177-IFTSF,Male,0,No,No,19,Yes,No,DSL,No,No,Yes,No,No,Yes,Month-to-month,Yes,Bank transfer (automatic),67.56,1315.79,Yes
9904-AGVWM,Female,0,No,Yes,1,Yes,No,DSL,No,No,No,No,No,Yes,Month-to-month,Yes,Electronic check,56.97,56.32,Yes
3266-CQZQH,Male,0,Yes,Yes,57,No,No phone service,No,No internet service,No internet service,No internet service,No internet service,No internet service,No internet service,Two year,Yes,Bank transfer (automatic),18.25,1048.48,No
2860-MXDPH,Male,0,No,No,72,Yes,No,Fiber optic,No,Yes,Yes,Yes,Yes,No,Month-to-month,No,Mailed check,105.18,7570.93,No
8325-TSPHO,Female,0,No,No,15,Yes,No,DSL,No,No,Yes,No,No,Yes,Two year,Yes,Bank transfer (automatic),63.25,926.86,No
4601-USUMW,Male,0,Yes,No,17,Yes,Yes,Fiber optic,No,No,Yes,No,Yes,Yes,Month-to-month,No,Electronic check,104.98,1832.84,Yes
5733-SSBGA,Female,0,No,No,12,Yes,No,DSL,No,No,No,No,No,No,One year,No,Electronic check,49.73,561.81,No
8720-SINOJ,Male,0,Yes,No,11,Yes,No,Fiber optic,No,No,No,Yes,Yes,No,Month-to-month,Yes,Credit card (automatic),96.62,1038.0,Yes
3224-QHLKR,Female,0,No,Yes,67,No,No phone service,DSL,No,No,Yes,Yes,Yes,No,One year,Yes,Bank transfer (automatic),58.15,3916.09,No
5501-PMMDZ,Male,0,No,No,11,Yes,No,No,No internet service,No internet service,No internet service,No internet service,No internet service,No internet service,Month-to-month,No,Electronic check,24.04,254.11,No
4154-BSWUC,Female,0,No,No,15,Yes,Yes,Fiber optic,Yes,No,No,Yes,No,Yes,Two year,Yes,Credit card (automatic),95.3,1471.43,No
9937-QHTTB,Male,1,No,No,8,Yes,No,Fiber optic,Yes,No,No,No,No,No,Month-to-month,Yes,Bank transfer (automatic),84.36,674.5,Yes
2473-SZYMU,Female,0,No,Yes,15,Yes,No,No,No internet service,No internet service,No internet service,No internet service,No internet service,No internet service,Month-to-month,Yes,Bank transfer (automatic),28.02,370.3,Yes
1138-TXXIB,Female,1,Yes,Yes,12,Yes,Yes,No,No internet service,No internet service,No internet service,No internet service,No internet service,No internet service,Month-to-month,No,Bank transfer (automatic),28.13,306.89,No
9671-XIGFW,Female,0,Yes,Yes,56,No,No phone service,No,No internet service,No internet service,No internet service,No internet service,No internet service,No internet service,Two year,Yes,Electronic check,21.52,1205.4,No
7213-GDNCM,Male,1,No,No,10,Yes,Yes,Fiber optic,No,No,No,Yes,No,Yes,Month-to-month,No,Electronic check,94.13,916.11,Yes
4916-MRGSK,Male,0,No,No,53,Yes,No,Fiber optic,No,No,No,No,Yes,Yes,Month-to-month,No,Mailed check,99.41,5282.03,Yes
8817-ISHSV,Male,0,No,No,2,Yes,No,DSL,No,Yes,No,Yes,Yes,No,One year,No,Mailed check,68.5,165.69,No
1721-OMPET,Female,0,Yes,No,10,Yes,No,DSL,No,No,Yes,No,No,No,Month-to-month,Yes,Credit card (automatic),50.65,485.55,Yes
5912-KDACG,Male,0,Yes,Yes,16,Yes,No,Fiber optic,Yes,No,No,No,No,Yes,One year,Yes,Electronic check,97.67,1582.0,No
9548-HLYPX,Male,0,No,No,37,Yes,No,DSL,Yes,No,No,No,No,No,Month-to-month,No,Mailed check,55.17,2046.24,No
3342-ZPMEC,Male,0,No,No,5,No,No phone service,Fiber optic,No,No,No,No,No,No,Two year,No,Bank transfer (automatic),73.12,378.8,No
5305-FPCQG,Male,0,Yes,No,72,Yes,Yes,Fiber optic,No,No,Yes,No,No,No,Month-to-month,Yes,Credit card (automatic),83.63,5981.78,No
2435-QLVEF,Female,0,Yes,No,28,No,No phone service,Fiber optic,Yes,No,No,Yes,No,No,Month-to-month,No,Bank transfer (automatic),82.24,2287.88,No
7997-VDXST,Male,0,Yes,Yes,25,Yes,No,No,No internet service,No internet service,No internet service,No internet service,No internet service,No internet service,Month-to-month,Yes,Electronic check,19.81,472.59,No
2704-RJXSD,Female,1,No,No,5,Yes,No,Fiber optic,Yes,Yes,No,No,No,No,Month-to-month,No,Bank transfer (automatic),89.83,480.09,Yes
7599-JNANR,Female,1,Yes,Yes,57,Yes,No,No,No internet service,No internet service,No internet service,No internet service,No internet service,No internet service,Month-to-month,No,Bank transfer (automatic),23.44,1323.84,No
2582-XCTAW,Male,1,Yes,No,30,Yes,No,DSL,No,No,Yes,No,No,No,One year,No,Credit card (automatic),50.35,1523.97,No
4943-TXOEC,Male,0,No,No,23,Yes,No,DSL,No,No,Yes,No,Yes,Yes,Two year,No,Mailed check,76.01,1731.45,No
1588-GHGXY,Male,0,Yes,No,7,Yes,No,Fiber optic,No,No,No,No,No,Yes,Month-to-month,Yes,Mailed check,82.14,550.64,Yes
1444-TJQJI,Male,0,Yes,Yes,19,Yes,No,DSL,No,Yes,No,No,No,No,Month-to-month,Yes,Bank transfer (automatic),54.58,1015.78,Yes
6754-FFSTJ,Male,0,No,No,17,Yes,No,DSL,No,Yes,Yes,No,No,Yes,Two year,No,Bank transfer (automatic),57.72,969.43,No
9851-CODFT,Female,0,Yes,No,60,Yes,Yes,DSL,Yes,Yes,No,No,No,No,Month-to-month,Yes,Electronic check,61.08,3703.97,No
6590-VSERL,Male,1,Yes,Yes,12,No,No phone service,Fiber optic,No,No,No,No,No,No,Month-to-month,No,Electronic check,76.04,911.29,No
5799-JGXDQ,Male,0,No,No,68,Yes,Yes,DSL,No,Yes,Yes,Yes,Yes,No,Two year,No,Credit card (automatic),80.19,5437.47,No
8693-SALXZ,Female,0,Yes,Yes,70,Yes,No,No,No internet service,No internet service,No internet service,No internet service,No internet service,No internet service,Two year,No,Mailed check,18.55,1303.53,No
2062-OAUJG,Female,0,No,No,28,Yes,No,No,No internet service,No internet service,No internet service,No internet service,No internet service,No internet service,Two year,No,Electronic check,24.97,693.05,No
7265-IVHUO,Male,0,No,No,6,Yes,No,Fiber optic,No,No,No,No,No,Yes,One year,No,Electronic check,91.98,601.88,Yes
2282-PXYYM,Female,0,Yes,No,19,Yes,No,Fiber optic,No,No,No,No,No,No,Two year,No,Electronic check,73.43,1389.08,No
2413-WUSKM,Male,0,Yes,No,67,Yes,Yes,Fiber optic,No,No,Yes,Yes,No,No,Month-to-month,Yes,Electronic check,92.39,6215.65,No
4890-UCHVJ,Female,0,No,No,63,Yes,Yes,DSL,Yes,Yes,No,No,Yes,No,Month-to-month,No,Mailed check,74.62,4713.54,No
2042-XJDXB,Female,0,No,Yes,9,Yes,No,Fiber optic,No,No,No,No,Yes,No,Month-to-month,Yes,Electronic check,90.64,825.28,Yes
3894-FTVXZ,Female,0,No,No,3,Yes,No,Fiber optic,No,No,No,No,Yes,Yes,Month-to-month,No,Credit card (automatic),93.63,267.91,Yes
7624-NVBKJ,Female,0,No,No,11,Yes,Yes,Fiber optic,No,No,No,No,No,No,Two year,Yes,Electronic check,85.07,921.7,Yes
8385-PFFBO,Male,0,Yes,Yes,67,Yes,No,Fiber optic,No,No,Yes,No,Yes,Yes,Two year,Yes,Electronic check,95.14,6359.34,No
6552-QSQBP,Male,0,No,No,24,No,No phone service,Fiber optic,No,Yes,No,No,No,Yes,Two year,No,Mailed check,86.85,2079.21,No
8488-FQHBL,Male,0,No,No,19,Yes,No,DSL,No,No,No,No,No,No,Month-to-month,Yes,Credit card (automatic),48.32,905.22,Yes
1531-PDXVB,Female,0,Yes,No,55,Yes,No,Fiber optic,No,No,Yes,No,No,Yes,One year,No,Credit card (automatic),87.64,4813.71,No
3393-DNFML,Female,0,No,No,49,Yes,Yes,DSL,No,No,Yes,No,No,No,Two year,Yes,Mailed check,48.18,2353.31,No
6461-ACYBQ,Male,0,Yes,No,70,Yes,No,Fiber optic,Yes,No,No,No,No,No,Two year,Yes,Electronic check,85.14,5971.59,No
4663-MTJOA,Female,0,Yes,Yes,6,Yes,No,DSL,No,No,No,No,No,Yes,One year,Yes,Credit card (automatic),46.89,294.86,No
3727-YXPDO,Female,0,No,No,69,Yes,No,DSL,No,No,Yes,No,No,No,Two year,No,Electronic check,51.77,3596.19,No
9314-YLLBF,Male,1,Yes,No,16,Yes,No,Fiber optic,No,No,No,No,Yes,No,Two year,No,Bank transfer (automatic),90.16,1415.15,No
8406-ZMPWW,Female,0,No,No,17,Yes,Yes,Fiber optic,No,No,No,No,No,Yes,One year,Yes,Mailed check,86.44,1485.62,No
7554-CWYFA,Male,0,Yes,Yes,55,Yes,No,Fiber optic,Yes,Yes,No,No,No,No,Month-to-month,No,Mailed check,87.39,4787.38,No
9041-AFPTV,Female,0,No,No,36,Yes,No,No,No internet service,No internet service,No internet service,No internet service,No internet service,No internet service,Month-to-month,Yes,Bank transfer (automatic),19.6,659.1,No
3573-WVZZJ,Female,0,Yes,No,33,Yes,No,No,No internet service,No internet service,No internet service,No internet service,No internet service,No internet service,Month-to-month,No,Bank transfer (automatic),22.08,706.27,No
9457-DVALP,Female,0,No,No,72,Yes,No,No,No internet service,No internet service,No internet service,No internet service,No internet service,No internet service,One year,No,Mailed check,22.62,1610.59,No
3349-HZDCR,Female,1,No,Yes,40,Yes,No,Fiber optic,Yes,No,No,Yes,Yes,No,One year,No,Credit card (automatic),99.36,3975.29,No
5640-EGYTT,Female,1,Yes,Yes,2,Yes,No,Fiber optic,Yes,No,No,No,No,Yes,Month-to-month,Yes,Mailed check,90.72,174.82,Yes
6950-OXQYK,Male,0,Yes,Yes,8,Yes,No,DSL,No,No,Yes,No,Yes,Yes,One year,No,Electronic check,74.89,587.83,No
1566-QIXYG,Male,0,Yes,No,7,Yes,No,Fiber optic,No,Yes,No,No,No,No,Month-to-month,Yes,Electronic check,88.35,597.89,Yes
1663-GXLBS,Male,0,No,No,39,Yes,No,DSL,No,No,No,No,No,Yes,Month-to-month,Yes,Bank transfer (automatic),65.45,2581.23,No
3724-JXRAW,Male,0,Yes,No,7,Yes,No,DSL,No,No,Yes,No,Yes,Yes,Month-to-month,Yes,Electronic check,68.38,505.59,No
7554-XNEJE,Male,0,Yes,Yes,26,Yes,No,Fiber optic,Yes,No,No,No,Yes,No,Month-to-month,Yes,Electronic check,95.58,2502.33,Yes
7954-CFOOF,Female,1,No,No,1,Yes,No,No,No internet service,No internet service,No internet service,No internet service,No internet service,No internet service,Month-to-month,No,Credit card (automatic),24.42,7.99,Yes
2712-JXLTH,Female,0,No,No,2,Yes,No,DSL,No,Yes,No,No,No,No,Two year,No,Bank transfer (automatic),51.13,94.9,No
2323-OHKSV,Male,0,Yes,No,23,Yes,No,No,No internet service,No internet service,No internet service,No internet service,No internet service,No internet service,Month-to-month,Yes,Electronic check,21.18,482.99,Yes
4721-AWOBW,Female,0,No,No,28,Yes,Yes,DSL,Yes,Yes,Yes,No,No,No,Month-to-month,Yes,Electronic check,60.98,1690.38,No
9299-ZUTLZ,Female,0,No,No,11,Yes,No,No,No internet service,No internet service,No internet service,No internet service,No internet service,No internet service,Month-to-month,Yes,Credit card (automatic),21.06,204.24,Yes
4332-GYOEX,Male,0,No,No,26,Yes,No,DSL,No,Yes,No,No,No,Yes,One year,No,Electronic check,62.97,1652.7,No
4286-MDVQW,Female,0,No,No,6,Yes,Yes,Fiber optic,No,No,No,Yes,Yes,Yes,One year,Yes,Credit card (automatic),92.47,533.07,Yes
7929-YGTRL,Male,0,No,No,42,Yes,No,Fiber optic,No,No,No,No,Yes,No,Month-to-month,Yes,Electronic check,87.66,3671.73,Yes
8009-YSVNR,Female,0,Yes,Yes,58,Yes,No,DSL,No,No,No,No,Yes,Yes,Month-to-month,Yes,Electronic check,72.2,4173.53,Yes
7036-OHQFX,Female,0,No,No,45,Yes,No,DSL,No,No,Yes,Yes,No,Yes,Month-to-month,Yes,Electronic check,73.02,3259.04,No
1912-UDYUC,Female,1,Yes,Yes,44,Yes,Yes,DSL,No,No,No,No,No,No,One year,Yes,Electronic check,54.0,2376.64,No
7791-KGOAK,Male,0,No,No,41,Yes,Yes,DSL,No,No,No,No,No,No,One year,Yes,Credit card (automatic),55.02,2231.68,No
5363-AIVZO,Female,1,Yes,No,15,No,No phone service,DSL,No,No,No,No,No,Yes,Month-to-month,No,Credit card (automatic),52.95,764.36,No
1172-IUXOM,Female,0,No,No,22,Yes,No,No,No internet service,No internet service,No internet service,No internet service,No internet service,No internet service,One year,Yes,Electronic check,24.2,537.02,No
3091-UVWWI,Male,0,Yes,Yes,17,Yes,No,Fiber optic,No,No,No,Yes,No,Yes,One year,Yes,Bank transfer (automatic),91.22,1540.64,Yes
4260-IZYGL,Female,0,No,No,43,Yes,No,No,No internet service,No internet service,No internet service,No internet service,No internet service,No internet service,Two year,Yes,Electronic check,23.87,1016.73,No
2099-PWEYQ,Male,0,No,No,37,Yes,Yes,Fiber optic,Yes,Yes,No,No,No,Yes,Month-to-month,Yes,Credit card (automatic),103.4,3868.24,No
9847-YCPXO,Female,1,No,No,60,Yes,Yes,Fiber optic,Yes,Yes,No,No,No,Yes,Month-to-month,Yes,Bank transfer (automatic),96.96,5840.34,No
1123-DCBCR,Female,1,No,No,72,Yes,No,Fiber optic,Yes,Yes,No,No,No,Yes,Month-to-month,Yes,Bank transfer (automatic),101.66,7311.88,No
9862-EABYQ,Male,0,No,No,35,Yes,Yes,DSL,Yes,Yes,No,No,Yes,Yes,Month-to-month,No,Mailed check,72.64,2560.41,No
9904-ZBWNY,Female,0,Yes,Yes,36,Yes,Yes,Fiber optic,Yes,Yes,Yes,No,Yes,No,Month-to-month,Yes,Mailed check,105.33,3772.53,No
1321-IEMGR,Female,0,Yes,Yes,63,Yes,No,Fiber optic,No,No,No,No,Yes,Yes,Month-to-month,Yes,Bank transfer (automatic),99.95,6292.05,No
1792-MZTBF,Male,0,No,No,1,Yes,Yes,Fiber optic,No,Yes,Yes,No,No,Yes,Two year,No,Credit card (automatic),91.27,72.13,No
5725-DVRYD,Female,0,No,No,52,Yes,No,Fiber optic,Yes,No,No,No,Yes,Yes,One year,No,Mailed check,100.76,5231.0,No
2958-RMSMV,Female,0,No,No,69,Yes,Yes,Fiber optic,No,No,Yes,Yes,No,No,Month-to-month,No,Electronic check,91.81,6348.69,No
5838-COTMZ,Male,0,Yes,Yes,36,Yes,Yes,DSL,No,Yes,Yes,No,No,No,One year,No,Credit card (automatic),60.55,2175.44,No
7381-RWMUT,Male,0,Yes,No,67,Yes,Yes,DSL,No,No,No,No,Yes,No,Month-to-month,No,Electronic check,59.92,4013.78,Yes
2817-OGJND,Female,0,No,No,32,Yes,Yes,Fiber optic,No,No,No,Yes,No,Yes,Month-to-month,No,Mailed check,97.24,3137.72,Yes
6322-ZLOXB,Female,0,No,No,15,Yes,No,Fiber optic,No,No,No,Yes,No,Yes,One year,Yes,Bank transfer (automatic),96.27,1464.47,No
8206-QPIMY,Female,0,No,No,10,Yes,No,Fiber optic,Yes,No,Yes,Yes,No,Yes,Two year,Yes,Bank transfer (automatic),100.87,1038.73,No
2847-WAPMB,Female,0,Yes,No,29,Yes,No,No,No internet service,No internet service,No internet service,No internet service,No internet service,No internet service,Two year,Yes,Credit card (automatic),31.02,877.33,No
3420-ROMOJ,Male,0,No,No,11,Yes,No,No,No internet service,No internet service,No internet service,No internet service,No internet service,No internet service,One year,Yes,Electronic check,25.42,268.01,No
8654-KEZJN,Female,0,No,No,71,Yes,No,No,No internet service,No internet service,No internet service,No internet service,No internet service,No internet service,Month-to-month,Yes,Credit card (automatic),25.53,1807.24,No
7445-DPMXB,Male,0,Yes,No,4,No,No phone service,DSL,Yes,Yes,No,No,No,No,Month-to-month,Yes,Electronic check,52.83,207.87,Yes
5109-KEXUM,Male,0,No,No,11,Yes,Yes,No,No internet service,No internet service,No internet service,No internet service,No internet service,No internet service,Month-to-month,Yes,Bank transfer (automatic),22.78,228.68,Yes
1846-CSCBI,Male,0,No,No,23,Yes,No,Fiber optic,No,Yes,No,No,Yes,No,Two year,No,Bank transfer (automatic),96.92,2242.71,No
1408-HPRBQ,Male,0,Yes,Yes,24,Yes,No,Fiber optic,No,No,No,No,No,No,Month-to-month,Yes,Bank transfer (automatic),82.76,1952.25,Yes
9128-CANER,Male,0,Yes,Yes,13,Yes,No,Fiber optic,No,No,No,Yes,No,Yes,Month-to-month,Yes,Bank transfer (automatic),97.25,1287.52,Yes
1305-XFDTM,Male,0,Yes,No,23,Yes,No,Fiber optic,No,No,Yes,No,No,No,Month-to-month,Yes,Electronic check,81.54,1841.09,Yes
5442-LSZAN,Female,0,Yes,No,10,Yes,Yes,DSL,No,No,Yes,No,No,No,Two year,No,Credit card (automatic),61.32,606.87,No
4565-SFEDO,Female,0,No,No,4,No,No phone service,No,No internet service,No internet service,No internet service,No internet service,No internet service,No internet service,Two year,Yes,Mailed check,18.25,51.5,No
3531-CFJMI,Male,0,Yes,No,15,Yes,No,Fiber optic,No,No,No,Yes,Yes,No,One year,Yes,Mailed check,94.87,1430.12,No
8471-PSMYP,Male,0,Yes,Yes,27,Yes,Yes,No,No internet service,No internet service,No internet service,No internet service,No internet service,No internet service,Month-to-month,Yes,Bank transfer (automatic),20.32,509.3,No
2927-PPSQO,Female,0,No,Yes,25,Yes,No,Fiber optic,Yes,No,Yes,No,No,No,Month-to-month,Yes,Credit card (automatic),93.9,2354.89,Yes
2358-IXLQV,Male,0,No,No,4,Yes,No,DSL,No,No,Yes,No,No,No,One year,No,Mailed check,58.46,249.64,Yes
2957-JCHFM,Female,1,Yes,No,8,Yes,No,Fiber optic,No,Yes,Yes,No,Yes,No,Month-to-month,No,Bank transfer (automatic),96.2,774.5,Yes
1295-HEQUU,Female,0,No,No,20,Yes,No,DSL,No,No,No,No,No,Yes,Month-to-month,Yes,Mailed check,56.07,1149.82,No
2406-WCLPF,Female,0,Yes,Yes,34,Yes,No,No,No internet service,No internet service,No internet service,No internet service,No internet service,No internet service,Two year,Yes,Credit card (automatic),27.83,969.69,No
6746-WFQXQ,Male,0,Yes,Yes,22,Yes,Yes,Fiber optic,No,No,No,Yes,No,Yes,Month-to-month,Yes,Electronic check,94.91,2074.24,Yes
3469-RNJNE,Male,1,No,Yes,56,Yes,No,Fiber optic,Yes,No,Yes,No,No,No,One year,No,Electronic check,83.8,4741.75,Yes
1320-LNNCP,Female,1,No,No,40,No,No phone service,Fiber optic,No,Yes,No,No,No,No,Month-to-month,Yes,Mailed check,81.26,3247.13,Yes
8676-ONXLM,Female,1,No,No,49,Yes,Yes,Fiber optic,Yes,Yes,No,No,Yes,No,Month-to-month,Yes,Bank transfer (automatic),100.47,4887.69,No
9817-OJZQK,Male,1,Yes,Yes,22,Yes,No,DSL,No,No,Yes,No,No,No,Month-to-month,No,Mailed check,48.1,1060.36,No
9567-RZMFL,Male,0,No,No,23,Yes,No,Fiber optic,No,No,Yes,No,No,Yes,Month-to-month,No,Credit card (automatic),95.5,2201.81,Yes
5321-MHTCL,Female,0,Yes,No,3,Yes,Yes,No,No internet service,No internet service,No internet service,No internet service,No internet service,No internet service,Two year,No,Bank transfer (automatic),25.44,71.67,No
3430-CBUJB,Female,0,No,No,65,Yes,No,DSL,Yes,No,Yes,No,Yes,Yes,One year,No,Bank transfer (automatic),76.62,4996.17,No
7601-IKCAM,Male,0,Yes,Yes,72,No,No phone service,No,No internet service,No internet service,No internet service,No internet service,No internet service,No internet service,Two year,No,Credit card (automatic),19.65,1435.9,No
7095-RBAMJ,Female,1,Yes,No,20,Yes,Yes,Fiber optic,No,No,No,No,No,No,Month-to-month,No,Bank transfer (automatic),78.66,1587.77,Yes
9350-FVZOP,Male,0,Yes,Yes,18,Yes,Yes,No,No internet service,No internet service,No internet service,No internet service,No internet service,No internet service,One year,No,Bank transfer (automatic),20.62,359.7,No
5367-DUWQL,Male,1,No,No,65,Yes,Yes,Fiber optic,Yes,No,Yes,Yes,Yes,No,Two year,Yes,Credit card (automatic),109.29,7095.35,No
8620-JZJQI,Female,0,Yes,No,15,Yes,Yes,DSL,No,Yes,No,Yes,No,No,Month-to-month,No,Electronic check,67.34,1030.76,Yes
9114-QZBWG,Male,1,No,No,20,Yes,Yes,Fiber optic,Yes,No,No,No,No,No,Month-to-month,Yes,Mailed check,83.16,1666.18,Yes
8192-KKVQN,Female,0,No,No,72,Yes,No,No,No internet service,No internet service,No internet service,No internet service,No internet service,No internet service,Two year,No,Electronic check,23.0,1676.01,No
3267-WWPNH,Female,0,No,No,25,Yes,No,Fiber optic,No,No,Yes,No,Yes,No,One year,No,Credit card (automatic),93.39,2308.19,Yes
1415-LOFEX,Male,0,No,No,17,Yes,Yes,Fiber optic,No,No,No,No,No,Yes,Month-to-month,No,Electronic check,88.43,1514.94,Yes
7497-CSHXR,Male,1,Yes,No,58,Yes,No,Fiber optic,Yes,Yes,No,Yes,No,No,One year,Yes,Credit card (automatic),94.98,5494.99,No
9600-WEPRN,Male,0,Yes,No,66,Yes,No,Fiber optic,No,No,No,Yes,No,No,Two year,Yes,Credit card (automatic),91.68,6056.68,No
2729-GVRKA,Male,0,Yes,Yes,22,Yes,No,No,No internet service,No internet service,No internet service,No internet service,No internet service,No internet service,One year,Yes,Electronic check,19.13,417.7,No
7136-OCFZB,Female,0,No,No,35,Yes,Yes,No,No internet service,No internet service,No internet service,No internet service,No internet service,No internet service,Two year,No,Electronic check,18.25,659.81,No
1932-VTJNV,Male,0,No,No,20,Yes,No,Fiber optic,No,Yes,No,Yes,Yes,No,Two year,Yes,Mailed check,97.55,1949.04,No
1442-CBCOK,Male,0,No,No,16,Yes,Yes,DSL,No,No,Yes,No,Yes,No,Month-to-month,Yes,Electronic check,68.96,1093.33,No
4723-QGYSN,Female,1,No,No,72,Yes,Yes,Fiber optic,Yes,No,Yes,No,No,Yes,Two year,Yes,Credit card (automatic),94.41,6783.08,No
9180-PKWTH,Female,0,No,No,63,Yes,Yes,No,No internet service,No internet service,No internet service,No internet service,No internet service,No internet service,Two year,Yes,Credit card (automatic),27.94,1730.11,No
5746-YYIFI,Male,0,Yes,No,63,Yes,No,Fiber optic,No,No,Yes,No,No,No,One year,Yes,Bank transfer (automatic),89.06,5602.2,No
4733-MJHDG,Female,0,No,No,9,Yes,No,DSL,Yes,Yes,No,No,No,No,Month-to-month,Yes,Electronic check,53.42,454.61,No
6007-QERGZ,Male,0,No,No,27,No,No phone service,No,No internet service,No internet service,No internet service,No internet service,No internet service,No internet service,Month-to-month,Yes,Bank transfer (automatic),18.25,480.52,No
5885-JXMRF,Female,0,Yes,No,64,No,No phone service,Fiber optic,No,No,No,No,No,No,Month-to-month,Yes,Electronic check,74.32,4753.59,No
6244-YEYNS,Female,0,Yes,No,8,Yes,Yes,DSL,No,No,No,No,Yes,Yes,One year,Yes,Electronic check,68.01,544.65,Yes
5015-YNTAA,Female,0,No,No,4,Yes,No,DSL,No,No,Yes,Yes,No,Yes,Month-to-month,Yes,Bank transfer (automatic),75.33,292.17,Yes
1658-KMGWW,Female,1,No,No,5,Yes,No,Fiber optic,Yes,No,No,No,No,No,One year,Yes,Mailed check,80.34,351.7,No
3418-AMJRO,Male,0,Yes,No,22,Yes,Yes,Fiber optic,No,Yes,No,No,No,No,One year,No,Credit card (automatic),88.58,1923.04,No
8113-BUXNN,Female,0,No,No,35,Yes,No,Fiber optic,No,Yes,No,Yes,No,Yes,Two year,Yes,Credit card (automatic),96.92,3358.29,No
8982-IPEZG,Male,1,Yes,Yes,5,Yes,No,Fiber optic,No,No,Yes,Yes,Yes,Yes,One year,Yes,Credit card (automatic),100.58,483.52,Yes
3816-IHEGM,Male,0,Yes,No,9,No,No phone service,Fiber optic,No,Yes,Yes,No,No,No,One year,No,Mailed check,82.09,740.31,No
5905-CSTIB,Female,0,Yes,No,24,Yes,Yes,No,No internet service,No internet service,No internet service,No internet service,No internet service,No internet service,Two year,Yes,Credit card (automatic),31.05,745.27,No
3106-KQJOE,Female,0,Yes,Yes,11,No,No phone service,No,No internet service,No internet service,No internet service,No internet service,No internet service,No internet service,Month-to-month,No,Electronic check,19.7,223.28,No
1654-OGRXQ,Male,0,No,No,4,No,No phone service,Fiber optic,Yes,No,No,Yes,No,Yes,Two year,Yes,Bank transfer (automatic),87.48,372.49,No
5574-IGWVB,Male,1,Yes,No,3,Yes,Yes,Fiber optic,Yes,Yes,Yes,Yes,No,No,Month-to-month,No,Mailed check,95.95,316.4,Yes
3107-LNGKB,Female,0,No,No,9,Yes,No,Fiber optic,Yes,Yes,No,No,Yes,No,Month-to-month,No,Bank transfer (automatic),99.85,884.55,Yes
6480-DGQIJ,Female,0,No,No,63,Yes,No,Fiber optic,No,Yes,Yes,Yes,No,Yes,Two year,No,Electronic check,101.8,6394.04,No
6981-ADUOD,Female,0,No,No,48,Yes,No,Fiber optic,No,No,No,No,Yes,Yes,Two year,Yes,Bank transfer (automatic),90.49,4348.03,Yes
8930-AWRIN,Female,0,No,No,15,Yes,No,No,No internet service,No internet service,No internet service,No internet service,No internet service,No internet service,Month-to-month,No,Credit card (automatic),19.8,309.71,Yes
1740-PEMMJ,Male,0,Yes,Yes,0,Yes,No,DSL,No,No,No,No,No,Yes,Month-to-month,Yes,Mailed check,59.3,4.08,No
7760-QMGCI,Male,0,Yes,No,57,Yes,No,DSL,Yes,Yes,Yes,Yes,Yes,No,One year,Yes,Electronic check,75.94,4343.35,No
1088-RIOXT,Female,0,No,No,56,Yes,No,Fiber optic,No,No,Yes,Yes,Yes,Yes,Month-to-month,No,Electronic check,107.99,6026.39,No
4235-RBSQF,Female,0,Yes,Yes,25,Yes,No,DSL,Yes,No,No,No,Yes,Yes,One year,No,Mailed check,71.01,1809.84,No
8022-QGLSK,Female,0,Yes,Yes,72,Yes,Yes,Fiber optic,No,No,No,No,Yes,No,Month-to-month,No,Mailed check,85.76,6161.58,Yes
7164-ZYOQZ,Male,0,No,No,33,Yes,No,DSL,Yes,Yes,No,Yes,No,No,One year,No,Mailed check,58.8,1937.68,No
3563-GSARI,Female,0,Yes,No,65,No,No phone service,No,No internet service,No internet service,No internet service,No internet service,No internet service,No internet service,Month-to-month,Yes,Bank transfer (automatic),21.64,1422.66,No
5710-OSIAQ,Male,0,No,No,3,Yes,Yes,Fiber optic,No,Yes,Yes,No,Yes,No,Month-to-month,Yes,Bank transfer (automatic),97.46,312.29,Yes
4872-RCQDF,Male,0,No,No,20,Yes,Yes,No,No internet service,No internet service,No internet service,No internet service,No internet service,No internet service,Month-to-month,No,Credit card (automatic),23.71,479.55,Yes
8303-DUDSR,Female,0,Yes,Yes,33,Yes,No,No,No internet service,No internet service,No internet service,No internet service,No internet service,No internet service,One year,Yes,Electronic check,27.98,937.46,No
5849-RLIVI,Female,0,Yes,No,5,Yes,No,DSL,Yes,No,No,No,No,No,Month-to-month,No,Mailed check,54.37,250.75,No
5678-ZMEMZ,Male,0,No,No,23,Yes,Yes,Fiber optic,Yes,No,No,No,No,No,One year,No,Bank transfer (automatic),84.65,1935.88,No
3860-QJHKI,Male,0,Yes,Yes,23,No,No phone service,Fiber optic,No,Yes,No,Yes,Yes,Yes,Month-to-month,Yes,Electronic check,100.98,2312.81,No
9946-KVNAE,Male,0,No,No,14,Yes,Yes,DSL,Yes,No,Yes,No,No,Yes,Month-to-month,No,Bank transfer (automatic),67.74,911.99,Yes
6942-YHPKU,Male,0,No,No,61,Yes,Yes,Fiber optic,No,No,No,No,No,Yes,Month-to-month,No,Electronic check,84.74,5210.08,Yes
8022-PQGNZ,Male,0,Yes,No,70,Yes,No,Fiber optic,No,No,Yes,No,No,Yes,Month-to-month,Yes,Electronic check,96.29,6729.31,No
4691-ZBNOK,Female,0,Yes,Yes,25,Yes,No,Fiber optic,No,Yes,No,No,No,No,Month-to-month,No,Electronic check,85.89,2134.8,Yes
9201-CKQIJ,Female,0,Yes,No,32,Yes,Yes,No,No internet service,No internet service,No internet service,No internet service,No internet service,No internet service,Two year,Yes,Credit card (automatic),25.84,840.23,No
5105-SFWVN,Male,1,No,No,10,Yes,No,Fiber optic,No,Yes,No,No,No,No,One year,Yes,Electronic check,82.43,839.17,No
6649-XCDWL,Male,0,Yes,Yes,26,Yes,Yes,Fiber optic,No,No,No,No,Yes,No,Month-to-month,Yes,Mailed check,86.88,2295.89,Yes
9753-KHHVE,Female,0,No,No,69,Yes,Yes,Fiber optic,No,No,No,No,Yes,Yes,Month-to-month,No,Mailed check,94.3,6515.57,No
8698-TJHYU,Female,0,No,Yes,20,Yes,Yes,Fiber optic,Yes,No,No,No,Yes,No,One year,No,Mailed check,93.1,1892.62,Yes
1442-JWSLG,Female,0,No,No,7,Yes,No,Fiber optic,Yes,No,No,No,Yes,No,Month-to-month,No,Credit card (automatic),95.55,639.97,Yes
3393-OZCJX,Female,0,No,No,1,Yes,No,No,No internet service,No internet service,No internet service,No internet service,No internet service,No internet service,Month-to-month,No,Bank transfer (automatic),30.93,13.59,Yes
3124-WIGDZ,Female,0,No,No,8,Yes,Yes,DSL,Yes,Yes,No,Yes,Yes,Yes,Month-to-month,No,Mailed check,81.49,657.57,No
2919-VWVPU,Male,1,No,No,27,Yes,No,Fiber optic,Yes,Yes,Yes,No,Yes,No,Month-to-month,Yes,Bank transfer (automatic),98.26,2666.34,Yes
6774-MFSKL,Male,0,Yes,Yes,14,Yes,No,No,No internet service,No internet service,No internet service,No internet service,No internet service,No internet service,Month-to-month,Yes,Mailed check,22.48,327.53,No
3321-GVZXR,Female,0,No,No,9,Yes,No,Fiber optic,No,No,No,No,No,Yes,One year,No,Bank transfer (automatic),91.58,821.44,No
7171-DGCTL,Female,0,Yes,No,23,Yes,Yes,No,No internet service,No internet service,No internet service,No internet service,No internet service,No internet service,One year,Yes,Mailed check,22.84,512.89,No
5891-NPUSS,Male,0,No,No,19,Yes,No,DSL,No,Yes,Yes,No,No,No,Two year,No,Credit card (automatic),63.34,1211.48,No
5032-SQFRT,Male,1,No,No,70,Yes,Yes,Fiber optic,No,No,No,No,No,No,Month-to-month,No,Electronic check,83.13,5839.19,No
2281-PLHZS,Female,0,No,No,59,Yes,No,Fiber optic,No,Yes,No,No,No,No,Month-to-month,No,Mailed check,84.17,4957.54,No
7393-DAAPO,Female,1,No,No,58,Yes,No,Fiber optic,Yes,Yes,Yes,No,No,No,Month-to-month,Yes,Bank transfer (automatic),91.82,5357.52,No
2592-YLJFQ,Female,1,No,No,14,Yes,Yes,Fiber optic,Yes,No,Yes,Yes,Yes,Yes,One year,Yes,Electronic check,111.06,1551.05,Yes
9809-ZIDHR,Female,1,Yes,Yes,4,Yes,Yes,Fiber optic,No,No,Yes,Yes,Yes,No,Month-to-month,No,Electronic check,93.36,352.08,Yes
2465-LCWCL,Female,0,No,No,59,Yes,Yes,Fiber optic,No,No,Yes,No,Yes,No,Two year,No,Credit card (automatic),92.68,5473.35,No
9516-PMLGX,Male,0,No,No,6,Yes,Yes,DSL,No,No,No,Yes,Yes,Yes,Two year,No,Electronic check,77.98,466.35,No
4138-OCIKO,Female,0,No,No,72,Yes,No,DSL,No,Yes,No,No,Yes,Yes,Month-to-month,No,Credit card (automatic),67.79,4858.01,No
5308-FHCGZ,Male,0,Yes,Yes,35,Yes,No,No,No internet service,No internet service,No internet service,No internet service,No internet service,No internet service,Two year,No,Mailed check,20.21,717.12,No
6539-XHCVI,Female,1,No,Yes,34,Yes,Yes,No,No internet service,No internet service,No internet service,No internet service,No internet service,No internet service,Month-to-month,Yes,Electronic check,26.26,914.51,No
5050-XVPAN,Male,0,Yes,No,71,Yes,No,Fiber optic,Yes,Yes,No,No,No,Yes,Month-to-month,Yes,Mailed check,95.8,6804.39,No
3591-CSQHV,Female,0,Yes,Yes,28,Yes,Yes,DSL,No,Yes,No,Yes,Yes,No,One year,No,Bank transfer (automatic),71.4,2018.09,No
9213-OQYII,Male,0,No,No,20,Yes,Yes,No,No internet service,No internet service,No internet service,No internet service,No internet service,No internet service,Two year,Yes,Electronic check,25.71,506.48,No
7147-BWJRB,Male,0,Yes,No,11,Yes,Yes,Fiber optic,No,Yes,Yes,Yes,No,Yes,Month-to-month,Yes,Bank transfer (automatic),111.06,1215.96,No
4557-UZXGA,Female,0,Yes,Yes,48,Yes,Yes,DSL,No,Yes,Yes,No,No,Yes,Month-to-month,No,Credit card (automatic),63.5,3047.04,No
2118-NVHCF,Male,0,Yes,No,17,Yes,Yes,DSL,No,No,No,Yes,No,No,Month-to-month,Yes,Electronic check,52.56,886.08,No
1509-DRILM,Male,0,No,No,59,Yes,No,Fiber optic,No,No,No,Yes,No,No,Two year,No,Credit card (automatic),87.88,5202.21,No
8012-CFFEI,Male,0,Yes,No,63,Yes,No,Fiber optic,No,Yes,No,No,Yes,Yes,Month-to-month,No,Mailed check,106.94,6729.04,No
7674-ENYXC,Female,0,No,Yes,3,Yes,No,Fiber optic,No,No,Yes,No,Yes,No,One year,Yes,Electronic check,90.1,255.33,Yes
1318-AXRFI,Female,0,Yes,Yes,11,Yes,No,Fiber optic,No,Yes,No,Yes,No,No,Two year,No,Mailed check,86.87,947.97,Yes
3704-WYHJA,Female,0,Yes,No,21,Yes,Yes,Fiber optic,No,Yes,No,Yes,No,No,Two year,Yes,Electronic check,86.64,1830.56,No
4089-AGJMR,Male,0,Yes,No,3,Yes,Yes,DSL,No,No,Yes,No,Yes,No,Month-to-month,Yes,Electronic check,61.6,185.25,Yes
4655-IBGGH,Female,0,Yes,Yes,25,Yes,Yes,Fiber optic,Yes,No,Yes,No,Yes,No,One year,No,Bank transfer (automatic),98.67,2492.18,No
3696-OJPTX,Male,0,No,No,70,Yes,No,DSL,No,Yes,No,Yes,No,No,Month-to-month,No,Credit card (automatic),65.49,4601.19,No
4570-NFOGX,Female,0,Yes,No,60,Yes,No,DSL,No,Yes,No,No,No,Yes,One year,Yes,Credit card (automatic),67.16,4027.66,No
7877-VKFYF,Male,0,No,No,6,Yes,Yes,Fiber optic,No,No,Yes,Yes,Yes,Yes,Two year,Yes,Credit card (automatic),106.95,673.9,No
2941-PVLJZ,Female,0,Yes,No,6,Yes,No,Fiber optic,No,Yes,No,No,No,No,Month-to-month,No,Electronic check,91.93,554.37,Yes
4456-UCRLM,Female,0,Yes,Yes,62,No,No phone service,Fiber optic,No,Yes,No,No,No,No,One year,Yes,Credit card (automatic),83.23,5150.28,No
2169-JHIHT,Female,0,Yes,No,38,Yes,No,No,No internet service,No internet service,No internet service,No internet service,No internet service,No internet service,Month-to-month,Yes,Mailed check,26.04,939.52,No
8103-RQYHB,Female,1,No,No,57,Yes,No,Fiber optic,No,Yes,No,No,No,No,Month-to-month,Yes,Electronic check,86.85,4934.31,Yes
2857-PVEPJ,Female,0,No,No,10,Yes,No,DSL,Yes,No,Yes,No,No,No,Month-to-month,Yes,Credit card (automatic),61.68,606.75,Yes
7194-NMBVE,Female,0,No,Yes,13,Yes,No,Fiber optic,Yes,No,No,No,No,No,One year,No,Electronic check,87.07,1109.28,Yes
9406-UWVBM,Male,0,No,No,32,Yes,No,Fiber optic,Yes,No,No,No,No,Yes,Month-to-month,No,Bank transfer (automatic),97.24,3101.4,No
3625-XUTMC,Female,0,No,No,32,No,No phone service,DSL,No,Yes,No,Yes,No,Yes,Two year,Yes,Mailed check,61.22,1916.17,No
2112-VDYDE,Female,1,Yes,Yes,3,Yes,No,DSL,No,No,No,No,No,No,Month-to-month,Yes,Mailed check,49.49,145.11,Yes
9339-QMIFI,Male,0,Yes,Yes,10,Yes,Yes,DSL,No,Yes,No,No,No,Yes,One year,Yes,Credit card (automatic),61.83,611.24,No
7495-MYVPN,Female,0,Yes,No,6,Yes,No,DSL,No,No,Yes,No,No,No,One year,Yes,Mailed check,58.28,353.38,No
4773-STBHZ,Male,0,No,Yes,17,Yes,No,Fiber optic,No,No,Yes,Yes,Yes,No,Month-to-month,Yes,Credit card (automatic),97.68,1697.16,Yes
2937-ZKZOB,Male,0,No,No,21,Yes,Yes,Fiber optic,Yes,Yes,Yes,No,No,Yes,Month-to-month,Yes,Bank transfer (automatic),101.82,2132.99,Yes
7312-JABPP,Female,0,No,No,3,Yes,No,No,No internet service,No internet service,No internet service,No internet service,No internet service,No internet service,Month-to-month,Yes,Credit card (automatic),24.03,69.16,No
6726-ERYSF,Female,0,No,No,42,Yes,No,DSL,Yes,No,Yes,Yes,No,No,Two year,Yes,Electronic check,65.04,2723.17,No
8427-KISGO,Male,0,Yes,Yes,24,No,No phone service,Fiber optic,No,No,No,Yes,No,No,Month-to-month,No,Mailed check,76.9,1817.33,Yes
9287-RFZNX,Female,0,Yes,No,59,Yes,No,No,No internet service,No internet service,No internet service,No internet service,No internet service,No internet service,Two year,Yes,Mailed check,24.4,1399.33,No
1749-ETTYJ,Female,1,Yes,No,23,Yes,No,Fiber optic,No,No,No,Yes,No,No,Two year,Yes,Mailed check,81.78,1898.4,No
9814-FEYSD,Male,0,Yes,No,10,Yes,Yes,Fiber optic,No,No,No,Yes,No,No,Month-to-month,No,Credit card (automatic),86.15,876.46,Yes
8303-LTOIC,Male,0,Yes,No,12,Yes,No,DSL,Yes,No,No,Yes,No,Yes,Month-to-month,No,Mailed check,68.44,811.63,No
7124-MVQWX,Male,0,Yes,No,18,Yes,No,Fiber optic,No,No,No,No,No,Yes,Month-to-month,Yes,Electronic check,88.66,1583.52,Yes
6219-UFNNU,Male,1,No,No,15,Yes,No,Fiber optic,Yes,Yes,No,No,Yes,Yes,Two year,Yes,Credit card (automatic),107.26,1596.97,No
5882-HKDCP,Male,0,Yes,No,72,Yes,No,Fiber optic,No,Yes,No,Yes,No,Yes,One year,Yes,Electronic check,93.87,6758.08,No
5900-MBBIX,Male,1,No,No,1,Yes,Yes,Fiber optic,No,No,Yes,No,Yes,No,One year,Yes,Electronic check,93.12,68.72,Yes
9348-PYZPZ,Female,0,Yes,Yes,72,Yes,No,Fiber optic,Yes,Yes,Yes,No,Yes,No,Month-to-month,Yes,Credit card (automatic),111.6,8030.45,No
9027-AULEW,Male,0,Yes,No,26,Yes,Yes,Fiber optic,No,Yes,Yes,No,Yes,No,One year,No,Electronic check,97.84,2548.71,Yes
8102-OIGBS,Male,0,Yes,No,72,Yes,Yes,DSL,No,No,Yes,No,Yes,Yes,Month-to-month,Yes,Electronic check,67.96,4890.14,No
7973-UJXTR,Male,0,Yes,No,59,Yes,No,DSL,No,No,No,Yes,No,No,Month-to-month,Yes,Credit card (automatic),52.87,3131.86,No
4340-DSZVT,Male,0,No,Yes,70,Yes,No,Fiber optic,Yes,No,Yes,Yes,No,No,Month-to-month,Yes,Credit card (automatic),89.86,6307.43,No
9339-UGODP,Female,0,No,No,16,Yes,Yes,Fiber optic,Yes,No,No,Yes,No,Yes,One year,Yes,Electronic check,99.51,1596.83,Yes
2990-FBKNW,Male,1,Yes,No,70,Yes,No,DSL,No,No,Yes,No,No,No,Two year,Yes,Electronic check,53.29,3739.53,No
4475-CHBJN,Female,1,No,Yes,9,Yes,Yes,No,No internet service,No internet service,No internet service,No internet service,No internet service,No internet service,Month-to-month,Yes,Bank transfer (automatic),24.1,198.69,No
8905-JZHSD,Male,0,No,No,69,Yes,Yes,No,No internet service,No internet service,No internet service,No internet service,No internet service,No internet service,Month-to-month,No,Electronic check,24.31,1692.88,No
5796-OZARK,Female,0,Yes,No,68,Yes,Yes,DSL,No,Yes,No,No,No,No,One year,Yes,Credit card (automatic),56.79,3883.41,No
4718-FUTNU,Female,1,Yes,No,71,Yes,Yes,Fiber optic,Yes,Yes,Yes,No,No,No,One year,Yes,Electronic check,95.68,6795.06,No
3920-UKKAI,Female,0,No,No,69,Yes,No,Fiber optic,No,Yes,Yes,No,No,No,Month-to-month,No,Electronic check,97.41,6753.39,No
1506-JGYFP,Male,0,Yes,No,17,Yes,Yes,No,No internet service,No internet service,No internet service,No internet service,No internet service,No internet service,Month-to-month,No,Electronic check,30.54,518.87,No
2255-KUXPQ,Female,0,No,No,57,Yes,No,Fiber optic,No,No,No,No,Yes,No,Month-to-month,No,Credit card (automatic),91.52,5251.16,No
3306-OUDLI,Female,0,Yes,No,70,Yes,No,Fiber optic,Yes,No,No,No,Yes,No,Month-to-month,Yes,Mailed check,93.33,6558.74,No
2831-XVIJF,Female,0,No,Yes,27,Yes,Yes,DSL,Yes,No,Yes,No,No,No,Month-to-month,Yes,Electronic check,60.7,1638.71,No
4108-VLAHZ,Male,0,No,No,29,Yes,Yes,DSL,No,No,Yes,Yes,No,Yes,Month-to-month,No,Credit card (automatic),64.84,1864.0,Yes
4045-EZLSP,Male,0,No,No,9,Yes,No,No,No internet service,No internet service,No internet service,No internet service,No internet service,No internet service,Two year,No,Electronic check,28.21,222.42,No
6528-XHRCJ,Female,0,Yes,Yes,33,Yes,Yes,Fiber optic,No,No,No,No,No,No,Two year,Yes,Bank transfer (automatic),80.87,2682.14,No
7051-MGNLY,Female,0,Yes,No,6,Yes,No,No,No internet service,No internet service,No internet service,No internet service,No internet service,No internet service,Month-to-month,No,Credit card (automatic),19.55,128.46,No
2952-VEKIF,Male,0,No,No,7,Yes,No,DSL,Yes,No,No,Yes,No,Yes,Two year,Yes,Electronic check,61.88,418.04,No
1672-MOHKC,Male,1,Yes,No,16,Yes,No,DSL,Yes,No,No,No,No,No,One year,Yes,Bank transfer (automatic),51.3,815.63,No
5964-VPDLA,Male,0,Yes,No,56,No,No phone service,Fiber optic,No,No,No,No,Yes,No,One year,No,Mailed check,80.94,4506.21,No
7108-MACVE,Male,0,Yes,Yes,3,Yes,No,DSL,No,No,No,No,No,No,Month-to-month,No,Bank transfer (automatic),46.82,144.37,No
1708-GPXOS,Female,0,No,No,16,Yes,No,DSL,Yes,No,Yes,No,Yes,No,Month-to-month,No,Mailed check,66.22,1055.2,Yes
6633-MUAQC,Male,0,No,No,4,Yes,No,No,No internet service,No internet service,No internet service,No internet service,No internet service,No internet service,One year,No,Credit card (automatic),23.74,67.39,No
1946-ARHOA,Female,0,Yes,No,15,Yes,Yes,Fiber optic,No,Yes,No,Yes,No,No,Month-to-month,No,Electronic check,86.14,1299.48,No
2564-FSUCF,Female,0,Yes,Yes,34,Yes,Yes,Fiber optic,No,No,No,No,No,Yes,One year,No,Mailed check,89.98,3063.22,No
4376-KVXZZ,Female,1,Yes,Yes,64,No,No phone service,DSL,No,Yes,Yes,No,Yes,No,Two year,Yes,Mailed check,56.47,3658.9,No
2718-KPWAS,Female,0,No,No,14,Yes,No,Fiber optic,No,Yes,No,No,Yes,No,One year,Yes,Electronic check,89.85,1245.85,No
1540-TUCTQ,Male,0,No,No,40,Yes,Yes,DSL,No,No,Yes,No,Yes,No,One year,Yes,Electronic check,54.8,2151.64,No
7550-KXOTH,Male,0,Yes,No,72,Yes,No,Fiber optic,No,Yes,Yes,No,Yes,No,One year,No,Electronic check,98.22,7070.12,No
9917-EYWLZ,Female,0,Yes,No,20,Yes,No,No,No internet service,No internet service,No internet service,No internet service,No internet service,No internet service,Month-to-month,No,Bank transfer (automatic),20.92,381.93,No
2313-ZWJWT,Male,0,No,No,1,Yes,No,DSL,Yes,No,No,No,Yes,No,Month-to-month,No,Electronic check,63.19,44.25,No
7871-YDDYN,Female,0,Yes,No,33,Yes,No,No,No internet service,No internet service,No internet service,No internet service,No internet service,No internet service,Month-to-month,No,Electronic check,29.65,978.02,No
7073-TRXBD,Male,0,No,No,6,No,No phone service,No,No internet service,No internet service,No internet service,No internet service,No internet service,No internet service,Two year,Yes,Electronic check,23.5,133.08,No
9607-NMYKR,Male,1,No,Yes,7,Yes,No,No,No internet service,No internet service,No internet service,No internet service,No internet service,No internet service,Month-to-month,No,Mailed check,29.88,196.72,No
5826-QXJPE,Female,0,No,Yes,4,Yes,No,No,No internet service,No internet service,No internet service,No internet service,No internet service,No internet service,Two year,Yes,Credit card (automatic),24.5,81.75,No
5072-BJFKO,Male,0,No,No,71,Yes,Yes,Fiber optic,No,Yes,No,No,Yes,No,One year,Yes,Electronic check,93.08,6601.28,No
9235-JIKBH,Male,0,No,No,25,No,No phone service,Fiber optic,Yes,Yes,No,No,No,No,Month-to-month,Yes,Bank transfer (automatic),79.89,1988.61,No
2238-NBVMA,Male,0,Yes,Yes,9,Yes,No,DSL,No,Yes,No,No,No,Yes,One year,Yes,Electronic check,59.25,558.63,No
9521-XJWOY,Male,0,No,No,69,Yes,No,DSL,Yes,No,Yes,No,No,No,Month-to-month,Yes,Electronic check,63.15,4364.48,No
4854-PACRZ,Female,0,Yes,Yes,2,No,No phone service,DSL,No,No,Yes,Yes,No,No,One year,Yes,Bank transfer (automatic),57.58,91.61,No
3143-KBEJK,Male,0,No,No,67,Yes,No,No,No internet service,No internet service,No internet service,No internet service,No internet service,No internet service,Month-to-month,Yes,Credit card (automatic),25.68,1711.33,No
2737-ZMZBF,Male,0,No,No,60,Yes,No,Fiber optic,No,No,No,No,Yes,Yes,Two year,Yes,Electronic check,101.48,6092.91,No
1552-HEAKC,Female,0,Yes,No,72,Yes,No,No,No internet service,No internet service,No internet service,No internet service,No internet service,No internet service,Month-to-month,No,Bank transfer (automatic),21.01,1498.22,No
9347-CBSIA,Male,1,Yes,Yes,1,No,No phone service,DSL,No,Yes,Yes,No,No,No,Two year,Yes,Electronic check,53.05,76.19,No
2607-XCRJJ,Female,1,Yes,No,17,Yes,No,DSL,No,No,Yes,No,No,Yes,Two year,No,Electronic check,59.29,1022.45,No
3721-AZUCA,Female,0,No,Yes,58,Yes,Yes,DSL,Yes,No,No,No,No,No,One year,Yes,Electronic check,52.64,3051.67,No
4934-RCKJQ,Female,0,Yes,Yes,22,Yes,Yes,Fiber optic,Yes,No,No,Yes,No,No,Month-to-month,Yes,Mailed check,86.06,1907.56,No
3840-PBEHT,Male,1,Yes,No,52,Yes,Yes,No,No internet service,No internet service,No internet service,No internet service,No internet service,No internet service,Two year,Yes,Credit card (automatic),27.57,1433.24,No
3625-IMJBV,Female,0,No,No,56,Yes,No,Fiber optic,No,Yes,Yes,Yes,No,No,One year,Yes,Credit card (automatic),92.93,5216.87,No
1512-CLGWC,Female,1,Yes,No,59,No,No phone service,DSL,No,No,No,No,Yes,No,One year,Yes,Bank transfer (automatic),44.61,2644.21,No
9224-PHPPP,Male,0,Yes,Yes,38,Yes,Yes,DSL,No,No,Yes,No,No,No,Month-to-month,Yes,Bank transfer (automatic),50.0,1880.06,No
7693-JUJRW,Female,0,No,No,16,Yes,Yes,Fiber optic,No,No,No,No,Yes,Yes,Month-to-month,Yes,Credit card (automatic),98.84,1592.8,Yes
8040-MQODJ,Female,0,Yes,No,25,Yes,Yes,Fiber optic,No,Yes,No,No,No,No,Month-to-month,No,Electronic check,80.4,1990.53,Yes
2459-KSNLP,Male,0,No,No,71,Yes,Yes,No,No internet service,No internet service,No internet service,No internet service,No internet service,No internet service,Month-to-month,No,Credit card (automatic),22.52,1617.4,No
5570-CBWWN,Male,0,Yes,Yes,60,Yes,Yes,No,No internet service,No internet service,No internet service,No internet service,No internet service,No internet service,One year,No,Bank transfer (automatic),29.95,1807.03,No
6652-GWWOV,Male,0,No,No,14,Yes,No,No,No internet service,No internet service,No internet service,No internet service,No internet service,No internet service,One year,Yes,Electronic check,26.77,396.37,No
1674-KRYBH,Male,0,Yes,Yes,56,Yes,No,Fiber optic,No,No,Yes,No,No,Yes,Month-to-month,No,Electronic check,89.13,4977.57,No
8136-SSGMI,Male,1,Yes,No,4,Yes,No,Fiber optic,No,Yes,No,No,No,Yes,Month-to-month,Yes,Electronic check,93.93,393.04,Yes
7387-XVXIW,Female,0,No,No,5,Yes,No,Fiber optic,Yes,Yes,No,No,Yes,No,One year,No,Bank transfer (automatic),101.76,491.07,Yes
2407-KTBEG,Male,0,No,No,52,Yes,No,Fiber optic,No,Yes,No,No,Yes,Yes,Two year,No,Mailed check,98.7,5117.31,No
3393-VKVMR,Male,0,No,No,5,Yes,Yes,Fiber optic,Yes,No,No,Yes,No,No,One year,No,Credit card (automatic),99.83,477.7,No
2379-GYQPV,Male,0,No,No,66,Yes,Yes,DSL,No,No,Yes,Yes,No,Yes,Two year,Yes,Credit card (automatic),63.85,4208.7,No
9466-TNOES,Male,0,No,No,26,Yes,No,No,No internet service,No internet service,No internet service,No internet service,No internet service,No internet service,Month-to-month,Yes,Bank transfer (automatic),28.42,754.18,No
9038-IQFWS,Male,0,No,No,9,No,No phone service,No,No internet service,No internet service,No internet service,No internet service,No internet service,No internet service,Month-to-month,No,Electronic check,19.49,211.36,Yes
2485-GJMZE,Male,0,No,No,21,No,No phone service,Fiber optic,Yes,No,No,Yes,No,No,One year,Yes,Credit card (automatic),85.4,1797.21,No
2712-EYQZY,Male,0,Yes,No,56,Yes,Yes,DSL,No,No,No,Yes,Yes,No,Month-to-month,Yes,Bank transfer (automatic),65.51,3686.14,No
3299-YIAPI,Male,0,No,No,12,Yes,Yes,No,No internet service,No internet service,No internet service,No internet service,No internet service,No internet service,Month-to-month,No,Electronic check,23.88,322.51,No
5122-JMVYJ,Male,0,No,No,31,Yes,No,Fiber optic,No,No,Yes,No,Yes,No,Month-to-month,Yes,Mailed check,92.81,2897.41,Yes
3649-IDKXJ,Male,0,Yes,Yes,23,Yes,No,DSL,No,No,Yes,No,No,Yes,Two year,Yes,Mailed check,60.03,1385.43,No
8596-LRFKZ,Female,0,No,Yes,60,No,No phone service,DSL,No,No,No,No,Yes,Yes,One year,Yes,Electronic check,61.55,3686.25,No
8014-XNPYP,Male,0,Yes,Yes,0,Yes,Yes,Fiber optic,Yes,No,No,No,No,Yes,Month-to-month,Yes,Bank transfer (automatic),94.14,,Yes
6647-WZTEE,Male,0,No,No,41,No,No phone service,No,No internet service,No internet service,No internet service,No internet service,No internet service,No internet service,Month-to-month,No,Electronic check,18.25,774.02,Yes
1470-JPTOF,Female,0,No,No,71,Yes,No,Fiber optic,No,Yes,No,Yes,No,No,Two year,No,Mailed check,92.11,6564.19,No
3281-EVSAW,Female,1,Yes,Yes,12,Yes,No,No,No internet service,No internet service,No internet service,No internet service,No internet service,No internet service,Month-to-month,Yes,Mailed check,27.63,343.28,No
7352-VHRUI,Male,0,Yes,Yes,32,Yes,No,No,No internet service,No internet service,No internet service,No internet service,No internet service,No internet service,Month-to-month,Yes,Bank transfer (automatic),21.73,693.87,Yes
6580-TPUDU,Male,0,No,No,55,Yes,No,Fiber optic,Yes,No,Yes,No,Yes,Yes,Two year,No,Electronic check,108.37,5943.4,No
5602-IXMXM,Female,0,Yes,Yes,36,Yes,No,Fiber optic,Yes,No,No,Yes,No,Yes,One year,Yes,Bank transfer (automatic),105.02,3821.79,No
7033-DESHC,Male,0,No,Yes,20,Yes,No,Fiber optic,No,No,Yes,No,No,No,Month-to-month,Yes,Bank transfer (automatic),84.63,1680.46,Yes
9627-OICNT,Male,0,Yes,No,6,Yes,Yes,DSL,Yes,No,No,No,Yes,No,Two year,Yes,Mailed check,65.55,355.63,No
8430-CNUQJ,Female,0,Yes,No,3,Yes,No,No,No internet service,No internet service,No internet service,No internet service,No internet service,No internet service,One year,Yes,Electronic check,28.29,109.03,No
6218-WBQMO,Female,0,No,No,44,Yes,No,DSL,No,Yes,No,No,No,Yes,Month-to-month,Yes,Credit card (automatic),63.15,2810.98,No
5342-STAIK,Female,0,No,No,47,Yes,Yes,DSL,No,No,No,No,No,No,Month-to-month,No,Electronic check,50.87,2369.58,No
1821-YPCIQ,Female,1,Yes,No,24,Yes,No,DSL,No,No,No,No,Yes,No,Month-to-month,Yes,Electronic check,57.83,1405.62,Yes
5855-YEKXD,Male,1,No,No,70,Yes,No,No,No internet service,No internet service,No internet service,No internet service,No internet service,No internet service,Month-to-month,Yes,Bank transfer (automatic),23.13,1608.54,No
8917-SEDPC,Female,0,Yes,No,24,Yes,No,No,No internet service,No internet service,No internet service,No internet service,No internet service,No internet service,Month-to-month,Yes,Mailed check,20.53,482.41,No
3029-NIZRZ,Male,0,No,No,29,Yes,No,Fiber optic,No,No,No,No,No,Yes,One year,Yes,Electronic check,91.4,2663.6,Yes
6380-BUIZT,Male,0,No,No,27,Yes,No,No,No internet service,No internet service,No internet service,No internet service,No internet service,No internet service,Month-to-month,Yes,Credit card (automatic),29.13,776.25,No
6126-UGYVN,Male,1,Yes,No,7,Yes,No,Fiber optic,Yes,No,No,No,No,No,One year,Yes,Bank transfer (automatic),82.81,583.83,Yes
4469-FCQCP,Female,0,Yes,Yes,7,Yes,No,Fiber optic,No,No,No,No,Yes,No,Month-to-month,Yes,Electronic check,88.21,633.79,Yes
1592-YXGCE,Male,0,No,No,57,Yes,No,No,No internet service,No internet service,No internet service,No internet service,No internet service,No internet service,Two year,No,Bank transfer (automatic),25.75,1494.37,No
8857-HATSS,Male,1,Yes,No,44,Yes,Yes,No,No internet service,No internet service,No internet service,No internet service,No internet service,No internet service,One year,Yes,Credit card (automatic),25.86,1126.58,No
1266-QIKWO,Male,0,No,No,19,No,No phone service,DSL,Yes,Yes,Yes,No,Yes,No,One year,Yes,Credit card (automatic),68.25,1296.47,No
9056-WCMJA,Male,0,No,No,13,Yes,Yes,Fiber optic,No,No,No,No,No,No,Month-to-month,Yes,Electronic check,84.84,1100.17,Yes
7105-TGGEJ,Male,0,No,No,11,Yes,No,No,No internet service,No internet service,No internet service,No internet service,No internet service,No internet service,Two year,No,Electronic check,30.37,323.08,No
1585-NZDCB,Female,0,No,No,8,Yes,No,Fiber optic,No,Yes,No,No,Yes,No,Month-to-month,Yes,Bank transfer (automatic),97.83,774.15,Yes
4918-GAXPD,Female,1,No,No,64,Yes,Yes,DSL,No,Yes,No,No,No,No,Month-to-month,No,Electronic check,53.05,3414.19,No
4771-BYUDW,Female,1,No,No,11,Yes,Yes,No,No internet service,No internet service,No internet service,No internet service,No internet service,No internet service,Two year,Yes,Electronic check,23.96,288.48,No
1596-HBPXW,Female,1,No,No,0,Yes,No,No,No internet service,No internet service,No internet service,No internet service,No internet service,No internet service,Month-to-month,No,Mailed check,30.13,50.0,Yes
1936-IERDI,Female,0,No,No,34,Yes,Yes,DSL,No,Yes,No,No,No,Yes,Month-to-month,Yes,Bank transfer (automatic),59.44,2043.2,No
5436-CPVIO,Female,0,Yes,No,13,Yes,Yes,DSL,No,No,No,No,No,No,Month-to-month,Yes,Electronic check,46.51,607.75,Yes
6774-WAJXG,Male,0,No,No,60,Yes,No,Fiber optic,No,Yes,No,No,No,Yes,Month-to-month,Yes,Electronic check,91.34,5481.55,Yes
8735-VHEMY,Female,0,Yes,No,20,Yes,No,DSL,No,No,Yes,No,Yes,No,Month-to-month,Yes,Credit card (automatic),72.31,1484.91,No
2185-YIMBQ,Female,1,Yes,No,16,Yes,No,DSL,Yes,Yes,No,No,No,No,Month-to-month,Yes,Mailed check,60.59,973.61,No
4392-SAZFT,Male,0,Yes,No,5,Yes,No,DSL,Yes,No,Yes,Yes,No,No,One year,No,Electronic check,65.34,308.35,No
5797-OPCMD,Male,0,No,No,57,Yes,Yes,Fiber optic,Yes,No,No,No,No,No,One year,Yes,Electronic check,85.43,4863.36,No
7992-FSXEA,Male,0,Yes,Yes,10,No,No phone service,No,No internet service,No internet service,No internet service,No internet service,No internet service,No internet service,Month-to-month,No,Mailed check,21.23,205.07,Yes
5857-NNTDT,Male,0,No,No,55,Yes,No,Fiber optic,No,No,No,No,No,No,One year,Yes,Credit card (automatic),83.81,4632.97,Yes
3020-MWLVH,Female,0,Yes,Yes,65,Yes,No,Fiber optic,No,No,No,No,No,Yes,Two year,No,Bank transfer (automatic),82.07,5317.9,No
9018-PCKBB,Male,0,No,No,18,Yes,No,Fiber optic,Yes,Yes,Yes,No,No,No,Month-to-month,Yes,Electronic check,90.95,1636.54,Yes
4066-DYGQW,Male,0,Yes,Yes,46,Yes,Yes,Fiber optic,Yes,No,No,Yes,No,No,Month-to-month,Yes,Electronic check,94.92,4369.88,No
6470-AAKLD,Female,0,No,Yes,5,Yes,Yes,Fiber optic,No,No,Yes,No,No,No,Month-to-month,Yes,Bank transfer (automatic),82.48,421.91,Yes
3633-FRBTY,Male,1,Yes,No,59,Yes,No,DSL,No,No,Yes,No,No,No,Month-to-month,No,Mailed check,51.67,3001.88,No
2248-VSVLN,Female,1,No,No,4,No,No phone service,DSL,No,Yes,Yes,Yes,Yes,No,Two year,No,Electronic check,66.75,290.25,No
4796-YOBHO,Male,0,No,No,22,Yes,No,DSL,Yes,No,No,Yes,No,Yes,One year,Yes,Credit card (automatic),68.27,1488.52,No
8909-MBFHZ,Female,0,No,No,4,Yes,Yes,Fiber optic,Yes,Yes,Yes,No,No,Yes,Two year,No,Electronic check,102.98,428.46,Yes
7429-ENFNT,Male,0,No,No,28,Yes,Yes,No,No internet service,No internet service,No internet service,No internet service,No internet service,No internet service,Two year,No,Bank transfer (automatic),23.8,703.04,No
8068-WRLCK,Male,0,Yes,No,3,Yes,No,No,No internet service,No internet service,No internet service,No internet service,No internet service,No internet service,Two year,No,Mailed check,25.23,114.73,No
4824-NGXLF,Male,0,No,Yes,58,Yes,No,DSL,No,No,Yes,No,No,No,Month-to-month,No,Electronic check,51.53,2984.5,No
4221-CQHRY,Female,0,Yes,No,20,Yes,Yes,Fiber optic,No,Yes,Yes,No,Yes,No,Month-to-month,Yes,Credit card (automatic),97.41,1937.7,Yes
1325-QFJQE,Male,0,No,No,3,Yes,Yes,Fiber optic,No,Yes,Yes,No,No,No,Two year,Yes,Mailed check,94.06,271.56,No
9750-IKSYH,Male,1,Yes,Yes,69,Yes,No,No,No internet service,No internet service,No internet service,No internet service,No internet service,No internet service,Two year,Yes,Electronic check,26.36,1787.09,No
5989-JRZVF,Male,1,No,No,71,Yes,No,No,No internet service,No internet service,No internet service,No internet service,No internet service,No internet service,Month-to-month,No,Bank transfer (automatic),28.42,2036.64,No
5142-WLAHH,Female,0,Yes,No,3,Yes,Yes,Fiber optic,No,Yes,No,No,No,No,Month-to-month,Yes,Credit card (automatic),85.63,272.92,Yes
8945-NDFAU,Male,1,Yes,No,9,No,No phone service,DSL,No,Yes,Yes,No,No,No,Month-to-month,No,Electronic check,53.44,498.39,Yes
2842-QGJLX,Male,0,Yes,Yes,0,Yes,Yes,No,No internet service,No internet service,No internet service,No internet service,No internet service,No internet service,Month-to-month,No,Electronic check,22.7,,No
2823-SYBPG,Male,1,No,No,3,Yes,Yes,No,No internet service,No internet service,No internet service,No internet service,No internet service,No internet service,Month-to-month,Yes,Electronic check,18.25,44.74,Yes
4409-XYNKJ,Male,0,No,No,21,Yes,Yes,DSL,Yes,No,No,No,No,Yes,Month-to-month,Yes,Electronic check,65.79,1428.72,No
1044-JUIWK,Female,0,No,No,26,Yes,Yes,Fiber optic,No,No,Yes,No,No,Yes,Month-to-month,No,Electronic check,95.26,2493.32,Yes
2801-TBWAN,Male,0,No,No,60,Yes,Yes,No,No internet service,No internet service,No internet service,No internet service,No internet service,No internet service,Month-to-month,Yes,Mailed check,18.25,1057.15,No
5501-SGILP,Female,1,No,No,66,Yes,No,No,No internet service,No internet service,No internet service,No internet service,No internet service,No internet service,Two year,Yes,Bank transfer (automatic),27.86,1815.56,No
8138-TWCQZ,Female,0,No,No,59,Yes,No,Fiber optic,No,Yes,Yes,No,No,No,Month-to-month,No,Bank transfer (automatic),94.41,5574.83,Yes
6747-CZGOV,Female,0,No,No,7,Yes,No,Fiber optic,No,No,No,No,No,Yes,Month-to-month,No,Credit card (automatic),90.37,634.18,Yes
8207-QBKDP,Female,0,No,No,9,No,No phone service,No,No internet service,No internet service,No internet service,No internet service,No internet service,No internet service,One year,Yes,Mailed check,18.95,189.94,No
9920-JTDQI,Female,0,Yes,No,16,Yes,Yes,DSL,No,No,Yes,Yes,Yes,Yes,Month-to-month,Yes,Bank transfer (automatic),68.45,1100.75,Yes
7990-HYFLC,Male,0,Yes,Yes,23,Yes,Yes,Fiber optic,Yes,No,No,No,No,Yes,Month-to-month,Yes,Bank transfer (automatic),89.75,2064.07,No
1408-FPYVO,Female,0,Yes,Yes,72,Yes,No,No,No internet service,No internet service,No internet service,No internet service,No internet service,No internet service,One year,No,Electronic check,27.2,1965.38,No
3985-WPNNI,Male,0,No,Yes,55,Yes,No,No,No internet service,No internet service,No internet service,No internet service,No internet service,No internet service,Month-to-month,No,Electronic check,26.16,1403.26,No
7724-NIBWM,Male,0,Yes,Yes,65,Yes,No,Fiber optic,Yes,No,Yes,Yes,No,Yes,Month-to-month,No,Electronic check,102.13,6667.44,No
3799-NMUTC,Female,0,Yes,Yes,72,Yes,Yes,No,No internet service,No internet service,No internet service,No internet service,No internet service,No internet service,Month-to-month,No,Mailed check,27.02,1964.64,No
7663-DZUPV,Female,1,No,No,19,No,No phone service,Fiber optic,No,Yes,Yes,Yes,No,No,Two year,No,Electronic check,89.87,1721.86,No
2639-ATFHC,Male,1,No,No,43,Yes,Yes,Fiber optic,No,No,Yes,No,No,Yes,Month-to-month,No,Electronic check,94.72,4070.17,Yes
1086-HFKPF,Female,0,No,No,31,Yes,Yes,Fiber optic,No,Yes,No,No,No,No,Month-to-month,No,Electronic check,83.26,2581.84,No
6560-ZLQRB,Male,1,No,No,17,Yes,No,DSL,No,No,No,No,No,No,One year,No,Bank transfer (automatic),51.39,883.04,No
5422-WYXHY,Male,0,Yes,Yes,61,Yes,No,No,No internet service,No internet service,No internet service,No internet service,No internet service,No internet service,Month-to-month,Yes,Credit card (automatic),29.06,1767.91,No
6292-RKRFL,Female,0,No,No,26,Yes,No,Fiber optic,No,Yes,No,No,Yes,No,One year,Yes,Bank transfer (automatic),92.56,2417.43,No
7950-WBTWD,Male,0,No,Yes,6,Yes,No,DSL,No,No,No,No,No,Yes,Month-to-month,Yes,Mailed check,59.5,350.95,Yes
3732-EIWWD,Male,0,No,No,15,Yes,No,DSL,No,No,No,No,No,No,Month-to-month,Yes,Bank transfer (automatic),51.63,745.94,No
4911-RPVST,Female,0,Yes,Yes,20,No,No phone service,Fiber optic,Yes,No,Yes,No,Yes,No,Month-to-month,Yes,Electronic check,91.75,1815.83,Yes
5261-DQOQM,Male,0,Yes,Yes,72,Yes,No,No,No internet service,No internet service,No internet service,No internet service,No internet service,No internet service,Two year,No,Credit card (automatic),21.55,1529.69,No
6040-DMWCR,Male,0,No,No,3,No,No phone service,DSL,No,Yes,No,No,Yes,No,Month-to-month,Yes,Electronic check,50.98,162.72,Yes
8181-AWDGW,Male,0,No,No,22,No,No phone service,Fiber optic,Yes,No,Yes,Yes,No,No,One year,No,Mailed check,86.2,1914.19,Yes
3790-ALOLB,Male,0,Yes,Yes,10,Yes,Yes,Fiber optic,No,Yes,Yes,No,No,No,Month-to-month,Yes,Electronic check,88.64,910.66,Yes
6061-RLNWT,Female,0,Yes,No,72,Yes,No,No,No internet service,No internet service,No internet service,No internet service,No internet service,No internet service,Month-to-month,No,Electronic check,27.44,1982.51,No
8545-QLRRT,Female,1,No,No,9,No,No phone service,Fiber optic,Yes,No,No,No,No,No,One year,Yes,Electronic check,81.22,773.71,No
5180-PDEWF,Female,0,No,No,29,Yes,No,Fiber optic,Yes,Yes,No,Yes,Yes,No,Month-to-month,No,Bank transfer (automatic),98.81,2831.5,No
2428-DCMOZ,Female,0,No,Yes,64,Yes,Yes,DSL,No,No,Yes,No,No,Yes,Month-to-month,No,Electronic check,64.28,4102.78,No
8762-UEVLK,Female,0,Yes,Yes,18,Yes,No,DSL,No,No,No,No,No,No,Month-to-month,No,Electronic check,56.36,1009.43,No
4014-YYNFU,Female,0,No,No,17,No,No phone service,Fiber optic,No,Yes,Yes,No,No,No,One year,No,Credit card (automatic),80.27,1318.57,No
4253-DYQCG,Male,0,Yes,No,55,Yes,No,Fiber optic,No,Yes,Yes,No,No,No,Month-to-month,No,Credit card (automatic),90.63,4988.24,No
2679-YOHOH,Male,0,No,No,62,Yes,No,DSL,No,No,No,No,Yes,No,Month-to-month,No,Electronic check,59.65,3723.18,No
9885-HYUEW,Female,1,No,Yes,40,Yes,No,Fiber optic,No,No,No,No,No,Yes,Month-to-month,No,Electronic check,85.4,3459.94,Yes
9235-BJCXG,Male,0,Yes,Yes,18,Yes,No,Fiber optic,No,No,No,No,Yes,No,One year,No,Credit card (automatic),84.56,1529.73,No
8304-DUDBT,Male,0,No,Yes,21,No,No phone service,Fiber optic,No,No,No,No,No,No,Two year,Yes,Credit card (automatic),73.38,1548.92,No
1498-GZBVG,Male,0,Yes,Yes,1,No,No phone service,Fiber optic,No,Yes,Yes,No,Yes,Yes,Month-to-month,Yes,Credit card (automatic),98.22,109.26,Yes
5145-ZSPYJ,Female,0,No,No,2,Yes,No,Fiber optic,No,No,No,No,No,Yes,One year,Yes,Electronic check,84.2,151.25,No
6045-PAJXN,Female,0,No,No,16,Yes,No,Fiber optic,No,No,Yes,No,Yes,Yes,Month-to-month,Yes,Electronic check,100.08,1589.25,Yes
6115-ZGRNX,Female,0,Yes,No,10,Yes,No,Fiber optic,No,Yes,No,No,No,Yes,One year,Yes,Electronic check,93.22,958.86,No
4530-UGSIJ,Female,0,No,No,5,Yes,No,Fiber optic,No,No,Yes,No,No,Yes,One year,Yes,Mailed check,92.48,443.91,No
4422-SRNJQ,Female,0,No,Yes,72,Yes,Yes,DSL,No,No,Yes,No,Yes,No,Month-to-month,Yes,Electronic check,61.33,4424.01,No
2392-CHTMM,Female,0,No,No,6,Yes,No,DSL,No,No,Yes,Yes,No,Yes,Month-to-month,Yes,Electronic check,63.06,382.78,Yes
2893-RXBOO,Female,0,No,No,4,Yes,No,Fiber optic,Yes,Yes,No,No,No,No,Month-to-month,No,Electronic check,85.13,333.29,Yes
9988-GUPDB,Male,1,No,No,3,Yes,No,DSL,Yes,No,No,Yes,No,No,Month-to-month,No,Bank transfer (automatic),58.59,189.57,No
7200-BXJXM,Male,0,No,No,20,Yes,No,Fiber optic,Yes,No,No,Yes,Yes,No,Month-to-month,Yes,Credit card (automatic),108.03,2169.57,Yes
9712-NXVFC,Female,0,No,No,72,Yes,No,No,No internet service,No internet service,No internet service,No internet service,No internet service,No internet service,Two year,No,Mailed check,24.32,1734.85,No
3416-UJYSF,Male,0,Yes,Yes,17,Yes,No,Fiber optic,No,No,No,No,No,No,Month-to-month,Yes,Bank transfer (automatic),81.59,1391.42,No
3816-RTSOC,Female,1,Yes,Yes,53,Yes,No,Fiber optic,No,No,No,Yes,No,Yes,Month-to-month,No,Bank transfer (automatic),88.69,4703.08,No
5478-CNYHE,Female,0,Yes,No,10,Yes,No,DSL,No,Yes,Yes,No,Yes,Yes,Month-to-month,No,Electronic check,79.53,796.64,No
3587-DELKU,Female,0,Yes,Yes,64,Yes,No,DSL,No,No,No,No,No,Yes,Month-to-month,Yes,Bank transfer (automatic),64.0,4092.5,No
5693-EDVXC,Female,0,No,No,70,Yes,No,Fiber optic,Yes,No,No,No,No,Yes,Two year,Yes,Bank transfer (automatic),94.58,6605.82,No
4913-UBBNL,Male,0,Yes,Yes,1,Yes,Yes,DSL,No,No,No,No,Yes,Yes,One year,Yes,Credit card (automatic),67.57,101.8,No
3194-QWJYO,Female,0,No,No,1,Yes,No,DSL,No,No,No,No,No,No,Month-to-month,Yes,Electronic check,49.51,16.23,Yes
2872-RUXWT,Male,0,Yes,No,15,Yes,Yes,Fiber optic,No,No,Yes,No,Yes,No,One year,Yes,Electronic check,92.19,1376.7,No
1973-XQVAN,Female,0,Yes,Yes,72,Yes,No,DSL,No,No,No,No,Yes,No,Two year,Yes,Credit card (automatic),53.66,3859.3,No
5944-SVDKJ,Female,0,Yes,Yes,23,Yes,No,Fiber optic,No,Yes,Yes,No,No,Yes,Month-to-month,Yes,Electronic check,99.59,2257.95,Yes
6370-GCEJP,Male,0,Yes,Yes,20,Yes,No,Fiber optic,No,Yes,No,No,No,No,Month-to-month,No,Bank transfer (automatic),81.79,1608.41,Yes
2852-ALFHF,Male,0,Yes,No,5,Yes,No,DSL,No,No,No,No,No,No,Month-to-month,No,Bank transfer (automatic),49.75,267.37,Yes
4506-RFWOE,Male,1,No,No,3,Yes,Yes,DSL,No,Yes,Yes,No,No,No,Month-to-month,Yes,Credit card (automatic),63.77,202.2,Yes
6879-PGMDH,Female,0,No,No,7,Yes,Yes,No,No internet service,No internet service,No internet service,No internet service,No internet service,No internet service,One year,No,Mailed check,19.03,124.35,Yes
5754-YFFFB,Male,0,Yes,No,70,Yes,Yes,Fiber optic,No,No,No,Yes,No,No,Month-to-month,Yes,Credit card (automatic),81.15,5675.67,Yes
7626-KOPBV,Male,0,Yes,Yes,59,Yes,No,Fiber optic,No,No,No,No,No,Yes,One year,No,Electronic check,89.11,5246.78,No
7507-KYSJE,Female,0,Yes,No,7,Yes,Yes,DSL,No,No,No,No,Yes,No,Month-to-month,No,Electronic check,60.81,394.67,No
5587-QXURD,Female,0,No,No,54,Yes,No,Fiber optic,No,Yes,Yes,No,No,No,One year,Yes,Bank transfer (automatic),89.0,4814.6,No
8038-UBEIN,Female,0,No,No,9,Yes,Yes,DSL,No,No,Yes,No,No,No,Month-to-month,No,Credit card (automatic),54.63,482.57,No
4977-QNJCB,Female,0,Yes,Yes,22,Yes,No,Fiber optic,No,No,No,No,Yes,Yes,Month-to-month,Yes,Bank transfer (automatic),99.68,2205.86,No
4064-QXGZO,Male,0,No,No,67,Yes,No,No,No internet service,No internet service,No internet service,No internet service,No internet service,No internet service,Two year,No,Electronic check,30.97,2111.72,No
4773-KAUCD,Female,0,Yes,Yes,2,Yes,Yes,DSL,Yes,Yes,No,No,No,Yes,Month-to-month,Yes,Electronic check,73.59,152.33,Yes
9758-MZKLS,Female,0,No,No,17,Yes,No,No,No internet service,No internet service,No internet service,No internet service,No internet service,No internet service,One year,No,Mailed check,18.25,314.34,No
6712-EWGYD,Male,0,Yes,No,31,Yes,Yes,DSL,No,No,No,No,No,No,Month-to-month,Yes,Credit card (automatic),51.92,1598.81,No
2341-SDXXX,Female,0,No,No,15,Yes,Yes,DSL,Yes,No,No,Yes,Yes,Yes,Two year,No,Electronic check,75.09,1150.5,No
7232-XVRJS,Female,0,Yes,Yes,19,Yes,Yes,Fiber optic,Yes,No,No,Yes,Yes,No,Month-to-month,No,Credit card (automatic),99.37,1886.71,Yes
9356-UCUCY,Female,1,No,No,5,Yes,Yes,Fiber optic,No,No,No,No,No,No,One year,Yes,Electronic check,77.63,395.14,No
4469-GDUWN,Male,0,No,No,51,Yes,No,Fiber optic,No,Yes,No,No,Yes,Yes,Month-to-month,No,Bank transfer (automatic),106.0,5376.54,No
1163-PMLFB,Male,1,No,No,23,Yes,No,DSL,Yes,No,No,No,No,No,One year,Yes,Electronic check,55.33,1265.17,No
1888-AEHXQ,Male,1,Yes,Yes,14,Yes,No,Fiber optic,No,No,Yes,Yes,No,No,Month-to-month,No,Mailed check,91.44,1292.02,Yes
8611-MQSVO,Female,1,Yes,No,22,No,No phone service,No,No internet service,No internet service,No internet service,No internet service,No internet service,No internet service,One year,No,Bank transfer (automatic),19.08,430.72,No
4892-RWPYF,Female,0,No,No,22,Yes,Yes,No,No internet service,No internet service,No internet service,No internet service,No internet service,No internet service,Month-to-month,Yes,Bank transfer (automatic),30.42,677.02,No
5730-CKAMS,Female,0,No,No,6,Yes,Yes,Fiber optic,No,No,Yes,No,No,Yes,One year,Yes,Bank transfer (automatic),93.08,558.49,No
4062-YUQAV,Male,0,No,No,43,Yes,No,Fiber optic,No,Yes,No,No,No,No,Month-to-month,Yes,Electronic check,87.05,3746.97,No
7091-JUFIC,Female,0,No,No,1,Yes,No,No,No internet service,No internet service,No internet service,No internet service,No internet service,No internet service,Month-to-month,Yes,Mailed check,24.76,0.0,No
1495-WORCM,Male,0,No,No,19,Yes,No,DSL,Yes,Yes,No,No,Yes,No,Two year,Yes,Electronic check,71.25,1344.83,No
4783-SBLEU,Male,0,Yes,Yes,17,Yes,No,No,No internet service,No internet service,No internet service,No internet service,No internet service,No internet service,Month-to-month,Yes,Credit card (automatic),28.18,508.84,No
6109-SUVZA,Male,0,Yes,No,39,Yes,Yes,DSL,Yes,No,No,No,No,Yes,Two year,Yes,Mailed check,61.34,2408.28,No
9468-FXMDB,Female,1,Yes,Yes,9,Yes,Yes,Fiber optic,Yes,No,No,No,No,No,Two year,No,Mailed check,86.36,738.72,No
1226-WUYZP,Male,0,Yes,No,71,Yes,Yes,DSL,No,Yes,Yes,No,No,No,Month-to-month,No,Bank transfer (automatic),53.26,3789.94,No
5808-GMSSG,Male,0,No,No,49,Yes,Yes,Fiber optic,No,Yes,No,No,Yes,No,Month-to-month,Yes,Mailed check,100.62,4905.4,Yes
5233-CCYPA,Female,0,Yes,No,28,No,No phone service,Fiber optic,No,No,No,Yes,No,No,Month-to-month,No,Electronic check,77.55,2165.45,No
4135-PFZUR,Female,1,Yes,Yes,3,Yes,Yes,DSL,No,No,No,Yes,Yes,No,Month-to-month,Yes,Electronic check,67.36,192.78,No
5917-WNPUS,Female,0,Yes,No,61,Yes,Yes,DSL,No,Yes,No,No,No,No,Month-to-month,Yes,Electronic check,61.81,3786.79,No
9151-AEIZA,Male,0,No,No,14,Yes,No,No,No internet service,No internet service,No internet service,No internet service,No internet service,No internet service,One year,Yes,Mailed check,23.39,279.39,No
4440-PRNDV,Male,0,Yes,Yes,15,Yes,No,DSL,No,No,No,No,Yes,Yes,Two year,Yes,Electronic check,65.06,955.09,No
4566-BFODV,Female,0,No,No,38,Yes,No,Fiber optic,No,Yes,Yes,Yes,No,No,Month-to-month,Yes,Bank transfer (automatic),96.25,3658.85,No
9976-BTIIE,Female,0,Yes,No,3,Yes,No,DSL,No,Yes,Yes,Yes,No,No,One year,Yes,Credit card (automatic),62.13,193.8,No
1673-OIOTO,Male,1,No,No,5,Yes,No,No,No internet service,No internet service,No internet service,No internet service,No internet service,No internet service,Two year,Yes,Electronic check,24.97,113.08,No
8879-WALJG,Female,1,Yes,Yes,60,Yes,No,No,No internet service,No internet service,No internet service,No internet service,No internet service,No internet service,One year,Yes,Mailed check,24.5,1461.38,No
3897-QBUOJ,Female,0,Yes,Yes,4,Yes,No,DSL,No,Yes,No,Yes,No,No,One year,Yes,Credit card (automatic),52.88,212.49,No
2863-ZIIWO,Female,0,Yes,No,1,Yes,Yes,No,No internet service,No internet service,No internet service,No internet service,No internet service,No internet service,Two year,Yes,Credit card (automatic),24.17,14.07,No
9462-ASWPE,Male,0,No,No,66,Yes,No,Fiber optic,No,Yes,No,No,No,No,Two year,No,Credit card (automatic),86.93,5737.9,No
2574-BDSUJ,Male,0,No,No,27,Yes,No,DSL,Yes,No,Yes,No,No,No,Two year,No,Electronic check,55.43,1470.82,No
9503-USGLO,Male,0,Yes,Yes,7,Yes,Yes,DSL,No,No,Yes,No,Yes,No,Two year,Yes,Bank transfer (automatic),63.65,472.32,No
7668-JDTFS,Female,0,Yes,Yes,19,Yes,No,Fiber optic,No,Yes,No,No,No,No,Month-to-month,No,Electronic check,84.3,1606.02,Yes
3752-QHWOU,Female,0,No,No,45,Yes,Yes,DSL,No,No,Yes,No,Yes,Yes,Month-to-month,No,Credit card (automatic),64.81,2884.83,No
8594-MSHTR,Female,0,Yes,No,28,Yes,Yes,DSL,Yes,No,No,Yes,Yes,Yes,Month-to-month,Yes,Mailed check,73.96,2083.24,Yes
9398-QPSKN,Female,1,Yes,Yes,11,Yes,Yes,No,No internet service,No internet service,No internet service,No internet service,No internet service,No internet service,Two year,No,Electronic check,29.82,330.49,No
2996-CYUVS,Female,0,Yes,No,25,Yes,No,DSL,No,No,No,Yes,No,No,Month-to-month,Yes,Electronic check,57.02,1415.6,Yes
9297-CPLXX,Female,0,No,No,29,Yes,No,No,No internet service,No internet service,No internet service,No internet service,No internet service,No internet service,Two year,No,Bank transfer (automatic),22.85,658.86,No
2331-YWDBL,Male,0,No,No,23,Yes,No,DSL,No,No,Yes,No,Yes,Yes,Two year,Yes,Electronic check,73.62,1676.23,No
9096-PNOZY,Female,1,No,No,14,Yes,Yes,Fiber optic,No,No,Yes,Yes,Yes,No,Two year,Yes,Electronic check,96.22,1350.96,No
9118-MQTQT,Male,0,No,No,52,Yes,No,Fiber optic,No,No,Yes,Yes,No,No,Two year,No,Bank transfer (automatic),91.36,4776.07,No
1242-FXTUC,Female,0,Yes,No,1,Yes,No,Fiber optic,Yes,No,No,Yes,No,No,One year,Yes,Bank transfer (automatic),88.63,72.55,No
2900-CEOWT,Male,0,No,No,9,Yes,Yes,Fiber optic,No,Yes,No,No,No,No,Two year,No,Electronic check,89.14,837.67,Yes
7293-BFICO,Female,0,Yes,No,5,Yes,No,No,No internet service,No internet service,No internet service,No internet service,No internet service,No internet service,Month-to-month,Yes,Bank transfer (automatic),29.88,146.54,Yes
1212-TOFJE,Female,0,No,No,63,Yes,No,DSL,No,No,No,No,No,No,Two year,No,Mailed check,49.41,3084.28,No
1500-CQSEI,Female,0,Yes,No,46,Yes,No,DSL,No,No,No,No,Yes,No,Month-to-month,Yes,Mailed check,58.24,2664.51,No
2620-MLOVE,Male,0,Yes,Yes,56,Yes,Yes,Fiber optic,No,No,No,No,No,No,Month-to-month,Yes,Bank transfer (automatic),82.96,4608.92,Yes
4699-RBLOP,Female,0,No,No,43,Yes,Yes,No,No internet service,No internet service,No internet service,No internet service,No internet service,No internet service,Month-to-month,No,Bank transfer (automatic),25.87,1128.3,Yes
1323-OKBYZ,Female,0,No,No,26,Yes,Yes,DSL,Yes,Yes,No,No,No,Yes,Month-to-month,No,Bank transfer (automatic),69.05,1813.02,No
1301-TKGZI,Female,0,No,No,3,Yes,Yes,Fiber optic,No,No,No,Yes,No,No,Two year,No,Bank transfer (automatic),80.65,243.0,No
6447-XWAQM,Female,0,Yes,Yes,10,Yes,Yes,DSL,Yes,No,No,Yes,No,No,Month-to-month,Yes,Bank transfer (automatic),62.32,655.08,Yes
2526-BSAYM,Male,0,Yes,Yes,6,Yes,No,DSL,No,No,No,No,Yes,Yes,Month-to-month,Yes,Credit card (automatic),67.54,423.71,No
7905-RBPML,Male,0,Yes,Yes,18,Yes,Yes,DSL,Yes,No,No,No,No,No,Month-to-month,No,Electronic check,50.57,889.04,Yes
8358-GSHSN,Female,0,Yes,Yes,10,Yes,No,Fiber optic,No,No,Yes,No,Yes,No,Month-to-month,No,Credit card (automatic),90.26,885.13,No
4773-LTFZJ,Male,0,Yes,No,19,Yes,No,Fiber optic,No,No,No,Yes,Yes,No,Two year,No,Electronic check,91.22,1783.18,No
9240-YKVTL,Male,0,No,No,18,Yes,No,DSL,No,Yes,No,No,No,Yes,Month-to-month,Yes,Electronic check,65.97,1177.46,No
3900-PDTHY,Female,0,Yes,No,10,Yes,No,No,No internet service,No internet service,No internet service,No internet service,No internet service,No internet service,Month-to-month,No,Credit card (automatic),29.23,297.88,Yes
9836-SSEOY,Male,0,No,Yes,43,Yes,Yes,Fiber optic,No,No,Yes,No,No,No,Month-to-month,Yes,Credit card (automatic),90.43,3914.17,No
4380-LXFPP,Female,0,No,No,15,No,No phone service,Fiber optic,No,Yes,No,No,No,Yes,Month-to-month,Yes,Credit card (automatic),82.47,1255.16,Yes
4179-ADMQU,Male,0,Yes,No,4,No,No phone service,DSL,No,Yes,No,No,Yes,No,Month-to-month,Yes,Mailed check,52.7,217.06,Yes
9666-AOZJE,Female,0,Yes,No,24,No,No phone service,No,No internet service,No internet service,No internet service,No internet service,No internet service,No internet service,Month-to-month,Yes,Electronic check,18.25,461.96,No
5568-SFCGH,Female,0,Yes,Yes,7,Yes,No,Fiber optic,No,No,No,No,No,No,One year,Yes,Electronic check,78.79,573.56,No
1954-NNKZC,Male,0,No,No,12,Yes,Yes,DSL,No,No,Yes,Yes,No,No,Two year,Yes,Mailed check,65.91,832.91,No
3936-TLBKW,Female,0,No,Yes,35,Yes,No,Fiber optic,No,No,No,No,Yes,Yes,Month-to-month,Yes,Electronic check,97.42,3398.2,No
4222-IFKHF,Male,0,No,No,7,Yes,No,Fiber optic,No,Yes,No,No,No,No,Month-to-month,Yes,Electronic check,83.93,607.62,Yes
9711-DCSKU,Male,1,No,No,14,Yes,Yes,DSL,No,Yes,No,Yes,No,No,Month-to-month,Yes,Electronic check,59.28,831.6,No
4202-ZHWTV,Female,0,No,No,57,Yes,No,DSL,No,No,No,Yes,No,No,One year,Yes,Electronic check,54.6,3144.97,No
6975-EFLMS,Male,0,No,No,1,Yes,Yes,DSL,No,Yes,Yes,No,Yes,Yes,Month-to-month,No,Electronic check,74.84,46.21,Yes
8200-AKAZI,Female,0,Yes,No,72,Yes,No,DSL,Yes,No,No,No,No,No,One year,Yes,Credit card (automatic),53.72,3851.06,No
7736-PATLQ,Female,0,Yes,Yes,14,Yes,No,Fiber optic,Yes,Yes,No,No,No,No,Month-to-month,No,Bank transfer (automatic),92.33,1287.9,Yes
4863-QVAGI,Male,0,Yes,No,12,Yes,No,Fiber optic,Yes,No,No,Yes,No,Yes,One year,No,Bank transfer (automatic),96.47,1179.23,Yes
3449-XEEBC,Female,1,Yes,No,40,Yes,Yes,Fiber optic,No,No,No,Yes,No,No,Month-to-month,No,Mailed check,87.16,3493.75,No
7008-KSOWM,Male,0,Yes,Yes,46,No,No phone service,No,No internet service,No internet service,No internet service,No internet service,No internet service,No internet service,Two year,Yes,Electronic check,25.02,1188.62,No
8981-XZLGT,Male,0,No,No,61,Yes,Yes,Fiber optic,No,No,Yes,No,No,No,Month-to-month,No,Electronic check,87.84,5358.39,No
7147-BXIMY,Female,0,No,No,10,Yes,Yes,No,No internet service,No internet service,No internet service,No internet service,No internet service,No internet service,Month-to-month,Yes,Electronic check,25.62,223.81,Yes
5972-NVEDI,Female,0,Yes,Yes,1,Yes,No,DSL,No,No,No,No,Yes,No,Month-to-month,Yes,Credit card (automatic),59.86,27.56,Yes
6183-FQQOX,Female,0,Yes,No,70,Yes,No,Fiber optic,Yes,Yes,Yes,No,Yes,Yes,One year,No,Electronic check,106.24,7417.72,No
6781-XEQLT,Male,1,No,No,4,Yes,No,DSL,No,No,No,Yes,No,Yes,Month-to-month,Yes,Electronic check,67.22,258.49,Yes
3524-MTIBU,Male,0,Yes,Yes,15,Yes,No,Fiber optic,No,Yes,No,No,No,Yes,Month-to-month,No,Electronic check,102.68,1534.82,No
7047-VMWDU,Male,0,Yes,Yes,14,Yes,Yes,DSL,No,No,No,Yes,Yes,Yes,One year,No,Bank transfer (automatic),68.53,963.95,No
3716-CZOGQ,Male,0,No,No,19,No,No phone service,DSL,No,No,Yes,Yes,No,No,One year,Yes,Mailed check,55.55,1042.84,No
9367-ERJMD,Male,0,Yes,No,30,Yes,No,DSL,Yes,No,Yes,Yes,No,Yes,Month-to-month,No,Electronic check,68.68,2063.77,No
2523-DOVLY,Female,0,No,No,23,Yes,Yes,Fiber optic,Yes,No,Yes,Yes,Yes,No,Two year,Yes,Credit card (automatic),100.21,2278.81,No
8414-VIWGP,Male,0,Yes,Yes,20,Yes,Yes,Fiber optic,No,No,No,No,Yes,No,Month-to-month,No,Bank transfer (automatic),85.25,1717.93,No
5042-XKSXU,Male,0,No,No,9,Yes,No,Fiber optic,No,No,No,No,Yes,No,Month-to-month,Yes,Credit card (automatic),89.95,833.86,No
6918-UNLKZ,Female,0,Yes,No,28,Yes,No,DSL,Yes,No,Yes,No,Yes,No,One year,Yes,Electronic check,61.63,1749.54,No
7582-PCGYL,Male,0,No,No,22,Yes,Yes,DSL,No,Yes,Yes,No,Yes,No,Month-to-month,Yes,Credit card (automatic),65.95,1490.47,Yes
6910-VLWYY,Female,0,No,No,4,Yes,Yes,DSL,No,Yes,Yes,No,No,Yes,One year,Yes,Mailed check,64.18,239.12,No
4056-DIGDY,Female,0,Yes,No,33,Yes,No,DSL,No,No,No,Yes,No,No,Month-to-month,No,Bank transfer (automatic),50.22,1663.09,No
6624-VLUDJ,Female,0,Yes,No,16,Yes,No,Fiber optic,Yes,No,No,No,No,No,One year,Yes,Electronic check,87.49,1429.13,Yes
9222-ATDOA,Female,0,No,Yes,3,No,No phone service,No,No internet service,No internet service,No internet service,No internet service,No internet service,No internet service,Two year,Yes,Electronic check,18.25,84.48,No
5109-NVSVW,Female,0,Yes,Yes,62,Yes,No,Fiber optic,No,No,No,Yes,No,Yes,Two year,Yes,Credit card (automatic),92.19,5692.46,No
3102-SPISE,Female,0,No,No,34,Yes,Yes,No,No internet service,No internet service,No internet service,No internet service,No internet service,No internet service,Month-to-month,No,Electronic check,21.91,731.14,No
9564-RZDAS,Male,0,Yes,Yes,7,No,No phone service,Fiber optic,No,No,No,Yes,Yes,Yes,Two year,No,Electronic check,98.11,664.5,No
8690-BNFSS,Male,0,No,No,72,Yes,No,No,No internet service,No internet service,No internet service,No internet service,No internet service,No internet service,Month-to-month,No,Electronic check,23.77,1720.26,No
9864-LOPKU,Male,0,No,No,16,Yes,No,DSL,Yes,No,No,No,No,No,Month-to-month,Yes,Credit card (automatic),52.82,891.17,No
3521-ELZNQ,Female,0,Yes,No,13,Yes,No,DSL,No,Yes,Yes,Yes,No,Yes,One year,Yes,Mailed check,72.13,906.28,No
8383-PANPJ,Male,1,No,No,38,Yes,No,No,No internet service,No internet service,No internet service,No internet service,No internet service,No internet service,Month-to-month,Yes,Electronic check,28.76,1106.39,No
3378-ROYUB,Female,0,Yes,Yes,72,Yes,Yes,No,No internet service,No internet service,No internet service,No internet service,No internet service,No internet service,Two year,No,Bank transfer (automatic),18.47,1330.35,No
7844-VJLIM,Female,0,Yes,Yes,22,No,No phone service,Fiber optic,No,Yes,No,No,No,No,One year,Yes,Mailed check,82.21,1793.4,No
4856-GNGXE,Male,0,Yes,No,72,Yes,Yes,No,No internet service,No internet service,No internet service,No internet service,No internet service,No internet service,Two year,Yes,Electronic check,27.01,1994.72,No
8123-JMYJK,Male,0,Yes,No,64,Yes,No,DSL,No,Yes,No,Yes,No,Yes,Month-to-month,Yes,Credit card (automatic),69.62,4432.56,No
7899-CFMTN,Female,0,No,No,13,Yes,No,Fiber optic,No,No,No,No,No,Yes,Month-to-month,No,Mailed check,84.18,1128.84,Yes
9507-FOFAH,Female,0,Yes,No,72,Yes,Yes,DSL,No,No,No,No,Yes,No,One year,No,Bank transfer (automatic),56.84,4099.08,No
9723-IRUXO,Female,0,Yes,Yes,11,Yes,No,DSL,No,Yes,Yes,No,No,No,One year,Yes,Bank transfer (automatic),56.91,611.11,No
7005-HJXSF,Female,0,No,No,60,Yes,No,DSL,Yes,Yes,Yes,Yes,Yes,No,Month-to-month,Yes,Mailed check,79.96,4792.47,No
9292-NLNWR,Male,0,No,No,36,Yes,Yes,Fiber optic,No,No,No,No,No,Yes,Month-to-month,No,Electronic check,87.82,3113.63,Yes
4325-JJGBL,Male,0,No,Yes,66,Yes,Yes,Fiber optic,No,No,Yes,No,No,No,Two year,No,Mailed check,81.67,5375.6,No
7049-RNJPZ,Female,0,No,No,68,No,No phone service,No,No internet service,No internet service,No internet service,No internet service,No internet service,No internet service,Month-to-month,Yes,Electronic check,18.25,1240.08,No
8951-JCPFL,Female,0,Yes,No,7,Yes,No,Fiber optic,Yes,No,No,No,Yes,No,One year,No,Bank transfer (automatic),96.43,691.19,Yes
4439-RTUIA,Male,0,No,No,28,Yes,Yes,DSL,No,Yes,Yes,No,Yes,Yes,Month-to-month,No,Mailed check,72.95,2065.73,No
1424-GPQOC,Male,0,Yes,Yes,30,Yes,Yes,No,No internet service,No internet service,No internet service,No internet service,No internet service,No internet service,Month-to-month,Yes,Electronic check,24.83,735.12,No
4654-ZJDTJ,Male,0,No,No,72,Yes,Yes,No,No internet service,No internet service,No internet service,No internet service,No internet service,No internet service,Month-to-month,Yes,Mailed check,25.68,1863.76,No
8340-IONAA,Male,1,No,No,68,Yes,Yes,No,No internet service,No internet service,No internet service,No internet service,No internet service,No internet service,Month-to-month,No,Electronic check,28.15,1907.76,Yes
4910-BRHSH,Female,0,Yes,Yes,6,Yes,No,No,No internet service,No internet service,No internet service,No internet service,No internet service,No internet service,Month-to-month,No,Bank transfer (automatic),29.22,169.89,Yes
3392-RCYAK,Female,1,No,No,25,Yes,Yes,Fiber optic,Yes,No,No,No,No,Yes,One year,Yes,Mailed check,99.98,2482.02,Yes
4034-XUWTM,Male,1,No,No,19,Yes,Yes,DSL,No,No,No,No,Yes,No,Month-to-month,No,Mailed check,56.77,1073.28,No
4630-WDSGW,Male,1,No,No,27,Yes,Yes,Fiber optic,No,No,No,No,No,No,Month-to-month,Yes,Mailed check,82.7,2237.98,No
4207-ROZLT,Female,0,No,No,4,No,No phone service,Fiber optic,Yes,No,Yes,No,No,No,One year,Yes,Mailed check,84.06,368.53,No
9989-DTMVP,Male,0,No,No,0,Yes,Yes,DSL,No,No,No,No,No,No,Month-to-month,Yes,Electronic check,48.32,0.0,Yes
5622-HMZII,Male,1,No,No,16,Yes,No,DSL,No,No,Yes,No,No,Yes,Two year,Yes,Bank transfer (automatic),60.08,972.73,No
5700-WUYFN,Female,0,No,No,7,Yes,Yes,No,No internet service,No internet service,No internet service,No internet service,No internet service,No internet service,Month-to-month,No,Mailed check,20.55,161.16,No
1206-CVPEE,Female,0,No,No,72,No,No phone service,DSL,No,Yes,No,No,No,Yes,Two year,Yes,Credit card (automatic),51.67,3726.82,No
2840-IYYZT,Female,0,No,Yes,64,Yes,No,No,No internet service,No internet service,No internet service,No internet service,No internet service,No internet service,One year,No,Bank transfer (automatic),18.64,1219.84,No
6702-ECJTV,Male,0,Yes,Yes,34,Yes,Yes,No,No internet service,No internet service,No internet service,No internet service,No internet service,No internet service,One year,No,Credit card (automatic),27.2,928.63,No
9830-OVVGD,Female,0,No,Yes,3,Yes,No,No,No internet service,No internet service,No internet service,No internet service,No internet service,No internet service,One year,Yes,Bank transfer (automatic),25.74,95.67,No
5570-XYREU,Male,1,No,No,17,Yes,No,Fiber optic,No,Yes,No,No,No,Yes,Month-to-month,Yes,Electronic check,97.15,1654.04,Yes
5004-YNVEE,Male,1,Yes,Yes,14,Yes,Yes,DSL,No,Yes,Yes,No,Yes,No,Month-to-month,Yes,Mailed check,62.55,860.71,No
5818-SBXRT,Female,0,No,No,11,Yes,No,No,No internet service,No internet service,No internet service,No internet service,No internet service,No internet service,Month-to-month,No,Electronic check,30.22,347.08,No
7904-XCAAI,Female,0,No,No,64,Yes,No,DSL,No,No,No,No,Yes,Yes,Month-to-month,No,Bank transfer (automatic),65.47,4194.05,No
6688-AMFIK,Male,1,No,No,20,Yes,Yes,DSL,No,No,Yes,No,Yes,No,Month-to-month,No,Mailed check,68.05,1344.35,No
7648-KEJIW,Female,0,Yes,Yes,1,Yes,No,Fiber optic,Yes,No,No,No,No,Yes,One year,No,Credit card (automatic),93.91,89.71,No
1524-MUJQS,Male,0,No,No,31,Yes,No,DSL,Yes,No,Yes,Yes,Yes,No,Month-to-month,Yes,Credit card (automatic),76.58,2394.34,No
9369-WAWVE,Female,0,No,No,13,Yes,No,No,No internet service,No internet service,No internet service,No internet service,No internet service,No internet service,Two year,Yes,Mailed check,28.01,340.34,No
9644-KUIUB,Female,0,No,No,10,Yes,No,DSL,No,No,No,No,Yes,No,Month-to-month,Yes,Mailed check,61.96,621.57,Yes
6912-VKSHK,Female,0,Yes,No,17,Yes,Yes,Fiber optic,Yes,No,Yes,No,No,No,Month-to-month,No,Bank transfer (automatic),89.9,1551.0,Yes
5050-FTWDN,Male,0,Yes,Yes,7,Yes,Yes,DSL,No,No,Yes,Yes,Yes,No,Month-to-month,Yes,Electronic check,70.84,487.84,Yes
8980-TOZQG,Male,0,No,No,72,Yes,No,DSL,No,No,Yes,Yes,No,No,Month-to-month,Yes,Bank transfer (automatic),53.84,3890.36,No
6198-FDKJI,Female,0,No,No,23,No,No phone service,Fiber optic,No,Yes,No,Yes,No,Yes,Month-to-month,Yes,Mailed check,90.92,2062.96,No
6177-GIVIG,Female,0,Yes,Yes,0,Yes,Yes,DSL,No,No,No,Yes,Yes,Yes,One year,No,Bank transfer (automatic),70.76,0.0,No
5834-GDFVK,Male,0,No,No,46,Yes,No,DSL,No,No,Yes,No,No,No,One year,No,Bank transfer (automatic),56.76,2571.91,No
6733-SFZMN,Male,0,Yes,Yes,2,Yes,No,DSL,Yes,Yes,No,No,No,No,Month-to-month,Yes,Mailed check,63.81,100.87,Yes
7884-YHTKB,Male,0,No,No,27,Yes,No,Fiber optic,No,No,Yes,No,No,No,One year,Yes,Electronic check,78.28,2099.94,No
4250-NWINA,Male,0,No,No,67,Yes,No,DSL,No,No,No,No,Yes,Yes,One year,No,Mailed check,69.32,4629.03,No
8067-BAFGX,Male,0,No,No,17,Yes,No,DSL,Yes,No,No,Yes,No,Yes,Two year,No,Credit card (automatic),72.14,1240.09,No
6331-BDXVC,Male,0,Yes,Yes,1,Yes,Yes,Fiber optic,No,No,No,No,Yes,No,Month-to-month,Yes,Credit card (automatic),88.11,85.04,Yes
3418-CSIQO,Male,0,No,No,26,Yes,Yes,Fiber optic,No,No,No,Yes,Yes,No,Month-to-month,Yes,Mailed check,93.35,2401.39,Yes
6964-BQPAS,Male,0,Yes,No,1,Yes,No,DSL,No,No,No,No,Yes,No,One year,No,Mailed check,54.29,87.92,No
8036-TXEYQ,Male,0,No,No,24,Yes,No,DSL,Yes,No,No,No,Yes,Yes,Month-to-month,No,Credit card (automatic),59.53,1414.02,Yes
3634-OZGFN,Female,0,No,No,32,No,No phone service,DSL,No,Yes,Yes,No,Yes,Yes,Month-to-month,No,Electronic check,68.06,2188.66,No
1930-UYFIG,Female,0,Yes,No,2,Yes,No,Fiber optic,No,Yes,No,Yes,No,No,Month-to-month,Yes,Electronic check,87.29,168.34,Yes
4085-CAANT,Male,0,No,No,55,Yes,No,Fiber optic,Yes,Yes,Yes,No,Yes,Yes,Month-to-month,Yes,Bank transfer (automatic),110.35,6072.3,No
2727-VIBXG,Male,0,No,No,26,Yes,No,Fiber optic,No,Yes,No,No,No,No,Two year,Yes,Credit card (automatic),91.75,2406.01,No
6658-FINIF,Male,0,No,Yes,7,Yes,No,Fiber optic,No,Yes,No,Yes,No,No,Month-to-month,Yes,Credit card (automatic),89.98,629.99,Yes
6030-JESGY,Male,1,Yes,Yes,13,Yes,No,Fiber optic,Yes,No,Yes,No,No,Yes,Month-to-month,Yes,Mailed check,96.46,1281.85,Yes
5304-AVYSR,Female,0,No,Yes,47,Yes,Yes,Fiber optic,No,No,No,No,No,No,Two year,No,Electronic check,80.82,3800.31,No
5402-TUFEW,Male,0,No,No,13,Yes,No,Fiber optic,No,Yes,No,No,Yes,Yes,One year,Yes,Credit card (automatic),98.49,1291.47,Yes
1389-SZIZF,Female,0,No,Yes,68,No,No phone service,DSL,No,Yes,Yes,No,No,No,One year,No,Electronic check,50.44,3405.55,No
8775-VVXFW,Male,0,No,No,61,Yes,Yes,No,No internet service,No internet service,No internet service,No internet service,No internet service,No internet service,Month-to-month,Yes,Electronic check,25.25,1538.71,No
8092-OEKWM,Female,0,Yes,Yes,72,Yes,No,DSL,No,No,No,Yes,Yes,No,Month-to-month,Yes,Mailed check,56.95,4123.24,No
5731-AYYOD,Male,0,No,No,72,Yes,No,Fiber optic,Yes,Yes,No,No,Yes,No,One year,No,Credit card (automatic),90.42,6466.2,No
3786-SKNPO,Female,0,Yes,Yes,5,Yes,Yes,DSL,No,Yes,No,No,Yes,Yes,Month-to-month,Yes,Credit card (automatic),67.08,355.68,Yes
1938-QUBQI,Male,0,No,No,36,Yes,No,No,No internet service,No internet service,No internet service,No internet service,No internet service,No internet service,Month-to-month,No,Electronic check,26.38,940.57,Yes
5203-HLWJU,Female,0,No,No,1,Yes,Yes,DSL,No,Yes,No,No,No,Yes,Month-to-month,No,Mailed check,66.89,47.66,No
1587-ABKZH,Male,0,No,No,9,Yes,Yes,DSL,No,No,No,No,Yes,Yes,Two year,Yes,Electronic check,63.96,579.82,No
1774-WGBBZ,Male,0,Yes,Yes,37,Yes,Yes,Fiber optic,Yes,No,No,No,No,Yes,Month-to-month,Yes,Bank transfer (automatic),90.85,3369.55,No
5954-QZMEG,Female,1,No,No,13,Yes,Yes,Fiber optic,No,No,No,No,No,No,Two year,No,Credit card (automatic),83.93,1092.9,No
4919-DCNUG,Male,0,No,No,66,No,No phone service,DSL,No,Yes,No,No,Yes,No,Two year,Yes,Electronic check,62.21,4134.98,No
8520-WBKGW,Male,0,No,No,72,No,No phone service,No,No internet service,No internet service,No internet service,No internet service,No internet service,No internet service,Month-to-month,Yes,Electronic check,18.25,1299.34,No
6927-FGNQH,Female,0,No,No,49,Yes,No,No,No internet service,No internet service,No internet service,No internet service,No internet service,No internet service,One year,Yes,Electronic check,29.99,1476.5,No
5217-SXLGY,Female,1,No,No,70,Yes,Yes,No,No internet service,No internet service,No internet service,No internet service,No internet service,No internet service,Month-to-month,Yes,Bank transfer (automatic),25.65,1822.5,No
7419-WRPCR,Male,0,No,No,49,No,No phone service,DSL,No,No,Yes,Yes,No,No,Two year,No,Credit card (automatic),55.2,2706.12,No
5121-PKBWK,Male,0,Yes,Yes,26,Yes,No,Fiber optic,Yes,Yes,No,No,Yes,Yes,Month-to-month,Yes,Electronic check,104.91,2711.98,Yes
9640-PSBSO,Female,1,Yes,Yes,22,Yes,No,Fiber optic,No,No,No,Yes,No,Yes,Two year,Yes,Mailed check,90.32,1982.91,Yes
6900-GKGUL,Female,1,Yes,No,6,Yes,No,No,No internet service,No internet service,No internet service,No internet service,No internet service,No internet service,Month-to-month,Yes,Electronic check,28.75,176.3,No
5055-FTRGL,Female,0,Yes,Yes,12,Yes,No,No,No internet service,No internet service,No internet service,No internet service,No internet service,No internet service,Month-to-month,No,Mailed check,24.49,287.69,No
6652-OLPET,Female,0,Yes,Yes,24,No,No phone service,DSL,No,Yes,Yes,No,No,No,Month-to-month,Yes,Bank transfer (automatic),57.37,1346.13,Yes
2052-CKOUG,Male,1,No,No,6,Yes,No,Fiber optic,No,Yes,Yes,No,Yes,Yes,One year,Yes,Electronic check,103.5,609.42,No
1858-KBVWJ,Female,0,Yes,No,14,Yes,Yes,DSL,No,No,Yes,No,Yes,Yes,Month-to-month,Yes,Mailed check,70.01,1005.05,No
4815-WBFRW,Female,0,No,Yes,68,Yes,Yes,Fiber optic,No,No,No,No,No,Yes,Month-to-month,Yes,Credit card (automatic),88.26,6030.95,No
3256-KXMDZ,Male,0,Yes,No,63,Yes,No,No,No internet service,No internet service,No internet service,No internet service,No internet service,No internet service,Month-to-month,Yes,Bank transfer (automatic),23.09,1432.73,No
5932-SSAQD,Male,1,Yes,No,10,Yes,No,DSL,No,Yes,No,Yes,Yes,No,Month-to-month,Yes,Bank transfer (automatic),67.77,711.04,Yes
8978-SMMUX,Male,1,Yes,Yes,70,Yes,No,No,No internet service,No internet service,No internet service,No internet service,No internet service,No internet service,Month-to-month,No,Bank transfer (automatic),19.09,1365.56,No
6471-BHNPH,Male,0,Yes,No,0,Yes,Yes,DSL,Yes,No,No,No,Yes,No,Month-to-month,Yes,Credit card (automatic),66.87,0.0,Yes
8647-NHPOJ,Male,0,Yes,No,35,Yes,No,DSL,No,Yes,Yes,No,No,Yes,One year,No,Mailed check,59.95,2084.84,No
1438-IZTIX,Male,0,No,No,45,Yes,Yes,Fiber optic,No,Yes,Yes,No,Yes,No,Month-to-month,No,Mailed check,92.99,4193.61,No
3940-LLCDF,Female,1,Yes,Yes,59,Yes,Yes,Fiber optic,No,No,No,Yes,No,No,Month-to-month,No,Electronic check,81.79,4841.26,No
1194-FMXZZ,Male,0,No,No,61,Yes,No,DSL,Yes,Yes,Yes,No,Yes,Yes,One year,Yes,Electronic check,75.96,4620.17,No
2525-SPJBW,Male,1,Yes,Yes,60,Yes,Yes,Fiber optic,Yes,No,No,No,Yes,Yes,One year,Yes,Electronic check,96.39,5779.43,No
3954-ZERQP,Female,0,Yes,Yes,1,Yes,Yes,Fiber optic,Yes,No,No,No,Yes,Yes,Month-to-month,Yes,Electronic check,100.27,106.46,Yes
7067-COJQZ,Male,0,No,No,62,Yes,No,DSL,No,Yes,Yes,No,No,Yes,Two year,Yes,Electronic check,66.99,4115.63,No
4663-NJXOA,Male,0,No,No,15,No,No phone service,No,No internet service,No internet service,No internet service,No internet service,No internet service,No internet service,Month-to-month,No,Credit card (automatic),19.37,250.02,No
3132-YIQST,Male,0,No,No,19,Yes,Yes,Fiber optic,No,No,Yes,No,Yes,No,Month-to-month,No,Credit card (automatic),89.43,1734.51,Yes
2987-UCMLA,Female,0,Yes,No,12,Yes,Yes,DSL,No,No,No,Yes,No,Yes,Month-to-month,No,Electronic check,65.75,819.51,Yes
3825-FVIMH,Female,0,No,No,22,Yes,No,DSL,Yes,No,No,No,No,No,One year,No,Credit card (automatic),53.54,1162.4,No
7750-WFZLT,Male,0,Yes,No,11,Yes,Yes,DSL,No,No,No,No,No,No,Month-to-month,Yes,Credit card (automatic),57.26,596.86,No
5343-HECPR,Female,0,Yes,No,7,Yes,Yes,Fiber optic,No,No,Yes,No,No,Yes,Two year,Yes,Mailed check,85.79,627.34,Yes
5514-QSYRS,Female,0,No,No,37,Yes,Yes,Fiber optic,No,No,Yes,No,No,Yes,Month-to-month,Yes,Electronic check,92.16,3391.68,Yes
4718-HYGVA,Male,1,Yes,Yes,57,Yes,No,Fiber optic,Yes,No,Yes,No,No,Yes,Month-to-month,No,Bank transfer (automatic),94.88,5390.73,No
1079-SRNUS,Female,0,No,No,25,Yes,Yes,Fiber optic,Yes,Yes,Yes,No,No,Yes,Month-to-month,No,Electronic check,99.0,2505.23,Yes
4355-GVTPP,Female,0,No,No,60,Yes,Yes,Fiber optic,No,No,No,Yes,Yes,Yes,Month-to-month,No,Credit card (automatic),102.34,6133.64,No
4103-WYTOF,Male,0,No,Yes,8,Yes,Yes,Fiber optic,No,No,Yes,No,No,No,Month-to-month,Yes,Bank transfer (automatic),86.73,715.81,Yes
2764-SCTTS,Male,0,Yes,Yes,0,Yes,No,DSL,No,No,No,No,Yes,No,Two year,Yes,Electronic check,54.83,31.85,No
3804-PPXJF,Female,1,Yes,Yes,8,Yes,Yes,No,No internet service,No internet service,No internet service,No internet service,No internet service,No internet service,Month-to-month,Yes,Mailed check,31.36,257.37,No
7290-LIHNE,Female,0,Yes,No,43,Yes,No,DSL,No,No,No,No,No,No,Two year,Yes,Electronic check,47.96,2074.04,No
4772-TWGNA,Male,0,No,No,3,No,No phone service,Fiber optic,No,Yes,No,No,No,No,Month-to-month,Yes,Electronic check,76.64,250.88,Yes
6940-OXMZG,Female,0,No,No,69,Yes,No,No,No internet service,No internet service,No internet service,No internet service,No internet service,No internet service,Two year,Yes,Electronic check,29.48,2034.19,No
7994-QQTBF,Male,0,No,No,63,No,No phone service,DSL,No,No,No,Yes,No,Yes,Month-to-month,Yes,Electronic check,54.72,3415.13,No
1001-EQPGK,Male,0,Yes,Yes,48,No,No phone service,Fiber optic,No,No,No,Yes,Yes,No,Month-to-month,No,Mailed check,84.07,4030.78,Yes
1092-BDQHE,Male,0,Yes,No,72,Yes,No,Fiber optic,No,Yes,No,No,No,No,Month-to-month,Yes,Electronic check,85.71,6184.6,No
7258-YAZME,Male,0,No,Yes,10,Yes,Yes,No,No internet service,No internet service,No internet service,No internet service,No internet service,No internet service,One year,Yes,Mailed check,19.47,160.99,No
1127-SQVWX,Female,0,No,No,22,Yes,No,DSL,No,No,Yes,No,No,Yes,One year,Yes,Electronic check,62.81,1376.21,No
5587-YNERZ,Female,0,No,No,36,Yes,No,Fiber optic,No,No,No,No,No,No,Month-to-month,Yes,Bank transfer (automatic),83.27,3003.8,No
7948-ZKYMC,Male,0,Yes,Yes,59,Yes,Yes,No,No internet service,No internet service,No internet service,No internet service,No internet service,No internet service,Two year,Yes,Bank transfer (automatic),23.81,1386.44,No
7761-ZVSZY,Female,0,Yes,Yes,7,Yes,No,DSL,No,No,No,No,Yes,No,Month-to-month,Yes,Mailed check,60.27,437.03,No
4174-SEFLX,Female,0,Yes,No,3,Yes,Yes,DSL,No,No,Yes,Yes,Yes,No,Month-to-month,Yes,Credit card (automatic),66.19,188.31,Yes
6956-UWIMO,Female,0,No,No,4,No,No phone service,DSL,Yes,Yes,No,Yes,Yes,No,Two year,Yes,Credit card (automatic),63.74,250.57,No
7326-ECJIU,Female,0,Yes,Yes,53,Yes,No,DSL,Yes,No,No,Yes,No,No,One year,No,Credit card (automatic),55.61,2957.7,No
6813-YQGFK,Male,0,No,No,4,Yes,No,No,No internet service,No internet service,No internet service,No internet service,No internet service,No internet service,Month-to-month,No,Electronic check,28.96,85.4,Yes
3327-VIVRU,Male,1,No,No,38,Yes,Yes,Fiber optic,No,No,No,No,No,No,Month-to-month,Yes,Bank transfer (automatic),80.46,3034.58,Yes
4768-UBRWR,Female,0,No,No,12,Yes,No,Fiber optic,No,No,Yes,Yes,No,No,Month-to-month,Yes,Credit card (automatic),88.06,1054.04,Yes
8229-WKBOY,Male,0,Yes,Yes,62,Yes,Yes,DSL,No,Yes,No,No,No,No,Month-to-month,Yes,Credit card (automatic),57.53,3571.88,No
7325-HLLBO,Male,0,Yes,No,72,No,No phone service,No,No internet service,No internet service,No internet service,No internet service,No internet service,No internet service,Month-to-month,No,Credit card (automatic),18.25,1319.78,No
7023-WPGFX,Male,0,Yes,No,6,No,No phone service,Fiber optic,Yes,No,No,No,Yes,No,Month-to-month,No,Credit card (automatic),85.96,508.79,No
2978-OBZSJ,Male,1,Yes,Yes,20,Yes,Yes,No,No internet service,No internet service,No internet service,No internet service,No internet service,No internet service,Month-to-month,No,Mailed check,23.68,512.98,No
6953-CINFE,Male,0,No,No,57,Yes,Yes,DSL,No,No,No,No,No,No,Two year,No,Mailed check,50.05,2823.7,No
3831-UCUAB,Male,0,No,No,3,Yes,Yes,DSL,Yes,No,No,No,No,Yes,Month-to-month,No,Electronic check,64.11,199.65,Yes
8195-GOGRK,Male,1,No,No,5,Yes,Yes,Fiber optic,No,No,No,No,No,Yes,Month-to-month,Yes,Electronic check,88.48,449.83,No
3939-OEMMP,Female,0,No,No,13,Yes,Yes,Fiber optic,No,No,Yes,No,Yes,Yes,Month-to-month,Yes,Credit card (automatic),103.75,1348.95,Yes
4341-OVRPY,Female,0,No,No,23,Yes,Yes,Fiber optic,No,No,No,Yes,Yes,No,Two year,Yes,Bank transfer (automatic),96.88,2235.79,No
6121-VTOZI,Female,0,Yes,Yes,5,No,No phone service,Fiber optic,No,Yes,No,No,Yes,No,One year,Yes,Bank transfer (automatic),90.82,446.6,No
5541-ZBZSS,Male,0,Yes,No,7,Yes,No,DSL,Yes,Yes,No,Yes,Yes,Yes,Month-to-month,No,Electronic check,81.5,539.64,Yes
2255-TCIID,Male,0,Yes,Yes,9,No,No phone service,Fiber optic,No,Yes,No,No,Yes,No,One year,No,Mailed check,85.6,771.45,No
5279-PPAGO,Male,0,Yes,Yes,14,Yes,Yes,No,No internet service,No internet service,No internet service,No internet service,No internet service,No internet service,One year,No,Electronic check,23.36,336.85,No
9395-NUQMC,Male,0,No,No,71,No,No phone service,Fiber optic,Yes,No,No,No,No,No,One year,No,Electronic check,80.73,5750.34,No
8750-KNYNT,Female,0,No,Yes,8,Yes,Yes,DSL,No,Yes,No,No,No,Yes,Month-to-month,No,Mailed check,60.44,488.17,Yes
7900-THSRH,Female,1,No,No,71,No,No phone service,DSL,Yes,No,Yes,Yes,No,No,Month-to-month,Yes,Mailed check,63.78,4495.08,No
6959-ZETOK,Male,0,No,No,37,Yes,No,No,No internet service,No internet service,No internet service,No internet service,No internet service,No internet service,Month-to-month,Yes,Credit card (automatic),26.9,961.27,No
2557-UBAWL,Male,0,Yes,Yes,2,Yes,No,DSL,No,No,No,Yes,No,No,Month-to-month,Yes,Electronic check,54.2,122.01,Yes
8722-QSHDJ,Male,0,Yes,Yes,20,Yes,No,No,No internet service,No internet service,No internet service,No internet service,No internet service,No internet service,Month-to-month,No,Credit card (automatic),26.03,507.08,No
1151-NOFWO,Male,0,No,Yes,72,Yes,Yes,Fiber optic,No,No,Yes,Yes,Yes,Yes,Month-to-month,Yes,Credit card (automatic),100.39,7243.94,No
6317-OYOAD,Female,0,No,Yes,12,Yes,Yes,Fiber optic,Yes,No,No,No,Yes,No,Two year,Yes,Bank transfer (automatic),91.77,1084.64,No
2328-AXYSX,Female,0,No,No,13,Yes,Yes,Fiber optic,No,No,No,Yes,No,No,Month-to-month,Yes,Mailed check,86.57,1105.4,Yes
6043-OAAPM,Male,0,No,No,50,No,No phone service,Fiber optic,No,Yes,No,No,Yes,Yes,Two year,No,Bank transfer (automatic),94.9,4768.6,No
4727-PNXTD,Male,0,No,No,30,Yes,Yes,No,No internet service,No internet service,No internet service,No internet service,No internet service,No internet service,Two year,No,Electronic check,25.8,793.51,No
5838-LEKNT,Female,0,No,No,49,Yes,No,No,No internet service,No internet service,No internet service,No internet service,No internet service,No internet service,Two year,Yes,Credit card (automatic),24.62,1221.79,No
7980-NIMQU,Male,0,No,No,39,Yes,No,Fiber optic,No,No,No,No,No,Yes,One year,No,Credit card (automatic),83.41,3245.47,Yes
6083-PBMTG,Male,0,No,No,1,Yes,Yes,No,No internet service,No internet service,No internet service,No internet service,No internet service,No internet service,Month-to-month,Yes,Bank transfer (automatic),23.51,54.87,Yes
2271-XBNVI,Female,0,Yes,No,72,Yes,No,Fiber optic,Yes,Yes,No,No,Yes,No,Month-to-month,No,Credit card (automatic),98.17,7070.25,No
5261-YDIRX,Male,0,Yes,Yes,27,Yes,Yes,DSL,Yes,No,Yes,Yes,Yes,No,Two year,Yes,Bank transfer (automatic),69.99,1929.43,No
3709-GMNNZ,Male,0,No,No,6,Yes,Yes,Fiber optic,No,No,No,No,Yes,No,One year,No,Credit card (automatic),95.12,561.66,No
5815-ABSLM,Female,0,No,Yes,71,Yes,No,Fiber optic,No,Yes,No,Yes,Yes,No,Month-to-month,No,Electronic check,97.78,6924.02,No
3443-TMMXJ,Male,0,No,No,11,Yes,No,DSL,No,No,No,No,Yes,Yes,Two year,Yes,Bank transfer (automatic),62.69,683.41,No
5441-ULLHK,Male,0,Yes,Yes,8,Yes,No,DSL,Yes,No,Yes,No,No,No,Two year,Yes,Bank transfer (automatic),54.77,410.91,No
4330-KWZPJ,Male,0,No,No,10,Yes,No,DSL,Yes,No,Yes,No,No,Yes,Month-to-month,Yes,Credit card (automatic),65.09,654.04,Yes
5937-MWZGP,Female,1,No,No,67,Yes,No,No,No internet service,No internet service,No internet service,No internet service,No internet service,No internet service,Month-to-month,Yes,Credit card (automatic),21.28,1400.61,No
6254-NGBAX,Female,0,Yes,No,0,No,No phone service,Fiber optic,No,No,Yes,No,Yes,No,Month-to-month,No,Credit card (automatic),82.94,21.44,No
2743-CKBXX,Female,0,No,No,56,Yes,Yes,No,No internet service,No internet service,No internet service,No internet service,No internet service,No internet service,Two year,Yes,Electronic check,31.56,1767.76,No
7937-VMWLR,Female,1,No,Yes,71,Yes,Yes,DSL,Yes,No,Yes,No,Yes,Yes,Two year,Yes,Electronic check,73.45,5197.88,No
9013-LLQPQ,Female,0,Yes,No,18,Yes,Yes,Fiber optic,Yes,No,No,Yes,Yes,No,Two year,No,Credit card (automatic),92.9,1639.03,No
4865-ORBUA,Male,0,Yes,No,19,Yes,Yes,Fiber optic,No,Yes,No,Yes,No,No,Month-to-month,No,Electronic check,93.89,1783.3,Yes
6924-EHWLF,Male,0,No,No,29,Yes,No,DSL,No,No,Yes,No,Yes,No,Month-to-month,Yes,Electronic check,62.47,1781.97,Yes
2307-EVUFM,Male,1,No,No,34,Yes,No,DSL,Yes,No,No,No,Yes,No,Two year,No,Electronic check,66.19,2224.1,No
8205-JVOJQ,Male,0,Yes,No,14,Yes,Yes,DSL,No,No,No,No,No,No,Two year,Yes,Bank transfer (automatic),53.67,779.83,No
8014-YXLZU,Male,0,Yes,Yes,59,Yes,No,No,No internet service,No internet service,No internet service,No internet service,No internet service,No internet service,One year,No,Mailed check,24.43,1449.98,No
9723-CCXRN,Female,1,No,No,61,Yes,Yes,Fiber optic,Yes,No,No,No,No,No,One year,Yes,Mailed check,87.83,5371.55,No
6248-XOTVF,Male,0,Yes,Yes,20,Yes,Yes,Fiber optic,No,No,No,No,Yes,No,Two year,Yes,Mailed check,91.02,1817.25,No
8335-YMRIS,Female,0,No,No,63,Yes,No,Fiber optic,No,Yes,No,Yes,No,No,Two year,No,Electronic check,92.72,5828.57,No
2484-DSSML,Male,0,No,No,63,Yes,Yes,DSL,Yes,Yes,No,No,Yes,Yes,Two year,No,Mailed check,74.5,4684.2,No
7369-RUWRD,Female,0,No,No,16,Yes,No,Fiber optic,No,Yes,No,No,No,No,Month-to-month,Yes,Credit card (automatic),87.43,1406.58,Yes
6261-IEXPS,Male,0,Yes,No,16,Yes,No,Fiber optic,No,No,No,No,No,No,Month-to-month,No,Electronic check,82.18,1336.8,No
2668-QCFZM,Male,0,No,No,61,Yes,Yes,DSL,No,No,No,No,Yes,No,Month-to-month,Yes,Electronic check,60.02,3688.43,No
7966-HPPDY,Female,0,Yes,Yes,54,Yes,No,Fiber optic,No,No,Yes,No,No,No,Month-to-month,Yes,Credit card (automatic),89.12,4821.1,No
5439-XQVGQ,Female,0,No,No,62,Yes,No,DSL,No,Yes,No,Yes,Yes,Yes,One year,Yes,Mailed check,76.41,4749.08,No
3766-ZUTBN,Female,0,Yes,Yes,17,Yes,Yes,Fiber optic,Yes,No,No,Yes,No,No,Month-to-month,Yes,Mailed check,88.61,1499.17,No
1055-HWRGZ,Male,0,No,No,62,Yes,No,No,No internet service,No internet service,No internet service,No internet service,No internet service,No internet service,Month-to-month,Yes,Mailed check,22.8,1426.96,No
8490-WDZUX,Female,1,No,No,56,Yes,Yes,No,No internet service,No internet service,No internet service,No internet service,No internet service,No internet service,Month-to-month,No,Electronic check,22.93,1274.86,Yes
2682-MPHZT,Male,0,No,No,65,Yes,No,Fiber optic,No,No,No,No,Yes,Yes,Two year,No,Electronic check,107.48,7012.63,No
8370-IRIWQ,Male,0,No,Yes,7,Yes,No,DSL,No,Yes,Yes,No,Yes,No,Month-to-month,Yes,Credit card (automatic),68.12,452.39,Yes
6281-ZZITR,Male,0,Yes,No,6,Yes,No,Fiber optic,No,No,No,No,Yes,Yes,Two year,No,Mailed check,94.74,562.25,Yes
3078-IXMUM,Male,1,No,No,59,Yes,Yes,No,No internet service,No internet service,No internet service,No internet service,No internet service,No internet service,Month-to-month,Yes,Electronic check,20.7,1214.73,No
3725-ECUPM,Female,0,Yes,Yes,56,Yes,No,DSL,Yes,No,No,No,No,No,Month-to-month,Yes,Mailed check,53.11,2964.96,No
8006-QWDFW,Male,0,Yes,No,18,Yes,Yes,DSL,Yes,No,Yes,Yes,No,Yes,Month-to-month,Yes,Mailed check,71.19,1286.34,Yes
3643-JLQZY,Female,0,No,No,15,Yes,No,Fiber optic,Yes,No,Yes,Yes,Yes,Yes,Month-to-month,Yes,Electronic check,108.87,1623.9,Yes
6147-IPLXT,Female,0,No,Yes,72,Yes,Yes,DSL,No,Yes,Yes,No,Yes,Yes,Two year,Yes,Bank transfer (automatic),74.97,5400.17,No
7184-CSRGI,Male,0,No,No,20,Yes,Yes,DSL,Yes,No,No,Yes,Yes,Yes,Month-to-month,Yes,Mailed check,71.85,1431.02,No
9692-YPTAR,Male,0,No,No,27,Yes,Yes,DSL,Yes,No,Yes,No,No,No,One year,No,Credit card (automatic),61.19,1667.66,No
6098-KOEXE,Female,0,No,No,3,Yes,No,No,No internet service,No internet service,No internet service,No internet service,No internet service,No internet service,Month-to-month,No,Electronic check,22.77,83.53,No
5207-MIWXS,Male,0,No,No,12,Yes,No,Fiber optic,Yes,No,No,No,Yes,No,Month-to-month,No,Mailed check,91.96,1094.9,Yes
7947-LFONK,Male,0,No,No,70,Yes,No,DSL,No,No,No,No,Yes,Yes,Month-to-month,Yes,Bank transfer (automatic),69.0,4830.7,No
7933-NMIJV,Female,0,Yes,No,14,Yes,Yes,DSL,No,No,No,No,Yes,Yes,Month-to-month,Yes,Mailed check,69.06,940.3,No
9098-JONFX,Male,0,No,No,1,Yes,Yes,No,No internet service,No internet service,No internet service,No internet service,No internet service,No internet service,Two year,Yes,Credit card (automatic),30.21,48.04,No
5918-EEHTY,Male,1,Yes,No,1,Yes,No,Fiber optic,No,No,No,No,No,Yes,Month-to-month,Yes,Credit card (automatic),85.1,84.2,Yes
7207-ZECQZ,Male,0,No,No,59,No,No phone service,DSL,Yes,No,No,Yes,No,No,Month-to-month,No,Bank transfer (automatic),58.91,3441.46,Yes
8556-JMNBD,Female,0,No,No,72,Yes,No,DSL,No,No,No,Yes,No,Yes,One year,Yes,Electronic check,67.1,4808.46,No
1307-VQVPH,Male,0,Yes,No,72,Yes,Yes,DSL,Yes,No,No,No,Yes,Yes,Month-to-month,No,Mailed check,70.85,5134.43,No
8405-DCQSO,Female,0,Yes,No,0,Yes,No,Fiber optic,No,No,Yes,Yes,Yes,Yes,Month-to-month,No,Bank transfer (automatic),106.81,,Yes
1902-MXURO,Female,0,Yes,Yes,28,Yes,No,Fiber optic,Yes,Yes,No,Yes,Yes,No,Two year,No,Mailed check,94.13,2641.05,No
9239-ARPVP,Male,1,Yes,Yes,41,Yes,No,DSL,Yes,Yes,No,No,No,No,Month-to-month,Yes,Electronic check,53.11,2188.39,Yes
7645-ZEOQU,Female,0,Yes,No,2,Yes,Yes,Fiber optic,No,Yes,Yes,No,No,No,Month-to-month,No,Electronic check,93.68,183.67,Yes
1309-DKFZG,Female,0,Yes,Yes,31,Yes,Yes,Fiber optic,Yes,No,No,No,No,No,Month-to-month,Yes,Credit card (automatic),85.71,2634.05,No
2780-RBQWQ,Female,0,Yes,Yes,11,Yes,No,Fiber optic,No,Yes,No,No,No,Yes,Month-to-month,Yes,Electronic check,95.29,1042.65,No
5127-SPSFV,Male,0,No,No,27,Yes,No,Fiber optic,No,Yes,No,Yes,No,Yes,Month-to-month,No,Credit card (automatic),96.12,2633.79,No
5059-DAGYS,Female,0,No,No,9,Yes,No,DSL,No,No,No,No,No,No,Month-to-month,Yes,Mailed check,50.14,442.74,No
1383-ISOAQ,Female,0,No,No,17,Yes,No,DSL,No,Yes,No,No,Yes,No,Month-to-month,No,Electronic check,69.4,1139.38,Yes
3359-GJUDI,Female,0,No,Yes,28,Yes,No,Fiber optic,No,Yes,No,Yes,No,No,One year,Yes,Electronic check,84.54,2383.39,No
8666-TIFOX,Female,0,No,No,24,Yes,Yes,Fiber optic,No,No,No,No,No,Yes,Month-to-month,Yes,Electronic check,89.8,2148.98,Yes
3890-UJCVE,Female,0,No,No,12,Yes,No,Fiber optic,No,No,Yes,Yes,No,No,Month-to-month,No,Credit card (automatic),87.38,1076.15,Yes
9034-MBBNW,Female,0,No,No,39,Yes,Yes,DSL,No,Yes,No,No,No,No,One year,No,Electronic check,53.5,2136.5,No
4261-GDVZZ,Female,0,Yes,Yes,25,Yes,No,Fiber optic,No,No,No,No,Yes,No,Month-to-month,Yes,Credit card (automatic),91.57,2262.34,No
1741-GESFT,Female,1,Yes,Yes,51,Yes,No,DSL,No,No,Yes,No,Yes,No,Month-to-month,Yes,Credit card (automatic),58.86,3017.64,No
5949-DCNFA,Female,0,Yes,Yes,70,Yes,Yes,DSL,No,Yes,No,No,No,Yes,Month-to-month,Yes,Credit card (automatic),57.8,4028.14,No
3033-MMKWB,Female,1,Yes,Yes,72,No,No phone service,DSL,No,Yes,No,No,No,Yes,Month-to-month,Yes,Electronic check,57.45,4127.02,No
8560-XAGUP,Female,0,Yes,No,21,Yes,No,DSL,No,No,No,No,No,No,Two year,No,Electronic check,47.21,960.19,No
6606-YARQA,Female,1,Yes,No,58,Yes,Yes,DSL,No,No,No,No,No,No,Month-to-month,Yes,Bank transfer (automatic),50.85,2926.15,No
4195-YFLBD,Female,0,Yes,Yes,52,Yes,No,DSL,No,Yes,No,No,Yes,No,Month-to-month,Yes,Electronic check,63.87,3366.35,No
2206-KBQZX,Male,0,Yes,Yes,1,Yes,No,DSL,No,No,No,No,Yes,Yes,One year,No,Electronic check,69.91,66.38,No
4594-ZWMSM,Female,0,No,No,8,Yes,No,Fiber optic,No,Yes,Yes,No,No,No,One year,No,Mailed check,90.25,751.78,No
7069-RFVJJ,Male,0,Yes,Yes,3,Yes,No,Fiber optic,No,No,Yes,No,Yes,No,Two year,Yes,Credit card (automatic),97.55,264.35,No
6342-DUYXI,Male,0,Yes,No,20,Yes,Yes,No,No internet service,No internet service,No internet service,No internet service,No internet service,No internet service,Month-to-month,No,Credit card (automatic),24.51,475.46,Yes
2090-TEZDG,Male,0,Yes,No,68,Yes,Yes,DSL,No,Yes,No,No,No,No,Month-to-month,No,Credit card (automatic),56.04,3824.76,Yes
5549-QJXXF,Female,1,No,No,34,No,No phone service,DSL,No,No,No,No,Yes,No,Month-to-month,No,Bank transfer (automatic),60.48,2059.84,Yes
8176-PNMMV,Male,1,Yes,Yes,0,Yes,No,No,No internet service,No internet service,No internet service,No internet service,No internet service,No internet service,Two year,No,Mailed check,27.93,0.0,No
8903-NASMP,Male,0,Yes,No,0,Yes,No,DSL,No,Yes,No,No,No,Yes,Month-to-month,Yes,Credit card (automatic),61.91,2.61,Yes
5948-XRUPT,Male,0,Yes,No,55,Yes,No,Fiber optic,No,No,Yes,No,No,No,Two year,No,Mailed check,90.92,5038.88,No
1838-CPNMF,Female,0,Yes,Yes,10,Yes,Yes,Fiber optic,Yes,No,No,No,No,Yes,One year,No,Mailed check,98.66,977.84,No
9481-BKLHA,Female,0,No,No,22,Yes,No,Fiber optic,No,No,No,Yes,No,Yes,Month-to-month,Yes,Electronic check,91.86,2000.98,Yes
3367-ARQAI,Female,0,No,Yes,40,Yes,No,DSL,No,No,No,Yes,Yes,Yes,One year,Yes,Credit card (automatic),69.26,2759.28,No
1153-VUKLM,Male,0,Yes,Yes,44,Yes,Yes,Fiber optic,No,No,Yes,No,Yes,Yes,Two year,No,Mailed check,102.97,4559.75,No
3898-LNECB,Female,0,No,No,60,Yes,No,No,No internet service,No internet service,No internet service,No internet service,No internet service,No internet service,One year,Yes,Electronic check,28.76,1704.52,No
1066-PVWFW,Male,1,No,No,64,Yes,No,Fiber optic,No,Yes,No,No,No,Yes,Month-to-month,No,Mailed check,92.17,5881.83,Yes
6771-GEJSV,Male,0,No,No,5,Yes,Yes,No,No internet service,No internet service,No internet service,No internet service,No internet service,No internet service,Month-to-month,Yes,Electronic check,21.03,136.94,Yes
9624-UVROO,Female,0,No,No,5,Yes,Yes,No,No internet service,No internet service,No internet service,No internet service,No internet service,No internet service,One year,No,Bank transfer (automatic),24.5,114.99,No
7885-HZFVT,Female,1,No,Yes,39,No,No phone service,Fiber optic,No,No,No,No,No,No,Month-to-month,Yes,Credit card (automatic),68.02,2645.69,Yes
8036-UWZDJ,Male,0,No,No,17,Yes,No,DSL,No,No,No,Yes,No,No,Month-to-month,No,Credit card (automatic),60.2,1026.26,Yes
4668-AHNES,Male,1,No,No,27,Yes,No,DSL,No,No,No,No,Yes,No,Month-to-month,Yes,Electronic check,60.49,1594.03,No
1703-UMRZM,Female,0,No,No,69,Yes,No,Fiber optic,No,No,No,No,No,Yes,Month-to-month,Yes,Mailed check,82.45,5663.66,No
2413-XKFSP,Female,0,No,Yes,2,Yes,Yes,No,No internet service,No internet service,No internet service,No internet service,No internet service,No internet service,One year,No,Mailed check,18.72,60.1,Yes
1640-MKXBN,Female,0,Yes,No,40,Yes,No,No,No internet service,No internet service,No internet service,No internet service,No internet service,No internet service,Two year,No,Credit card (automatic),25.9,1044.07,No
8207-TOVPO,Male,0,Yes,No,14,Yes,No,DSL,Yes,No,No,No,Yes,No,Two year,Yes,Mailed check,67.33,962.11,No
3890-HEQII,Male,0,No,No,55,Yes,No,No,No internet service,No internet service,No internet service,No internet service,No internet service,No internet service,Month-to-month,Yes,Mailed check,23.12,1259.35,No
3552-ANDJD,Female,1,Yes,No,21,Yes,Yes,DSL,No,Yes,Yes,Yes,Yes,No,Month-to-month,No,Electronic check,72.41,1513.3,Yes
4734-KNQEF,Male,1,Yes,No,43,Yes,Yes,DSL,Yes,No,No,No,No,No,Month-to-month,Yes,Mailed check,53.79,2336.47,Yes
6740-XTGCB,Female,0,Yes,No,14,Yes,Yes,Fiber optic,No,Yes,No,No,No,Yes,One year,Yes,Bank transfer (automatic),92.2,1298.31,No
6113-GPKYU,Female,1,Yes,No,7,Yes,No,DSL,No,No,Yes,No,No,No,Month-to-month,Yes,Electronic check,46.35,326.36,Yes
2060-YZYDY,Male,0,Yes,Yes,66,No,No phone service,Fiber optic,Yes,No,No,No,Yes,No,Month-to-month,No,Electronic check,85.7,5654.35,No
2197-MQURX,Female,0,No,No,23,Yes,Yes,No,No internet service,No internet service,No internet service,No internet service,No internet service,No internet service,Month-to-month,No,Bank transfer (automatic),31.16,721.49,No
5918-ENJVK,Female,1,Yes,No,11,Yes,No,No,No internet service,No internet service,No internet service,No internet service,No internet service,No internet service,Month-to-month,No,Credit card (automatic),25.37,276.03,No
6084-SVUYZ,Male,1,Yes,No,38,Yes,Yes,DSL,No,Yes,Yes,No,Yes,No,Month-to-month,No,Bank transfer (automatic),74.93,2811.16,Yes
3506-JQUUW,Male,0,No,No,16,Yes,No,No,No internet service,No internet service,No internet service,No internet service,No internet service,No internet service,Month-to-month,Yes,Electronic check,30.46,450.4,Yes
5132-WLEXP,Female,1,No,No,8,Yes,No,No,No internet service,No internet service,No internet service,No internet service,No internet service,No internet service,Month-to-month,Yes,Bank transfer (automatic),18.25,111.78,No
9162-QDXGM,Male,0,Yes,Yes,27,Yes,No,DSL,No,Yes,No,Yes,No,No,Month-to-month,Yes,Bank transfer (automatic),52.67,1403.29,Yes
1304-RUOVZ,Female,0,Yes,No,29,Yes,No,DSL,No,No,No,Yes,No,Yes,Month-to-month,Yes,Electronic check,62.98,1802.35,No
5906-APMKV,Male,0,Yes,Yes,14,Yes,No,Fiber optic,No,No,Yes,Yes,No,No,Two year,No,Bank transfer (automatic),90.24,1224.39,Yes
2058-VNUZU,Male,0,Yes,No,25,Yes,No,Fiber optic,No,No,Yes,No,No,Yes,Two year,No,Bank transfer (automatic),87.65,2192.78,No
4261-TJXGA,Male,0,No,No,5,Yes,No,DSL,No,No,Yes,No,No,No,Two year,No,Mailed check,60.69,267.26,No
3806-EQLIX,Male,0,Yes,No,15,Yes,Yes,No,No internet service,No internet service,No internet service,No internet service,No internet service,No internet service,Month-to-month,No,Mailed check,24.93,353.67,No
7110-AUMED,Male,0,No,No,23,Yes,Yes,Fiber optic,No,Yes,No,No,Yes,Yes,Month-to-month,No,Credit card (automatic),107.1,2479.57,Yes
8922-VXOYA,Male,0,No,No,59,Yes,Yes,Fiber optic,No,No,Yes,Yes,No,No,One year,No,Electronic check,92.24,5418.38,No
8980-VFTOU,Male,0,Yes,Yes,3,Yes,Yes,DSL,No,No,No,Yes,No,No,Month-to-month,No,Mailed check,51.96,176.42,Yes
2218-BZUXM,Male,0,No,No,64,Yes,Yes,No,No internet service,No internet service,No internet service,No internet service,No internet service,No internet service,Month-to-month,Yes,Electronic check,19.04,1187.58,No
4763-UNTNF,Male,0,Yes,Yes,64,Yes,Yes,No,No internet service,No internet service,No internet service,No internet service,No internet service,No internet service,Month-to-month,No,Mailed check,28.88,1874.48,No
9924-BIMJP,Male,0,No,No,23,No,No phone service,DSL,No,Yes,No,No,Yes,No,Month-to-month,Yes,Credit card (automatic),55.79,1291.17,No
6888-OPGKQ,Female,1,No,No,14,Yes,Yes,Fiber optic,Yes,Yes,No,Yes,No,No,Month-to-month,No,Credit card (automatic),94.59,1290.88,No
8543-KJPYH,Female,0,No,No,5,Yes,No,Fiber optic,Yes,Yes,No,No,No,No,Two year,Yes,Electronic check,90.71,474.36,Yes
6664-HIKBQ,Female,0,Yes,Yes,72,No,No phone service,Fiber optic,No,No,No,No,No,Yes,Two year,No,Credit card (automatic),83.87,6040.86,No
9160-AYKVQ,Male,0,No,No,72,Yes,No,Fiber optic,Yes,No,No,No,No,No,Month-to-month,Yes,Electronic check,89.57,6461.81,Yes
2145-GYNJZ,Female,0,Yes,Yes,25,Yes,No,Fiber optic,No,No,No,No,No,No,One year,No,Credit card (automatic),84.54,2106.09,No
5819-AKBYA,Female,0,No,No,64,No,No phone service,No,No internet service,No internet service,No internet service,No internet service,No internet service,No internet service,Two year,No,Credit card (automatic),23.53,1501.59,No
2472-INTIG,Female,0,Yes,No,19,Yes,No,DSL,No,No,No,No,No,No,Month-to-month,Yes,Electronic check,51.9,1031.67,Yes
4256-VLIZV,Female,0,Yes,No,67,Yes,Yes,Fiber optic,No,No,No,No,Yes,No,Month-to-month,Yes,Mailed check,87.59,5838.4,No
6066-FGPGN,Male,1,No,No,35,Yes,Yes,DSL,No,No,No,No,No,Yes,Month-to-month,Yes,Credit card (automatic),62.99,2243.32,No
6343-WYORZ,Male,0,No,No,72,Yes,No,Fiber optic,No,Yes,No,No,No,Yes,Two year,No,Mailed check,92.72,6671.59,No
1956-YTBHK,Male,0,Yes,No,31,Yes,No,Fiber optic,No,Yes,No,No,Yes,No,One year,Yes,Mailed check,93.23,2864.24,No
7300-YRVOM,Male,0,Yes,No,7,No,No phone service,DSL,Yes,Yes,No,Yes,No,No,Two year,Yes,Electronic check,59.48,437.43,No
5639-PZNMC,Female,0,Yes,Yes,14,Yes,No,No,No internet service,No internet service,No internet service,No internet service,No internet service,No internet service,Month-to-month,Yes,Electronic check,23.28,309.68,No
7859-MAFHN,Male,0,No,No,5,Yes,No,Fiber optic,No,No,Yes,No,No,No,One year,Yes,Bank transfer (automatic),78.86,407.18,Yes
6534-LJPDP,Female,0,Yes,No,26,Yes,Yes,Fiber optic,No,No,No,Yes,No,Yes,Month-to-month,Yes,Credit card (automatic),91.63,2397.03,Yes
5476-PLVYE,Female,0,No,No,29,No,No phone service,Fiber optic,No,Yes,No,No,No,Yes,Two year,No,Electronic check,85.04,2470.6,Yes
9958-QZUVA,Male,0,No,No,2,Yes,Yes,DSL,No,Yes,Yes,No,No,No,Month-to-month,Yes,Credit card (automatic),61.92,131.54,Yes
3940-NQWQM,Male,0,Yes,Yes,0,Yes,Yes,Fiber optic,No,Yes,Yes,Yes,No,No,One year,No,Bank transfer (automatic),94.95,14.96,No
7722-FRCYZ,Female,0,No,No,31,Yes,No,Fiber optic,No,No,Yes,No,No,No,Month-to-month,No,Bank transfer (automatic),82.37,2536.9,No
2186-SWMFK,Male,0,Yes,Yes,18,Yes,No,Fiber optic,Yes,Yes,No,No,No,No,Two year,No,Credit card (automatic),89.51,1577.57,No
6151-BROSX,Male,0,No,No,2,Yes,No,No,No internet service,No internet service,No internet service,No internet service,No internet service,No internet service,One year,No,Mailed check,25.72,99.55,No
8519-ZUCUJ,Male,0,Yes,No,68,Yes,No,DSL,No,No,Yes,Yes,No,No,Two year,No,Bank transfer (automatic),60.59,4083.36,No
9385-XYUIU,Female,0,Yes,No,60,Yes,Yes,Fiber optic,No,No,No,No,Yes,Yes,Month-to-month,Yes,Electronic check,92.95,5627.0,Yes
3941-VWWZD,Male,0,Yes,Yes,22,Yes,Yes,DSL,No,No,No,No,No,Yes,Month-to-month,Yes,Electronic check,56.2,1219.44,No
8008-VROHF,Male,0,No,No,41,Yes,No,Fiber optic,No,No,No,No,Yes,Yes,Month-to-month,Yes,Electronic check,92.53,3764.52,Yes
8620-HNNKT,Male,1,Yes,No,5,Yes,No,Fiber optic,Yes,Yes,Yes,Yes,No,Yes,Month-to-month,No,Credit card (automatic),105.96,544.04,Yes
5109-MWNJH,Male,0,Yes,No,16,Yes,No,DSL,No,No,Yes,Yes,No,Yes,Month-to-month,Yes,Credit card (automatic),71.55,1175.09,No
2440-DGCOY,Male,0,No,No,37,Yes,No,DSL,No,Yes,No,No,No,Yes,Month-to-month,No,Electronic check,68.85,2544.05,No
9434-GTILW,Male,0,Yes,Yes,28,Yes,Yes,Fiber optic,No,No,Yes,Yes,No,No,Month-to-month,Yes,Bank transfer (automatic),88.35,2451.51,Yes
3215-FEWSL,Male,0,No,No,6,Yes,No,DSL,No,Yes,No,No,No,No,Two year,Yes,Electronic check,56.33,328.7,Yes
3356-NJPJD,Male,0,Yes,Yes,3,Yes,No,Fiber optic,No,No,Yes,Yes,Yes,Yes,Month-to-month,No,Electronic check,104.56,333.77,Yes
9272-CKDPR,Male,0,Yes,No,14,Yes,No,DSL,Yes,No,Yes,Yes,No,No,Month-to-month,Yes,Electronic check,64.34,909.54,Yes
1129-GRKVD,Male,0,No,No,25,Yes,No,Fiber optic,No,No,Yes,No,No,Yes,Month-to-month,Yes,Electronic check,90.52,2257.98,Yes
4302-JTLGB,Female,0,Yes,Yes,60,Yes,Yes,Fiber optic,Yes,Yes,No,No,No,No,One year,No,Credit card (automatic),91.12,5423.08,No
1634-OFYBM,Female,0,Yes,No,23,Yes,No,Fiber optic,Yes,No,Yes,No,No,No,Two year,Yes,Mailed check,91.91,2091.83,No
2207-LXGET,Male,0,Yes,No,3,Yes,Yes,DSL,No,No,No,No,No,Yes,Month-to-month,No,Electronic check,69.21,216.29,Yes
3978-WCSLE,Female,0,Yes,Yes,23,No,No phone service,No,No internet service,No internet service,No internet service,No internet service,No internet service,No internet service,One year,Yes,Credit card (automatic),22.58,535.66,No
2512-OIYIG,Male,0,No,No,9,Yes,Yes,DSL,Yes,No,Yes,No,Yes,No,Month-to-month,No,Credit card (automatic),61.09,510.75,Yes
9523-MDROD,Female,0,No,No,53,Yes,No,No,No internet service,No internet service,No internet service,No internet service,No internet service,No internet service,One year,Yes,Electronic check,29.43,1573.52,No
8942-GHREW,Male,0,Yes,No,71,Yes,Yes,Fiber optic,Yes,No,No,No,No,No,One year,No,Electronic check,87.21,6185.1,No
8895-YCKPK,Male,0,Yes,Yes,43,Yes,No,DSL,Yes,Yes,No,Yes,No,Yes,Month-to-month,No,Electronic check,71.36,3085.55,No
4237-ZFDJG,Female,0,Yes,No,1,Yes,Yes,Fiber optic,No,Yes,Yes,No,Yes,No,Two year,Yes,Credit card (automatic),95.56,105.39,No
5740-JVGFN,Male,0,Yes,Yes,5,Yes,No,Fiber optic,No,No,No,No,No,Yes,One year,No,Electronic check,89.49,444.4,No
1527-VQFEC,Male,1,No,No,58,Yes,No,No,No internet service,No internet service,No internet service,No internet service,No internet service,No internet service,One year,No,Electronic check,21.85,1239.35,No
9768-KEVSM,Male,0,No,No,14,Yes,No,No,No internet service,No internet service,No internet service,No internet service,No internet service,No internet service,One year,No,Credit card (automatic),27.69,380.11,No
9434-SSNCX,Female,0,Yes,Yes,10,Yes,No,DSL,No,Yes,No,No,Yes,No,Month-to-month,No,Credit card (automatic),60.41,613.7,No
1687-ACEEA,Male,0,No,No,52,Yes,No,Fiber optic,No,No,No,Yes,No,No,Month-to-month,Yes,Mailed check,86.18,4485.65,No
8543-OZADR,Female,0,Yes,No,19,Yes,No,DSL,No,No,Yes,No,Yes,No,Month-to-month,No,Credit card (automatic),63.97,1232.94,No
1758-IWPSJ,Female,0,Yes,Yes,18,Yes,No,DSL,No,No,Yes,No,No,No,Month-to-month,Yes,Mailed check,55.5,994.69,Yes
1429-ISFZS,Female,1,Yes,Yes,59,Yes,Yes,Fiber optic,Yes,No,Yes,No,Yes,Yes,Month-to-month,No,Credit card (automatic),108.14,6399.1,No
2653-TCWYN,Female,0,Yes,Yes,11,Yes,No,DSL,No,No,No,No,No,Yes,Two year,Yes,Bank transfer (automatic),55.92,596.96,No
4788-XKNCI,Male,0,No,No,4,Yes,Yes,DSL,No,No,No,Yes,Yes,No,One year,Yes,Electronic check,60.48,216.09,No
8867-NBMNN,Male,0,No,No,12,Yes,No,DSL,No,Yes,Yes,Yes,No,Yes,One year,No,Electronic check,69.83,833.32,No
6737-MFRUL,Male,0,Yes,Yes,42,Yes,Yes,Fiber optic,Yes,No,No,No,No,No,Month-to-month,No,Mailed check,92.37,3859.46,No
7185-ELHXW,Female,0,Yes,Yes,6,Yes,Yes,DSL,No,Yes,No,No,No,No,One year,Yes,Mailed check,50.97,259.1,Yes
4446-IWDBD,Male,0,No,No,14,Yes,Yes,Fiber optic,No,Yes,Yes,Yes,Yes,No,One year,Yes,Electronic check,97.37,1370.33,No
9144-FACYN,Female,0,Yes,Yes,3,No,No phone service,Fiber optic,No,No,No,No,No,No,Month-to-month,Yes,Electronic check,78.11,229.87,Yes
4303-UXJPG,Male,0,Yes,No,12,No,No phone service,No,No internet service,No internet service,No internet service,No internet service,No internet service,No internet service,Month-to-month,Yes,Electronic check,21.26,229.13,No
3158-QNRGE,Male,0,No,No,68,Yes,No,DSL,Yes,No,No,No,No,No,Month-to-month,Yes,Electronic check,57.37,3922.11,No
4180-DZQUM,Female,0,No,No,45,Yes,No,Fiber optic,No,Yes,Yes,Yes,Yes,Yes,One year,Yes,Bank transfer (automatic),108.0,4825.04,No
7005-BPNUL,Male,0,No,No,6,Yes,Yes,Fiber optic,No,No,No,No,Yes,Yes,Month-to-month,No,Bank transfer (automatic),92.42,547.38,Yes
3789-OQFLY,Male,0,Yes,Yes,11,Yes,Yes,No,No internet service,No internet service,No internet service,No internet service,No internet service,No internet service,One year,No,Credit card (automatic),25.47,274.68,Yes
6528-TIWSQ,Male,1,Yes,Yes,4,Yes,Yes,DSL,No,No,No,No,Yes,No,Month-to-month,No,Electronic check,62.51,268.73,No
3485-AVDOV,Male,0,No,No,64,No,No phone service,DSL,Yes,No,No,No,No,Yes,One year,Yes,Credit card (automatic),60.29,3844.95,No
1806-AWROL,Female,0,Yes,Yes,6,Yes,No,DSL,No,No,No,Yes,No,Yes,Month-to-month,No,Electronic check,68.21,374.36,No
9825-SKYDD,Female,0,Yes,No,37,Yes,No,Fiber optic,No,Yes,Yes,No,No,Yes,Month-to-month,No,Electronic check,102.09,3775.58,No
1039-LPSJW,Male,0,Yes,Yes,26,Yes,No,DSL,No,No,No,No,No,No,Two year,Yes,Bank transfer (automatic),45.58,1201.33,No
5763-JIFHF,Male,0,Yes,Yes,13,No,No phone service,DSL,No,Yes,Yes,No,No,No,Month-to-month,Yes,Credit card (automatic),52.64,675.58,No
8367-MYMYV,Female,0,No,No,20,Yes,No,Fiber optic,No,No,No,No,No,No,Month-to-month,No,Bank transfer (automatic),81.87,1626.32,No
6102-VVCAV,Male,0,No,No,1,Yes,No,Fiber optic,Yes,Yes,Yes,No,No,No,Two year,Yes,Mailed check,90.84,71.09,No
1297-WQVMH,Female,0,Yes,No,70,Yes,Yes,DSL,No,No,No,No,No,No,One year,Yes,Mailed check,53.32,3764.41,No
7109-YFIUH,Female,0,Yes,Yes,20,Yes,No,DSL,No,Yes,No,No,No,Yes,Month-to-month,No,Electronic check,61.04,1227.49,No
3186-ZWDFR,Male,0,Yes,No,30,Yes,No,Fiber optic,No,Yes,No,Yes,No,Yes,Two year,No,Electronic check,93.13,2769.64,No
4480-KSMJT,Male,0,Yes,Yes,72,Yes,No,DSL,Yes,No,Yes,No,No,Yes,Month-to-month,No,Electronic check,68.41,4927.96,No
2363-RNBZF,Male,0,Yes,Yes,71,Yes,No,Fiber optic,No,No,Yes,No,No,No,Month-to-month,Yes,Electronic check,82.24,5858.2,No
5023-VWIDX,Male,0,Yes,Yes,6,Yes,Yes,Fiber optic,Yes,No,No,Yes,Yes,No,Two year,Yes,Mailed check,92.11,566.54,No
7308-MGCQP,Male,0,Yes,No,64,Yes,Yes,DSL,No,Yes,No,Yes,No,No,One year,Yes,Bank transfer (automatic),57.78,3695.62,No
6278-KPTQU,Female,0,Yes,No,28,Yes,Yes,DSL,No,No,No,No,Yes,No,Two year,No,Bank transfer (automatic),62.58,1763.05,No
6041-KNDDV,Male,0,No,No,3,Yes,Yes,Fiber optic,No,No,No,No,No,Yes,Month-to-month,No,Bank transfer (automatic),89.63,307.76,No
2368-SCLGO,Female,0,No,No,3,Yes,Yes,No,No internet service,No internet service,No internet service,No internet service,No internet service,No internet service,One year,Yes,Electronic check,24.64,77.92,No
4311-CNNUR,Male,1,No,No,57,Yes,No,DSL,No,No,No,No,No,Yes,Month-to-month,Yes,Mailed check,54.95,3138.62,No
9850-FLRBM,Female,0,No,No,38,Yes,Yes,Fiber optic,No,No,No,No,No,No,Two year,No,Bank transfer (automatic),80.55,3101.08,No
7567-VVEVV,Female,0,Yes,No,67,Yes,Yes,Fiber optic,No,No,No,No,Yes,No,Month-to-month,No,Electronic check,83.42,5595.42,No
8708-XRGCS,Female,0,Yes,No,24,Yes,Yes,DSL,No,Yes,No,No,Yes,No,Two year,No,Mailed check,62.97,1477.69,No
3970-JCIMM,Female,0,No,No,0,Yes,No,DSL,Yes,No,No,No,Yes,Yes,One year,Yes,Electronic check,66.03,18.73,Yes
1618-TYMXE,Female,0,No,No,72,Yes,Yes,Fiber optic,No,No,No,Yes,No,No,One year,Yes,Bank transfer (automatic),83.53,6022.73,No
9581-BXNLB,Female,0,No,No,4,Yes,No,Fiber optic,No,No,Yes,No,No,Yes,Two year,Yes,Bank transfer (automatic),89.6,369.26,No
4044-YIDNZ,Female,0,Yes,Yes,1,Yes,No,DSL,Yes,No,Yes,No,Yes,No,Two year,No,Bank transfer (automatic),68.02,77.47,No
1408-ZWUQU,Male,0,No,No,8,Yes,No,Fiber optic,No,No,No,No,Yes,No,Two year,Yes,Mailed check,87.03,688.55,No
5776-YYLXQ,Male,0,Yes,No,12,Yes,Yes,DSL,No,Yes,No,No,No,Yes,Month-to-month,Yes,Electronic check,66.34,816.69,No
3079-FXHXR,Female,0,Yes,Yes,11,Yes,Yes,DSL,No,No,No,No,Yes,No,Month-to-month,No,Mailed check,59.26,630.89,No
8844-SZZGN,Male,1,No,No,72,Yes,Yes,No,No internet service,No internet service,No internet service,No internet service,No internet service,No internet service,One year,Yes,Credit card (automatic),25.97,1874.74,Yes
6465-WWPXY,Male,0,Yes,Yes,2,Yes,Yes,Fiber optic,Yes,No,Yes,No,No,No,One year,Yes,Mailed check,87.85,177.36,No
5625-GQRFP,Female,1,Yes,Yes,21,Yes,No,DSL,No,Yes,No,No,No,No,Two year,Yes,Electronic check,57.22,1182.11,No
3733-QHRWX,Male,0,No,No,49,Yes,No,Fiber optic,No,No,Yes,Yes,No,Yes,Month-to-month,Yes,Electronic check,93.0,4555.28,No
8875-UBART,Male,0,Yes,No,6,Yes,No,DSL,No,Yes,No,No,Yes,No,Month-to-month,No,Credit card (automatic),63.71,365.46,Yes
4796-QCDSR,Female,0,Yes,No,13,Yes,No,DSL,No,No,Yes,No,Yes,Yes,Month-to-month,No,Mailed check,68.99,916.62,No
9967-IMQSU,Female,0,Yes,Yes,56,Yes,No,DSL,No,No,No,No,Yes,Yes,Month-to-month,Yes,Credit card (automatic),65.26,3624.66,No
5304-EGTSH,Male,0,Yes,Yes,5,Yes,No,Fiber optic,No,No,No,Yes,No,Yes,Month-to-month,No,Mailed check,86.97,444.19,Yes
3793-BFJPC,Female,1,Yes,Yes,72,Yes,No,Fiber optic,No,Yes,Yes,No,No,No,Month-to-month,Yes,Mailed check,77.58,5578.28,Yes
1008-ANEQK,Male,0,No,No,25,Yes,No,Fiber optic,No,No,No,No,Yes,No,Two year,Yes,Electronic check,84.66,2134.83,No
4529-IGWTW,Female,0,Yes,Yes,35,Yes,No,Fiber optic,No,No,No,No,No,Yes,Month-to-month,Yes,Electronic check,90.62,3161.32,No
2159-BNVKK,Male,0,No,No,1,Yes,No,DSL,No,No,Yes,Yes,Yes,Yes,Month-to-month,No,Electronic check,73.04,54.0,No
3968-OKXGU,Female,0,Yes,Yes,1,No,No phone service,DSL,No,No,No,Yes,No,No,Month-to-month,Yes,Bank transfer (automatic),52.31,48.37,Yes
5507-ATNUS,Female,0,No,Yes,72,Yes,Yes,DSL,No,No,No,No,No,Yes,Month-to-month,No,Credit card (automatic),60.58,4344.4,Yes
5841-KTJSU,Female,0,Yes,Yes,10,Yes,No,Fiber optic,No,No,Yes,No,No,No,Month-to-month,No,Mailed check,88.07,865.67,Yes
8438-BHTMY,Female,0,Yes,Yes,28,No,No phone service,Fiber optic,Yes,No,Yes,No,No,No,One year,No,Credit card (automatic),85.88,2406.21,Yes
7475-YZEPF,Female,0,No,No,63,Yes,No,Fiber optic,No,No,No,No,No,No,Month-to-month,Yes,Mailed check,83.1,5259.78,Yes
1870-DFQGA,Female,0,No,No,29,Yes,No,Fiber optic,No,No,No,Yes,Yes,No,Month-to-month,No,Mailed check,92.06,2681.76,No
4323-ULGSM,Female,0,Yes,Yes,39,No,No phone service,Fiber optic,No,No,Yes,No,No,No,Month-to-month,Yes,Electronic check,83.95,3295.07,No
4203-IEORL,Female,0,Yes,Yes,20,Yes,No,DSL,No,Yes,Yes,No,Yes,No,Month-to-month,Yes,Electronic check,68.12,1364.21,No
7583-GJZNB,Female,0,No,No,0,Yes,Yes,Fiber optic,No,Yes,No,No,No,No,Month-to-month,No,Mailed check,85.38,,Yes
5697-JVBFS,Female,0,No,Yes,7,No,No phone service,Fiber optic,No,Yes,No,No,No,No,Month-to-month,No,Credit card (automatic),79.57,531.63,Yes
2596-BBUNQ,Male,0,No,No,3,No,No phone service,No,No internet service,No internet service,No internet service,No internet service,No internet service,No internet service,Two year,No,Mailed check,22.01,38.37,No
7955-ECAEO,Female,0,No,No,63,Yes,Yes,DSL,No,No,Yes,No,No,No,Two year,No,Credit card (automatic),54.12,3402.89,No
6206-GJXJE,Male,1,No,No,9,Yes,No,Fiber optic,Yes,No,No,No,No,No,Two year,No,Electronic check,82.05,749.55,No
1180-HSSNX,Male,0,No,Yes,4,Yes,Yes,No,No internet service,No internet service,No internet service,No internet service,No internet service,No internet service,Month-to-month,Yes,Bank transfer (automatic),30.47,128.17,No
6378-CALGH,Female,1,Yes,No,14,Yes,Yes,No,No internet service,No internet service,No internet service,No internet service,No internet service,No internet service,Month-to-month,Yes,Bank transfer (automatic),24.29,357.42,No
6073-BWNEB,Male,0,No,No,8,Yes,Yes,No,No internet service,No internet service,No internet service,No internet service,No internet service,No internet service,Month-to-month,No,Electronic check,27.18,230.45,Yes
2042-VNRVU,Female,0,Yes,No,59,Yes,Yes,DSL,Yes,No,No,No,No,Yes,Month-to-month,Yes,Electronic check,64.99,3818.87,No
7862-SWLGG,Female,0,No,No,35,Yes,No,DSL,No,Yes,No,Yes,Yes,Yes,Two year,Yes,Mailed check,69.88,2465.29,No
3585-IHFRL,Male,1,No,No,3,Yes,No,Fiber optic,No,No,No,Yes,Yes,Yes,One year,Yes,Mailed check,99.96,273.0,No
9854-SEAML,Male,0,Yes,Yes,18,Yes,No,No,No internet service,No internet service,No internet service,No internet service,No internet service,No internet service,Month-to-month,Yes,Credit card (automatic),23.73,408.49,Yes
8915-ZFITT,Female,0,No,No,11,Yes,Yes,Fiber optic,No,Yes,No,No,No,No,One year,No,Mailed check,84.4,920.9,No
7647-NMVTE,Male,0,Yes,Yes,3,No,No phone service,Fiber optic,No,Yes,No,Yes,No,Yes,Month-to-month,Yes,Electronic check,92.13,245.07,No
5387-FBLDQ,Female,0,Yes,No,23,Yes,No,DSL,No,Yes,Yes,No,No,No,Month-to-month,Yes,Electronic check,53.59,1282.57,No
5902-ZVKWT,Male,0,Yes,Yes,30,Yes,Yes,No,No internet service,No internet service,No internet service,No internet service,No internet service,No internet service,Month-to-month,No,Mailed check,25.31,761.09,No
2253-DEUNY,Male,0,No,No,16,Yes,No,Fiber optic,No,No,Yes,No,No,No,Month-to-month,Yes,Credit card (automatic),88.89,1434.8,No
4288-MATZL,Male,0,No,Yes,29,Yes,No,Fiber optic,Yes,No,No,No,Yes,Yes,Month-to-month,Yes,Electronic check,98.97,2860.17,Yes
1165-ZVVZX,Female,0,No,No,34,Yes,No,No,No internet service,No internet service,No internet service,No internet service,No internet service,No internet service,One year,Yes,Bank transfer (automatic),24.16,810.97,No
2385-ECIVH,Male,0,Yes,Yes,59,Yes,No,Fiber optic,No,Yes,No,No,No,Yes,One year,Yes,Bank transfer (automatic),90.97,5378.49,No
7680-ZQSYP,Female,1,No,No,0,Yes,Yes,Fiber optic,No,No,No,No,No,Yes,Month-to-month,Yes,Bank transfer (automatic),85.46,4.39,Yes
5629-ZIIYJ,Male,0,No,No,2,Yes,Yes,No,No internet service,No internet service,No internet service,No internet service,No internet service,No internet service,Month-to-month,Yes,Credit card (automatic),26.28,53.18,No
1369-YVNSB,Male,0,Yes,Yes,37,No,No phone service,Fiber optic,No,No,No,No,No,No,Two year,Yes,Credit card (automatic),72.04,2676.89,No
1095-EUQBT,Female,0,No,No,7,Yes,Yes,DSL,No,No,Yes,No,No,No,Month-to-month,Yes,Mailed check,55.27,338.9,No
1074-JJZGH,Female,1,Yes,Yes,0,Yes,No,No,No internet service,No internet service,No internet service,No internet service,No internet service,No internet service,Month-to-month,Yes,Electronic check,27.56,0.0,Yes
1710-TKZFU,Female,0,No,No,55,Yes,No,Fiber optic,No,No,Yes,No,No,No,Month-to-month,No,Credit card (automatic),74.78,4120.26,No
7997-HCKOT,Female,0,Yes,Yes,57,Yes,Yes,DSL,No,No,Yes,No,No,Yes,Month-to-month,Yes,Electronic check,65.16,3688.96,No
9859-AEQUV,Male,0,Yes,No,71,Yes,Yes,Fiber optic,No,No,No,Yes,No,Yes,Month-to-month,Yes,Bank transfer (automatic),88.8,6293.88,Yes
3714-EFIHC,Male,1,Yes,Yes,72,Yes,No,DSL,Yes,No,No,No,No,No,Month-to-month,Yes,Electronic check,57.58,4147.23,No
5689-ACBCR,Female,1,Yes,No,41,Yes,No,DSL,No,No,Yes,No,No,No,Month-to-month,No,Credit card (automatic),56.69,2337.85,No
4507-HSQGK,Female,0,No,No,1,Yes,Yes,DSL,No,No,Yes,No,No,No,Month-to-month,Yes,Electronic check,55.75,39.9,Yes
5195-NWICS,Female,0,Yes,Yes,72,Yes,Yes,No,No internet service,No internet service,No internet service,No internet service,No internet service,No internet service,One year,Yes,Mailed check,28.3,2018.94,No
8519-LBMHJ,Female,0,No,No,40,Yes,Yes,DSL,Yes,No,No,Yes,No,Yes,Two year,No,Electronic check,59.4,2426.0,No
8010-ZTCNB,Male,0,Yes,Yes,34,Yes,Yes,DSL,No,No,No,No,No,No,Month-to-month,No,Electronic check,45.46,1541.88,No
5721-SJDFP,Female,1,No,No,33,Yes,No,No,No internet service,No internet service,No internet service,No internet service,No internet service,No internet service,One year,Yes,Electronic check,26.06,870.73,No
6420-GVADZ,Female,0,Yes,Yes,22,Yes,Yes,No,No internet service,No internet service,No internet service,No internet service,No internet service,No internet service,Month-to-month,No,Bank transfer (automatic),26.4,579.86,Yes
4396-HNZBX,Male,1,No,No,7,Yes,No,DSL,No,No,Yes,No,No,No,Month-to-month,Yes,Credit card (automatic),59.65,389.45,Yes
5395-ZKGBX,Male,0,No,Yes,72,Yes,Yes,Fiber optic,Yes,No,Yes,No,Yes,No,Month-to-month,No,Credit card (automatic),94.99,6799.12,Yes
4813-RIWNE,Male,0,No,No,14,Yes,No,Fiber optic,No,No,No,Yes,No,Yes,Month-to-month,No,Electronic check,96.87,1346.99,Yes
9546-FRCJZ,Male,0,No,No,15,Yes,Yes,No,No internet service,No internet service,No internet service,No internet service,No internet service,No internet service,Month-to-month,No,Bank transfer (automatic),32.87,519.18,No
8766-XLZUN,Male,0,No,No,18,Yes,Yes,DSL,No,No,Yes,No,No,No,Month-to-month,Yes,Bank transfer (automatic),57.96,1059.5,Yes
1663-XCVIS,Female,1,No,Yes,58,Yes,Yes,Fiber optic,No,Yes,No,No,No,No,Month-to-month,No,Bank transfer (automatic),87.83,5115.28,No
6175-SIMQU,Female,0,No,No,9,No,No phone service,Fiber optic,No,No,No,No,No,No,Month-to-month,Yes,Mailed check,77.75,693.99,No
4456-CPRZB,Female,0,No,No,44,Yes,No,Fiber optic,No,No,No,No,No,No,Month-to-month,Yes,Mailed check,83.72,3719.7,No
2127-MQNQD,Male,0,Yes,Yes,1,Yes,No,DSL,No,Yes,Yes,No,No,Yes,One year,No,Bank transfer (automatic),70.31,61.94,No
1212-QKTGQ,Male,0,Yes,Yes,72,Yes,Yes,Fiber optic,Yes,Yes,No,No,Yes,Yes,Month-to-month,Yes,Electronic check,102.13,7361.13,No
1202-QHYHN,Male,0,Yes,Yes,67,Yes,Yes,DSL,No,No,Yes,No,No,No,Month-to-month,Yes,Mailed check,55.43,3708.07,No
8789-POGLM,Male,0,No,No,16,Yes,No,DSL,Yes,Yes,No,No,Yes,Yes,Month-to-month,Yes,Bank transfer (automatic),79.84,1296.54,No
4686-SNUSW,Female,1,No,No,62,Yes,No,DSL,No,No,No,Yes,No,No,One year,Yes,Mailed check,55.25,3455.27,No
5550-JETIW,Male,0,Yes,Yes,60,Yes,No,Fiber optic,No,No,Yes,No,Yes,No,Month-to-month,Yes,Bank transfer (automatic),94.41,5648.3,No
9746-MIQIK,Male,0,No,No,59,Yes,No,DSL,No,No,Yes,Yes,No,No,Month-to-month,Yes,Credit card (automatic),56.12,3312.24,No
7696-RRSTZ,Female,0,Yes,No,63,Yes,Yes,Fiber optic,No,No,Yes,Yes,No,No,Two year,Yes,Credit card (automatic),92.01,5795.2,No
5160-JEZDK,Female,0,No,No,8,Yes,Yes,DSL,No,Yes,No,No,No,No,One year,No,Bank transfer (automatic),56.24,468.16,No
8015-EWXBM,Female,1,No,No,6,No,No phone service,DSL,Yes,No,No,No,No,No,Month-to-month,No,Bank transfer (automatic),52.97,292.8,No
6264-RPBGN,Female,0,No,No,58,Yes,No,Fiber optic,Yes,Yes,No,Yes,No,No,Month-to-month,Yes,Mailed check,92.67,5359.67,No
4158-OLLBE,Male,1,Yes,Yes,26,Yes,Yes,Fiber optic,No,No,Yes,No,Yes,No,One year,Yes,Credit card (automatic),89.72,2331.87,No
9066-LVMNG,Male,0,Yes,Yes,37,Yes,No,DSL,No,No,Yes,No,No,No,One year,No,Electronic check,56.48,2075.71,Yes
1289-DDSVW,Male,1,No,No,68,Yes,Yes,DSL,No,No,Yes,Yes,Yes,No,Two year,Yes,Electronic check,71.45,4884.65,No
1433-ZYYNK,Female,0,Yes,No,71,Yes,No,DSL,Yes,No,No,No,Yes,Yes,One year,No,Bank transfer (automatic),76.28,5424.07,No
3153-YBZAF,Male,0,No,Yes,10,Yes,Yes,No,No internet service,No internet service,No internet service,No internet service,No internet service,No internet service,Two year,No,Mailed check,27.67,285.21,No
9122-JONGM,Female,0,Yes,Yes,18,Yes,Yes,Fiber optic,Yes,Yes,No,No,No,Yes,Two year,No,Electronic check,94.2,1689.25,No
5001-BNYML,Male,0,Yes,No,8,Yes,Yes,DSL,No,No,No,No,Yes,No,One year,Yes,Electronic check,60.51,501.6,No
2342-SDEGW,Female,0,No,No,0,Yes,No,DSL,No,No,Yes,Yes,No,No,One year,Yes,Mailed check,63.23,0.0,No
9476-VOAGX,Male,0,No,No,4,Yes,Yes,DSL,No,No,No,Yes,No,Yes,Month-to-month,Yes,Electronic check,65.85,216.28,No
4555-NOPDC,Female,0,Yes,Yes,44,Yes,Yes,DSL,No,Yes,No,No,No,Yes,Month-to-month,No,Credit card (automatic),58.84,2581.08,No
6845-HXVVO,Male,0,No,Yes,4,No,No phone service,Fiber optic,No,Yes,Yes,No,No,No,Month-to-month,Yes,Electronic check,86.3,343.97,Yes
9387-RRISF,Male,0,No,No,1,Yes,Yes,No,No internet service,No internet service,No internet service,No internet service,No internet service,No internet service,Month-to-month,No,Electronic check,34.39,0.0,Yes
2948-RCDHP,Female,0,No,Yes,14,Yes,Yes,Fiber optic,Yes,No,No,No,Yes,Yes,Month-to-month,Yes,Credit card (automatic),104.27,1415.98,Yes
9480-TAFMC,Female,0,Yes,Yes,36,Yes,No,DSL,Yes,Yes,Yes,Yes,No,Yes,Month-to-month,Yes,Bank transfer (automatic),84.52,3047.99,Yes
7297-TQWMU,Female,1,No,Yes,13,Yes,Yes,Fiber optic,No,No,Yes,Yes,Yes,No,One year,No,Mailed check,95.13,1232.21,No
9715-STTTZ,Male,0,No,No,28,Yes,No,Fiber optic,No,Yes,No,Yes,Yes,Yes,One year,Yes,Mailed check,109.19,3071.98,No
6386-LUJCP,Male,0,Yes,No,17,No,No phone service,Fiber optic,Yes,No,No,No,Yes,No,Two year,Yes,Electronic check,89.81,1540.22,No
6492-UTGVH,Female,0,No,Yes,21,Yes,Yes,No,No internet service,No internet service,No internet service,No internet service,No internet service,No internet service,Month-to-month,Yes,Mailed check,26.27,555.62,No
2586-KHPKY,Male,0,No,No,47,Yes,No,Fiber optic,No,No,No,No,Yes,No,Two year,Yes,Credit card (automatic),85.97,4048.84,No
4217-RVUAS,Female,1,Yes,Yes,18,Yes,No,Fiber optic,No,Yes,No,Yes,No,No,One year,No,Bank transfer (automatic),89.56,1636.93,No
5691-RQABO,Female,1,No,No,3,Yes,Yes,No,No internet service,No internet service,No internet service,No internet service,No internet service,No internet service,Month-to-month,Yes,Electronic check,22.43,63.6,No
7739-AKQDN,Male,1,Yes,Yes,4,Yes,Yes,DSL,No,Yes,Yes,Yes,No,No,One year,No,Electronic check,61.29,286.87,Yes
7876-PNFJN,Male,0,No,No,56,Yes,No,DSL,No,No,No,No,Yes,No,Two year,Yes,Credit card (automatic),59.53,3329.79,No
7783-HKSBM,Female,0,No,No,55,Yes,Yes,Fiber optic,No,No,Yes,Yes,No,Yes,Two year,Yes,Electronic check,97.66,5364.93,No
7198-OXUDK,Female,0,No,No,6,Yes,No,DSL,No,No,No,No,Yes,No,One year,Yes,Bank transfer (automatic),56.15,319.93,No
8178-MSBBM,Male,1,No,No,30,Yes,No,Fiber optic,No,No,Yes,Yes,No,No,Month-to-month,Yes,Credit card (automatic),89.89,2669.07,No
7855-BTSGE,Male,0,Yes,No,72,Yes,No,Fiber optic,Yes,No,No,Yes,Yes,Yes,Month-to-month,No,Electronic check,102.53,7378.82,No
2770-JDQXS,Male,0,No,No,18,Yes,Yes,Fiber optic,No,No,Yes,No,Yes,No,Two year,Yes,Electronic check,90.07,1620.14,Yes
3218-WOLXK,Male,1,No,No,58,Yes,No,No,No internet service,No internet service,No internet service,No internet service,No internet service,No internet service,Month-to-month,No,Electronic check,23.49,1362.33,No
4994-HQVNL,Male,1,No,No,57,Yes,Yes,DSL,No,No,No,Yes,Yes,No,Two year,No,Credit card (automatic),64.37,3668.19,No
5533-LZOXV,Female,0,Yes,No,17,No,No phone service,DSL,No,No,No,No,No,Yes,Month-to-month,No,Mailed check,52.12,891.08,Yes
1564-JTBIE,Male,0,Yes,Yes,8,Yes,Yes,Fiber optic,No,Yes,Yes,Yes,No,Yes,Month-to-month,Yes,Bank transfer (automatic),101.42,815.88,No
3424-WWLJG,Male,0,Yes,Yes,1,Yes,Yes,No,No internet service,No internet service,No internet service,No internet service,No internet service,No internet service,Two year,Yes,Bank transfer (automatic),25.03,15.94,No
3830-RBRNX,Male,0,Yes,No,57,No,No phone service,DSL,No,No,No,Yes,No,Yes,Two year,Yes,Electronic check,57.0,3240.68,No
9750-NZONZ,Female,0,Yes,No,10,Yes,No,Fiber optic,No,No,No,No,Yes,No,Two year,Yes,Mailed check,94.08,909.68,No
1809-PIJEY,Female,0,Yes,Yes,13,Yes,Yes,Fiber optic,Yes,No,No,No,No,Yes,One year,No,Bank transfer (automatic),95.41,1238.33,No
6909-QMAHT,Male,0,Yes,Yes,20,Yes,No,No,No internet service,No internet service,No internet service,No internet service,No internet service,No internet service,Month-to-month,Yes,Electronic check,28.29,578.26,No
6116-MXQOG,Male,0,Yes,No,9,Yes,No,Fiber optic,Yes,No,No,No,No,Yes,Month-to-month,No,Mailed check,90.16,785.19,Yes
8946-YELZY,Male,0,Yes,Yes,72,Yes,No,Fiber optic,No,No,No,No,Yes,Yes,One year,Yes,Credit card (automatic),92.42,6676.61,No
8237-BSVYU,Female,1,No,No,65,Yes,Yes,Fiber optic,No,No,No,No,No,No,Month-to-month,No,Electronic check,81.45,5270.7,Yes
6147-VVYDD,Male,0,Yes,No,17,Yes,Yes,Fiber optic,No,No,No,No,Yes,No,One year,Yes,Mailed check,86.38,1446.04,No
7474-WSPNG,Male,1,Yes,Yes,1,Yes,No,Fiber optic,No,Yes,No,Yes,Yes,Yes,Month-to-month,Yes,Credit card (automatic),106.59,77.76,Yes
4220-WNYVL,Female,0,No,No,55,Yes,No,Fiber optic,Yes,Yes,Yes,Yes,No,No,Month-to-month,Yes,Electronic check,92.07,5104.56,Yes
2125-PYPIO,Male,0,No,Yes,8,Yes,No,Fiber optic,Yes,Yes,Yes,No,No,No,Two year,No,Electronic check,88.07,689.61,No
7002-AQTTL,Female,0,No,No,9,Yes,No,DSL,No,No,No,Yes,Yes,Yes,Month-to-month,No,Credit card (automatic),65.77,584.23,No
8297-NBZIB,Male,0,No,No,17,Yes,Yes,Fiber optic,Yes,Yes,No,Yes,No,Yes,Two year,Yes,Mailed check,101.29,1728.74,No
6684-LBHRZ,Male,0,No,No,24,Yes,No,Fiber optic,Yes,No,Yes,No,No,No,Month-to-month,No,Credit card (automatic),90.08,2178.7,Yes
5835-EZBCV,Male,0,Yes,No,8,Yes,No,Fiber optic,No,Yes,No,No,No,No,Two year,No,Electronic check,84.68,672.38,No
1602-UXNNJ,Female,1,Yes,Yes,71,No,No phone service,DSL,No,No,No,Yes,No,No,One year,No,Mailed check,47.63,3388.5,No
2282-FQMTI,Female,0,Yes,No,46,Yes,No,Fiber optic,No,No,No,No,No,No,Month-to-month,Yes,Bank transfer (automatic),78.27,3575.29,No
6725-JSZAD,Male,0,Yes,Yes,38,No,No phone service,Fiber optic,No,No,Yes,Yes,No,No,One year,Yes,Electronic check,81.31,3087.18,No
6876-OPZNG,Male,0,Yes,Yes,72,Yes,No,DSL,No,No,No,No,No,Yes,Month-to-month,No,Mailed check,60.09,4303.42,No
6684-WRIRR,Male,0,No,No,67,Yes,No,DSL,No,No,Yes,Yes,No,Yes,Two year,Yes,Credit card (automatic),75.67,5060.52,No
2622-USGME,Female,0,No,No,8,Yes,Yes,Fiber optic,No,No,No,Yes,Yes,No,Month-to-month,No,Credit card (automatic),91.72,721.67,Yes
9604-VZJPQ,Male,0,Yes,Yes,5,Yes,No,DSL,Yes,Yes,No,Yes,Yes,Yes,Month-to-month,No,Bank transfer (automatic),73.42,381.93,No
1374-HUZSA,Female,0,Yes,Yes,65,Yes,No,No,No internet service,No internet service,No internet service,No internet service,No internet service,No internet service,Month-to-month,Yes,Credit card (automatic),22.28,1452.45,No
3975-MCELC,Male,0,Yes,No,4,Yes,Yes,Fiber optic,Yes,No,Yes,No,Yes,No,Month-to-month,No,Electronic check,104.58,368.32,Yes
1079-CVBIN,Female,0,Yes,Yes,35,No,No phone service,No,No internet service,No internet service,No internet service,No internet service,No internet service,No internet service,Month-to-month,Yes,Credit card (automatic),18.25,588.75,No
9576-HNHNI,Female,0,Yes,No,36,Yes,Yes,DSL,No,No,No,No,Yes,Yes,Two year,Yes,Electronic check,65.42,2376.12,No
1635-VARDV,Female,0,No,No,4,Yes,No,Fiber optic,No,Yes,No,No,Yes,No,Month-to-month,Yes,Electronic check,92.0,349.01,Yes
7089-VRMIN,Female,1,No,No,67,Yes,No,DSL,No,No,Yes,Yes,Yes,Yes,Two year,Yes,Electronic check,70.94,4763.25,No
1156-CVKGD,Male,0,Yes,No,26,Yes,No,Fiber optic,Yes,No,No,No,Yes,No,Month-to-month,No,Mailed check,95.04,2442.1,No
1990-ONVOV,Male,0,Yes,Yes,8,Yes,No,Fiber optic,No,Yes,Yes,No,No,Yes,Month-to-month,Yes,Mailed check,98.26,807.28,No
5922-HBLIY,Male,0,Yes,Yes,20,Yes,No,DSL,No,No,No,Yes,Yes,Yes,Month-to-month,Yes,Mailed check,69.84,1409.79,No
9140-DZIXT,Male,0,No,No,0,No,No phone service,Fiber optic,Yes,Yes,No,No,Yes,No,Month-to-month,No,Electronic check,89.59,33.35,No
7787-MEDTI,Female,0,No,No,6,Yes,Yes,No,No internet service,No internet service,No internet service,No internet service,No internet service,No internet service,Two year,Yes,Bank transfer (automatic),31.21,184.15,No
4487-AMPVT,Male,1,No,No,1,Yes,No,Fiber optic,Yes,No,Yes,Yes,No,No,Month-to-month,No,Bank transfer (automatic),94.69,66.29,Yes
7014-PRJVH,Female,0,Yes,Yes,59,Yes,No,No,No internet service,No internet service,No internet service,No internet service,No internet service,No internet service,Month-to-month,Yes,Bank transfer (automatic),24.86,1480.51,No
2841-JGXGC,Male,0,No,No,29,Yes,Yes,No,No internet service,No internet service,No internet service,No internet service,No internet service,No internet service,Month-to-month,No,Bank transfer (automatic),23.35,703.36,No
9462-ANMMG,Female,0,Yes,Yes,67,Yes,Yes,No,No internet service,No internet service,No internet service,No internet service,No internet service,No internet service,Two year,Yes,Bank transfer (automatic),26.59,1761.32,No
4142-BSKND,Male,0,No,No,41,Yes,Yes,Fiber optic,No,No,No,Yes,No,No,Two year,Yes,Credit card (automatic),84.32,3427.31,No
1590-PZVZB,Male,0,Yes,No,18,Yes,No,Fiber optic,No,No,Yes,Yes,No,No,Month-to-month,Yes,Credit card (automatic),91.71,1663.42,No
2385-BVTZL,Male,0,Yes,Yes,2,Yes,No,Fiber optic,No,Yes,No,No,Yes,No,Month-to-month,No,Credit card (automatic),95.4,195.18,Yes
9333-YDXGW,Female,0,No,No,70,Yes,No,Fiber optic,Yes,Yes,Yes,Yes,No,Yes,Month-to-month,No,Electronic check,104.01,7324.74,Yes
1035-NIYEU,Male,1,No,No,61,Yes,No,DSL,Yes,Yes,Yes,No,Yes,Yes,Month-to-month,No,Credit card (automatic),80.11,4892.54,No
8793-LFNEF,Female,0,Yes,No,25,Yes,No,No,No internet service,No internet service,No internet service,No internet service,No internet service,No internet service,Month-to-month,No,Electronic check,20.64,515.84,No
4021-TJCMP,Male,0,Yes,Yes,26,Yes,No,DSL,Yes,Yes,No,No,No,No,Month-to-month,Yes,Electronic check,54.71,1424.03,No
4534-QCWXH,Female,0,Yes,Yes,62,Yes,Yes,DSL,No,No,No,No,Yes,Yes,Two year,No,Credit card (automatic),62.91,3939.15,No
6379-HPXYA,Female,0,No,No,61,Yes,Yes,DSL,No,No,Yes,No,Yes,Yes,Month-to-month,Yes,Bank transfer (automatic),67.3,4092.87,No
9753-QUINO,Female,0,Yes,Yes,60,Yes,No,Fiber optic,No,No,No,No,No,Yes,Two year,Yes,Electronic check,86.61,5203.2,No
8413-NILCD,Male,1,No,No,24,Yes,No,No,No internet service,No internet service,No internet service,No internet service,No internet service,No internet service,One year,No,Mailed check,22.98,558.4,No
9626-FIBMU,Male,0,Yes,Yes,4,Yes,Yes,Fiber optic,No,Yes,No,No,No,No,One year,Yes,Electronic check,89.14,349.83,No
7240-ZIVOK,Female,0,Yes,Yes,59,Yes,No,DSL,No,No,No,No,Yes,Yes,Month-to-month,No,Mailed check,60.42,3548.98,No
9712-KQZPU,Female,0,Yes,No,11,Yes,Yes,No,No internet service,No internet service,No internet service,No internet service,No internet service,No internet service,Month-to-month,Yes,Credit card (automatic),24.08,266.61,No
3363-UPTTH,Female,0,Yes,No,4,Yes,Yes,Fiber optic,No,Yes,No,No,No,No,Two year,Yes,Bank transfer (automatic),91.18,372.98,No
2417-AHQZL,Male,0,No,Yes,3,Yes,No,Fiber optic,Yes,No,No,No,No,No,Month-to-month,Yes,Credit card (automatic),87.57,289.36,No
4985-RUHFM,Female,0,Yes,Yes,27,Yes,Yes,Fiber optic,No,No,No,Yes,No,No,Month-to-month,No,Electronic check,86.63,2364.39,Yes
5782-TRFWK,Female,0,No,No,22,Yes,No,Fiber optic,No,No,No,No,Yes,Yes,One year,No,Electronic check,95.52,2137.08,Yes
1286-ZUATS,Female,1,No,No,60,Yes,Yes,Fiber optic,No,No,No,No,Yes,No,Month-to-month,Yes,Credit card (automatic),88.1,5310.91,Yes
2591-RMBAC,Male,0,No,No,6,Yes,No,Fiber optic,No,No,Yes,Yes,Yes,No,Two year,Yes,Electronic check,102.14,620.76,No
8202-XTURA,Male,0,Yes,Yes,16,Yes,No,Fiber optic,No,No,Yes,No,No,Yes,Two year,Yes,Credit card (automatic),90.06,1447.04,Yes
1109-JUDYA,Female,0,Yes,No,1,Yes,Yes,Fiber optic,No,Yes,No,No,No,No,Month-to-month,Yes,Credit card (automatic),86.38,61.48,Yes
6014-WXQBS,Female,0,Yes,Yes,60,No,No phone service,Fiber optic,Yes,Yes,No,No,No,No,Month-to-month,Yes,Bank transfer (automatic),84.55,5082.44,No
7785-ZPQUP,Male,0,Yes,Yes,55,No,No phone service,No,No internet service,No internet service,No internet service,No internet service,No internet service,No internet service,Two year,Yes,Electronic check,18.27,1007.54,No
5185-VRFDU,Male,1,Yes,Yes,29,Yes,Yes,Fiber optic,Yes,No,Yes,No,Yes,Yes,Month-to-month,No,Electronic check,107.74,3150.77,No
4166-BIMOP,Male,0,No,Yes,71,Yes,No,DSL,No,No,No,No,No,No,One year,Yes,Bank transfer (automatic),51.42,3653.0,No
1800-CBYTS,Male,0,No,No,37,Yes,No,Fiber optic,No,No,No,No,No,Yes,Month-to-month,Yes,Electronic check,97.45,3564.99,Yes
2810-DTDFM,Male,1,Yes,No,11,Yes,Yes,Fiber optic,No,No,No,No,No,No,Two year,Yes,Electronic check,81.4,907.03,Yes
7851-KTACN,Male,0,No,Yes,30,No,No phone service,Fiber optic,Yes,No,No,Yes,No,Yes,Two year,Yes,Mailed check,86.05,2542.3,No
6723-ICUXJ,Female,0,Yes,Yes,47,Yes,No,Fiber optic,No,No,Yes,No,No,No,Two year,No,Electronic check,89.65,4200.89,No
4300-BCWAZ,Female,0,No,No,58,Yes,No,Fiber optic,Yes,No,No,No,Yes,Yes,Month-to-month,Yes,Bank transfer (automatic),102.43,5948.51,No
6494-YNDWD,Male,0,Yes,Yes,72,No,No phone service,Fiber optic,No,No,Yes,No,Yes,No,One year,No,Electronic check,88.55,6404.67,No
3547-PAUUM,Female,0,Yes,Yes,72,Yes,No,DSL,No,No,Yes,No,Yes,No,Month-to-month,Yes,Electronic check,70.24,5074.59,No
2142-CREGB,Female,0,No,No,68,Yes,No,No,No internet service,No internet service,No internet service,No internet service,No internet service,No internet service,Two year,Yes,Bank transfer (automatic),24.49,1647.33,No
2077-OPLYH,Female,1,Yes,Yes,24,Yes,No,Fiber optic,No,Yes,No,No,No,No,One year,Yes,Credit card (automatic),82.14,1953.33,Yes
6288-CBDTS,Male,0,Yes,No,53,No,No phone service,DSL,No,No,Yes,No,No,Yes,Two year,Yes,Credit card (automatic),52.09,2755.06,No
7389-ODVNC,Male,0,Yes,Yes,28,Yes,No,Fiber optic,No,No,No,No,No,No,Month-to-month,Yes,Mailed check,83.92,2344.67,No
4268-AMEVP,Male,0,Yes,Yes,27,No,No phone service,No,No internet service,No internet service,No internet service,No internet service,No internet service,No internet service,Month-to-month,Yes,Electronic check,19.29,527.98,No
6846-YGCLX,Male,0,No,No,21,Yes,No,Fiber optic,Yes,Yes,Yes,No,Yes,No,One year,No,Mailed check,102.7,2158.22,No
5339-HYFCZ,Male,0,No,No,7,Yes,Yes,Fiber optic,No,No,No,Yes,No,No,Month-to-month,No,Credit card (automatic),85.19,582.02,No
4264-LDREQ,Female,0,Yes,No,8,No,No phone service,Fiber optic,Yes,Yes,No,No,No,No,Month-to-month,Yes,Electronic check,80.78,646.71,Yes
8759-EBONA,Female,0,Yes,Yes,71,Yes,No,Fiber optic,No,Yes,No,No,Yes,No,Two year,Yes,Mailed check,100.02,7151.42,No
8569-QBIIO,Male,0,No,No,14,No,No phone service,Fiber optic,No,No,Yes,No,No,No,Month-to-month,No,Mailed check,76.51,1108.8,Yes
7553-AWDHJ,Female,0,Yes,Yes,16,Yes,No,No,No internet service,No internet service,No internet service,No internet service,No internet service,No internet service,Two year,Yes,Electronic check,22.68,358.78,No
8563-FAFLM,Female,0,No,No,21,No,No phone service,Fiber optic,No,No,Yes,No,No,No,Month-to-month,Yes,Credit card (automatic),76.69,1632.53,Yes
3424-ZIRCG,Female,0,No,Yes,55,No,No phone service,Fiber optic,No,Yes,No,No,Yes,No,Month-to-month,Yes,Credit card (automatic),83.19,4556.96,Yes
5837-XEKKG,Male,0,Yes,No,69,Yes,No,Fiber optic,No,Yes,Yes,Yes,Yes,Yes,Month-to-month,Yes,Electronic check,105.08,7237.94,Yes
2476-LRNPL,Female,0,No,No,55,Yes,No,Fiber optic,Yes,No,No,No,No,Yes,Month-to-month,Yes,Electronic check,83.2,4608.36,No
9454-RHLSJ,Female,0,No,No,20,Yes,Yes,No,No internet service,No internet service,No internet service,No internet service,No internet service,No internet service,Two year,Yes,Electronic check,22.38,420.47,No
8230-WHTSJ,Male,0,Yes,No,33,Yes,No,Fiber optic,No,No,No,Yes,No,No,Month-to-month,Yes,Mailed check,82.0,2716.25,No
7355-OFWVK,Male,0,Yes,Yes,45,Yes,No,Fiber optic,No,No,No,No,No,No,One year,Yes,Electronic check,77.97,3492.59,No
6575-BEQNB,Male,1,Yes,No,32,Yes,No,No,No internet service,No internet service,No internet service,No internet service,No internet service,No internet service,Month-to-month,No,Electronic check,28.17,905.7,Yes
5608-UZUKY,Female,0,Yes,Yes,46,Yes,Yes,Fiber optic,No,Yes,No,No,Yes,Yes,One year,Yes,Electronic check,104.27,4796.18,No
9905-GTROB,Female,1,Yes,Yes,2,Yes,Yes,DSL,No,No,No,No,No,Yes,Month-to-month,No,Electronic check,59.18,138.01,No
8407-PEVSG,Female,0,Yes,No,11,Yes,No,DSL,No,Yes,No,No,No,No,Month-to-month,No,Electronic check,48.79,508.05,Yes
2410-JLBRR,Female,1,No,No,25,Yes,No,DSL,No,Yes,No,No,No,No,One year,No,Bank transfer (automatic),53.26,1339.69,No
7471-FURLU,Male,0,No,No,4,No,No phone service,DSL,Yes,No,No,No,No,Yes,Month-to-month,No,Credit card (automatic),58.48,235.28,No
8576-OIGCP,Female,0,Yes,Yes,10,Yes,Yes,Fiber optic,Yes,Yes,Yes,No,No,Yes,Month-to-month,Yes,Mailed check,105.28,1085.98,Yes
1004-TTHNC,Female,0,Yes,Yes,16,Yes,No,DSL,No,Yes,No,Yes,No,No,One year,Yes,Bank transfer (automatic),57.9,942.7,No
1941-XMJCY,Male,0,Yes,Yes,30,Yes,No,No,No internet service,No internet service,No internet service,No internet service,No internet service,No internet service,One year,Yes,Electronic check,26.42,814.79,No
9910-ZKPFJ,Female,0,No,No,17,Yes,Yes,No,No internet service,No internet service,No internet service,No internet service,No internet service,No internet service,Month-to-month,Yes,Mailed check,29.65,532.3,Yes
6673-DTLET,Male,0,Yes,Yes,7,Yes,No,No,No internet service,No internet service,No internet service,No internet service,No internet service,No internet service,Month-to-month,No,Bank transfer (automatic),24.85,175.5,Yes
2438-DFQFO,Male,0,Yes,No,72,Yes,Yes,Fiber optic,Yes,Yes,Yes,No,Yes,Yes,Two year,Yes,Credit card (automatic),106.57,7647.56,No
7251-TWJRQ,Male,0,No,No,62,Yes,No,No,No internet service,No internet service,No internet service,No internet service,No internet service,No internet service,One year,No,Electronic check,29.41,1819.78,No
5248-PXNWG,Female,0,No,No,57,Yes,Yes,DSL,No,Yes,No,No,No,No,Two year,Yes,Bank transfer (automatic),49.2,2797.24,No
7871-LJYFZ,Female,0,Yes,Yes,14,Yes,No,Fiber optic,No,No,No,Yes,No,No,One year,No,Credit card (automatic),84.89,1202.05,No
6896-XSFZH,Female,0,Yes,Yes,49,Yes,No,DSL,No,No,No,No,No,No,Month-to-month,Yes,Electronic check,47.03,2342.1,No
6913-DCRMV,Female,0,No,No,27,Yes,No,DSL,No,No,No,No,Yes,Yes,Month-to-month,No,Electronic check,66.23,1769.44,No
8585-PZWWM,Female,1,Yes,Yes,2,Yes,No,DSL,No,No,No,No,Yes,Yes,Month-to-month,No,Bank transfer (automatic),69.08,115.17,Yes
9897-WEEGK,Male,0,No,No,5,Yes,No,DSL,No,Yes,No,No,Yes,No,Month-to-month,Yes,Credit card (automatic),64.62,274.67,Yes
2513-JKOUL,Female,0,No,No,4,Yes,Yes,No,No internet service,No internet service,No internet service,No internet service,No internet service,No internet service,Month-to-month,Yes,Mailed check,23.45,113.15,Yes
6191-VMDRD,Female,0,Yes,No,70,Yes,No,Fiber optic,No,No,Yes,Yes,No,No,Month-to-month,Yes,Credit card (automatic),92.82,6495.66,No
2347-MXLRZ,Female,0,No,No,10,Yes,No,No,No internet service,No internet service,No internet service,No internet service,No internet service,No internet service,One year,Yes,Electronic check,31.02,314.7,No
9289-KNZKI,Male,0,No,Yes,26,Yes,Yes,Fiber optic,No,Yes,No,No,No,Yes,Month-to-month,Yes,Credit card (automatic),91.7,2360.87,No
8699-QSJPQ,Female,0,No,No,62,Yes,Yes,DSL,No,No,No,No,No,No,Month-to-month,Yes,Electronic check,53.65,3348.55,No
7148-UFKOL,Male,0,No,No,8,No,No phone service,Fiber optic,No,No,No,No,Yes,No,Two year,Yes,Electronic check,84.18,662.93,No
8199-WUUOV,Female,0,No,No,67,Yes,No,Fiber optic,No,No,Yes,No,No,No,Month-to-month,Yes,Mailed check,83.31,5590.54,No
4037-UUPQZ,Female,0,No,No,62,Yes,No,Fiber optic,Yes,Yes,Yes,No,No,No,One year,Yes,Credit card (automatic),100.92,6291.98,No
2414-RNRDK,Male,0,No,Yes,59,Yes,Yes,Fiber optic,No,No,Yes,No,No,Yes,One year,Yes,Bank transfer (automatic),95.65,5675.27,No
5175-DZKVS,Male,0,Yes,Yes,45,Yes,No,Fiber optic,No,No,Yes,No,No,No,Month-to-month,Yes,Bank transfer (automatic),89.83,4025.8,Yes
2286-WSXKT,Female,0,Yes,Yes,4,Yes,Yes,DSL,No,Yes,Yes,Yes,No,No,Month-to-month,Yes,Mailed check,57.91,232.61,No
7236-ZNKYN,Male,0,Yes,Yes,33,No,No phone service,DSL,No,No,Yes,Yes,Yes,Yes,One year,Yes,Credit card (automatic),65.81,2184.44,No
9153-ARACO,Female,1,No,No,66,Yes,Yes,DSL,No,No,Yes,No,Yes,No,One year,Yes,Mailed check,69.87,4630.2,No
1141-ZGDBQ,Female,0,Yes,Yes,33,Yes,No,Fiber optic,No,No,No,No,No,No,One year,No,Electronic check,82.71,2731.37,Yes
2519-JZGPC,Female,0,Yes,No,72,Yes,Yes,Fiber optic,No,No,Yes,No,No,Yes,Two year,Yes,Mailed check,89.22,6449.46,No
8168-RAWMM,Male,0,No,No,3,Yes,No,Fiber optic,No,Yes,No,Yes,Yes,No,One year,Yes,Mailed check,101.44,318.76,No
4394-JJTEX,Female,0,Yes,No,72,Yes,No,No,No internet service,No internet service,No internet service,No internet service,No internet service,No internet service,Month-to-month,No,Mailed check,20.65,1499.72,No
2977-LEWJN,Male,0,No,No,24,Yes,No,Fiber optic,No,No,No,No,No,Yes,One year,Yes,Electronic check,85.24,2022.36,Yes
3639-EQGBA,Female,0,No,No,43,Yes,Yes,DSL,Yes,Yes,No,No,No,No,One year,No,Electronic check,66.92,2871.68,No
4902-BEUPN,Male,0,No,No,11,Yes,No,No,No internet service,No internet service,No internet service,No internet service,No internet service,No internet service,Month-to-month,No,Bank transfer (automatic),21.75,257.68,No
7095-FZSVO,Male,1,Yes,No,65,Yes,No,Fiber optic,No,No,No,Yes,No,No,One year,Yes,Bank transfer (automatic),92.98,6035.29,No
5085-STGYM,Female,0,Yes,No,71,Yes,No,DSL,Yes,Yes,No,No,No,No,Month-to-month,No,Electronic check,63.24,4460.75,No
2868-KTHEB,Female,0,No,No,19,Yes,No,DSL,Yes,No,Yes,No,No,No,One year,Yes,Mailed check,59.59,1142.91,No
5159-UEGOC,Male,0,Yes,Yes,39,Yes,No,DSL,No,No,No,No,Yes,Yes,One year,Yes,Bank transfer (automatic),62.83,2432.97,No
1461-MZDUK,Female,0,No,No,72,Yes,No,DSL,No,Yes,No,No,No,No,Month-to-month,No,Electronic check,59.08,4253.99,No
2637-VMGUQ,Male,0,No,No,63,Yes,Yes,No,No internet service,No internet service,No internet service,No internet service,No internet service,No internet service,Month-to-month,Yes,Bank transfer (automatic),23.62,1510.82,No
6154-LIWGU,Female,0,Yes,No,3,No,No phone service,DSL,Yes,Yes,No,No,No,No,Month-to-month,No,Electronic check,52.9,146.12,Yes
8108-IEQDZ,Female,0,Yes,Yes,30,Yes,No,Fiber optic,Yes,No,No,Yes,Yes,No,Month-to-month,Yes,Bank transfer (automatic),97.46,2911.74,Yes
4864-DKERK,Female,1,No,No,1,Yes,Yes,Fiber optic,No,Yes,Yes,Yes,No,No,One year,Yes,Mailed check,92.65,130.84,No
9384-IOEDP,Female,0,No,No,34,No,No phone service,Fiber optic,Yes,No,Yes,No,No,Yes,Two year,No,Electronic check,87.91,2984.31,No
1710-PDWII,Male,0,No,No,16,No,No phone service,Fiber optic,No,Yes,No,No,No,Yes,Month-to-month,No,Bank transfer (automatic),81.78,1312.74,Yes
1097-PTGTX,Female,0,No,No,7,Yes,No,DSL,No,No,Yes,No,No,No,Month-to-month,Yes,Bank transfer (automatic),55.23,375.23,Yes
4301-DXTUK,Female,0,Yes,No,1,Yes,No,No,No internet service,No internet service,No internet service,No internet service,No internet service,No internet service,One year,No,Bank transfer (automatic),23.21,0.0,No
2796-XXDMV,Female,1,No,No,32,Yes,Yes,Fiber optic,No,No,Yes,Yes,Yes,No,Month-to-month,Yes,Electronic check,90.27,2906.66,No
6616-QTGKS,Male,1,Yes,No,1,Yes,Yes,DSL,No,No,Yes,Yes,No,No,Month-to-month,Yes,Electronic check,57.34,53.72,Yes
2131-DHUEU,Male,0,No,Yes,28,Yes,Yes,DSL,No,No,No,No,No,No,Month-to-month,No,Electronic check,44.01,1241.26,No
7674-QFEKU,Male,0,Yes,No,3,Yes,Yes,DSL,Yes,No,No,No,Yes,No,Month-to-month,No,Electronic check,67.72,244.72,No
7301-YCGEN,Female,0,Yes,No,14,Yes,No,No,No internet service,No internet service,No internet service,No internet service,No internet service,No internet service,Two year,No,Bank transfer (automatic),24.13,338.46,Yes
9457-YLOQO,Male,0,Yes,Yes,29,Yes,No,Fiber optic,Yes,Yes,No,No,Yes,No,Month-to-month,No,Credit card (automatic),101.07,2911.98,No
6808-UUYVW,Female,0,No,No,33,Yes,Yes,DSL,No,Yes,No,No,Yes,Yes,Month-to-month,Yes,Credit card (automatic),72.47,2379.41,Yes
9987-IGBKI,Male,0,No,Yes,2,Yes,No,No,No internet service,No internet service,No internet service,No internet service,No internet service,No internet service,Month-to-month,Yes,Bank transfer (automatic),27.93,94.17,No
4862-TIAXE,Female,0,No,No,3,Yes,No,DSL,No,Yes,No,No,No,Yes,Two year,No,Bank transfer (automatic),58.8,169.73,No
9228-GQSJD,Male,0,No,No,7,Yes,Yes,Fiber optic,Yes,Yes,No,Yes,No,No,Month-to-month,No,Bank transfer (automatic),95.27,678.6,Yes
2892-SUUSY,Male,0,No,Yes,12,Yes,No,DSL,No,No,Yes,No,No,Yes,One year,Yes,Electronic check,65.25,781.98,Yes
2196-XCVON,Male,0,No,No,4,Yes,Yes,DSL,Yes,Yes,No,No,No,No,Two year,Yes,Electronic check,58.48,237.29,No
7566-QNOQE,Female,0,No,No,1,Yes,Yes,DSL,No,No,No,Yes,No,No,Month-to-month,Yes,Credit card (automatic),55.49,84.81,Yes
4030-PQGZJ,Male,0,Yes,No,1,Yes,Yes,Fiber optic,No,No,No,No,No,Yes,One year,Yes,Bank transfer (automatic),90.49,113.6,Yes
6618-AMXAX,Female,0,No,No,16,Yes,Yes,Fiber optic,No,No,No,No,No,Yes,Month-to-month,Yes,Mailed check,88.15,1411.48,Yes
5060-USCIM,Female,1,No,No,67,Yes,Yes,No,No internet service,No internet service,No internet service,No internet service,No internet service,No internet service,Month-to-month,Yes,Mailed check,33.81,2268.05,No
7244-RMNTA,Male,0,No,No,72,No,No phone service,DSL,Yes,Yes,No,No,No,Yes,Month-to-month,Yes,Electronic check,57.92,4151.38,No
6295-TLOCO,Female,1,No,Yes,1,Yes,Yes,DSL,No,No,No,No,No,No,Month-to-month,No,Bank transfer (automatic),51.2,15.11,Yes
1446-BPJQV,Female,0,Yes,No,40,Yes,No,DSL,No,No,No,No,No,Yes,Month-to-month,No,Bank transfer (automatic),60.88,2425.75,No
1625-LFMVL,Male,0,No,No,36,Yes,No,No,No internet service,No internet service,No internet service,No internet service,No internet service,No internet service,One year,Yes,Electronic check,23.1,828.36,No
7705-WSILM,Female,0,Yes,No,4,Yes,No,No,No internet service,No internet service,No internet service,No internet service,No internet service,No internet service,Two year,Yes,Mailed check,28.74,110.16,No
3223-RVGAB,Male,0,No,No,11,Yes,Yes,No,No internet service,No internet service,No internet service,No internet service,No internet service,No internet service,Month-to-month,No,Electronic check,24.28,225.92,No
9423-AYBAK,Female,0,No,No,72,Yes,Yes,Fiber optic,No,Yes,No,Yes,Yes,No,Month-to-month,No,Electronic check,96.58,6949.53,Yes
9705-OFQMQ,Male,0,Yes,Yes,72,Yes,No,DSL,No,No,No,Yes,No,Yes,Month-to-month,No,Mailed check,67.75,4904.83,No
9872-OXJYM,Male,0,Yes,Yes,45,No,No phone service,DSL,Yes,Yes,No,No,No,No,Two year,Yes,Bank transfer (automatic),51.74,2330.7,No
1386-RDNLP,Male,0,No,No,55,Yes,Yes,DSL,Yes,No,Yes,No,Yes,Yes,Month-to-month,No,Mailed check,78.16,4269.7,No
2849-GTAVK,Male,0,No,Yes,18,Yes,No,DSL,Yes,No,No,No,No,No,Two year,Yes,Mailed check,57.08,1021.55,No
2109-ALFAA,Female,0,No,No,44,Yes,Yes,Fiber optic,No,No,No,No,No,No,Two year,Yes,Mailed check,78.73,3460.16,No
3533-VRCLX,Female,0,Yes,Yes,14,Yes,No,Fiber optic,No,No,Yes,No,No,No,Two year,Yes,Mailed check,81.06,1111.31,No
6740-ABCOC,Male,0,No,No,10,Yes,No,No,No internet service,No internet service,No internet service,No internet service,No internet service,No internet service,Two year,Yes,Electronic check,26.22,226.12,No
5721-DGVJZ,Male,0,No,No,9,Yes,Yes,Fiber optic,Yes,No,Yes,No,No,No,One year,Yes,Mailed check,87.9,799.52,Yes
4254-FDVUD,Male,1,No,No,8,Yes,Yes,Fiber optic,No,Yes,No,No,Yes,Yes,Two year,Yes,Credit card (automatic),96.03,771.13,Yes
7996-ZURSS,Female,0,Yes,Yes,60,Yes,Yes,No,No internet service,No internet service,No internet service,No internet service,No internet service,No internet service,Two year,Yes,Credit card (automatic),23.8,1404.96,No
3732-HWPYR,Female,0,Yes,Yes,21,No,No phone service,DSL,No,No,Yes,No,Yes,Yes,Month-to-month,No,Electronic check,65.42,1397.9,No
9519-JKMGC,Male,1,No,No,5,Yes,No,Fiber optic,No,No,Yes,No,Yes,Yes,Two year,Yes,Credit card (automatic),99.77,523.12,No
8753-YZBUA,Female,0,Yes,Yes,8,Yes,Yes,No,No internet service,No internet service,No internet service,No internet service,No internet service,No internet service,Month-to-month,No,Credit card (automatic),26.69,208.83,Yes
4122-QCBIV,Male,0,Yes,No,11,Yes,Yes,No,No internet service,No internet service,No internet service,No internet service,No internet service,No internet service,Month-to-month,Yes,Mailed check,26.22,281.66,No
8233-RPQSH,Female,1,No,No,6,Yes,Yes,DSL,No,No,Yes,No,Yes,No,Month-to-month,No,Electronic check,65.17,428.81,No
7622-UXKHI,Male,1,No,No,22,Yes,Yes,Fiber optic,No,No,Yes,Yes,No,Yes,Month-to-month,Yes,Credit card (automatic),92.75,2069.38,Yes
9756-OUFTZ,Female,0,Yes,No,27,Yes,No,Fiber optic,No,Yes,Yes,No,No,Yes,One year,Yes,Bank transfer (automatic),93.6,2536.05,No
8019-TOQML,Female,0,No,Yes,2,Yes,Yes,No,No internet service,No internet service,No internet service,No internet service,No internet service,No internet service,Month-to-month,Yes,Bank transfer (automatic),22.57,64.07,Yes
9061-YBMEU,Male,0,Yes,Yes,17,Yes,Yes,Fiber optic,Yes,No,Yes,No,No,No,One year,Yes,Electronic check,86.24,1458.98,Yes
8509-ENOCP,Female,0,Yes,No,57,Yes,Yes,Fiber optic,No,No,Yes,No,No,No,Month-to-month,No,Electronic check,87.54,4985.35,Yes
6830-AJBDV,Female,1,Yes,Yes,12,Yes,Yes,DSL,No,Yes,No,Yes,Yes,No,Month-to-month,Yes,Electronic check,67.44,830.34,No
4235-EZUOD,Female,1,Yes,Yes,22,Yes,No,DSL,Yes,Yes,Yes,No,Yes,No,One year,No,Electronic check,70.62,1575.2,No
5306-OCOWD,Female,1,Yes,Yes,67,Yes,No,Fiber optic,Yes,No,No,No,No,No,Month-to-month,Yes,Bank transfer (automatic),85.76,5762.99,No
5238-JOVRE,Male,0,No,No,56,Yes,Yes,No,No internet service,No internet service,No internet service,No internet service,No internet service,No internet service,Month-to-month,No,Bank transfer (automatic),27.77,1547.26,Yes
1495-AOVBQ,Male,0,Yes,No,10,Yes,No,DSL,No,Yes,No,No,Yes,No,Month-to-month,Yes,Mailed check,59.05,592.94,No
8408-TQUAG,Female,0,Yes,No,70,Yes,Yes,No,No internet service,No internet service,No internet service,No internet service,No internet service,No internet service,Two year,No,Bank transfer (automatic),23.94,1709.1,No
6052-BVWZK,Male,0,No,No,2,Yes,No,Fiber optic,Yes,No,No,Yes,Yes,No,One year,No,Mailed check,101.92,197.33,No
1377-SNXWD,Male,0,Yes,No,13,Yes,No,DSL,Yes,No,No,No,No,No,One year,No,Mailed check,58.35,732.7,No
1790-BAHQC,Male,0,No,No,72,Yes,Yes,No,No internet service,No internet service,No internet service,No internet service,No internet service,No internet service,Two year,Yes,Mailed check,29.46,2120.64,No
4012-LPDHG,Female,0,Yes,No,54,Yes,Yes,Fiber optic,Yes,No,No,No,No,No,One year,No,Mailed check,89.69,4828.15,No
3973-HXTPC,Female,0,No,No,14,No,No phone service,No,No internet service,No internet service,No internet service,No internet service,No internet service,No internet service,One year,No,Electronic check,18.25,260.44,No
9587-HINRS,Female,0,No,No,19,Yes,No,Fiber optic,No,Yes,No,Yes,No,No,Month-to-month,Yes,Electronic check,86.75,1643.04,No
5292-AGCSF,Male,0,No,No,1,No,No phone service,Fiber optic,No,Yes,Yes,No,No,Yes,Month-to-month,Yes,Electronic check,94.24,119.28,Yes
7489-FHHTO,Male,0,Yes,Yes,72,Yes,Yes,No,No internet service,No internet service,No internet service,No internet service,No internet service,No internet service,Month-to-month,No,Electronic check,28.67,2094.39,No
9326-CESUT,Male,0,Yes,Yes,27,Yes,No,Fiber optic,No,Yes,No,No,No,No,One year,No,Mailed check,80.92,2166.43,No
9888-KMOKC,Male,0,Yes,Yes,15,Yes,No,DSL,No,No,No,No,No,No,Two year,Yes,Electronic check,46.94,692.97,No
5676-BYKDH,Male,0,Yes,Yes,13,Yes,No,Fiber optic,No,Yes,Yes,No,No,No,Two year,No,Credit card (automatic),89.92,1147.24,No
9455-TLYGN,Male,0,Yes,Yes,29,Yes,Yes,No,No internet service,No internet service,No internet service,No internet service,No internet service,No internet service,One year,No,Bank transfer (automatic),28.95,824.26,No
3508-WKSHD,Male,0,No,No,62,Yes,Yes,Fiber optic,No,No,No,No,No,No,Two year,Yes,Credit card (automatic),78.97,4900.21,No
6420-HPOLH,Male,0,No,No,8,Yes,Yes,Fiber optic,No,No,No,No,No,Yes,Month-to-month,No,Bank transfer (automatic),85.81,698.59,No
5116-PFOGK,Female,0,No,No,70,Yes,Yes,Fiber optic,No,No,No,No,Yes,No,One year,No,Electronic check,90.93,6376.19,No
4452-YUXBN,Male,0,Yes,Yes,19,Yes,Yes,DSL,Yes,No,Yes,No,Yes,No,One year,No,Mailed check,70.67,1365.72,No
4664-SKTNP,Male,0,No,No,72,Yes,Yes,DSL,Yes,No,No,No,No,No,Month-to-month,Yes,Electronic check,53.67,3857.53,No
3535-JRXFJ,Female,0,No,No,70,Yes,No,Fiber optic,No,No,No,No,Yes,No,Month-to-month,No,Bank transfer (automatic),88.21,6163.87,No
6915-QUZYO,Female,0,Yes,Yes,9,Yes,Yes,DSL,No,No,No,No,No,No,Month-to-month,No,Electronic check,51.67,465.48,No
8982-WCLYM,Male,0,No,No,22,Yes,No,DSL,Yes,No,Yes,No,Yes,Yes,Month-to-month,Yes,Bank transfer (automatic),82.8,1790.46,Yes
4794-RZFQU,Male,0,Yes,Yes,58,Yes,Yes,No,No internet service,No internet service,No internet service,No internet service,No internet service,No internet service,One year,No,Mailed check,26.82,1559.74,No
9600-FJCVB,Male,0,Yes,No,21,Yes,No,DSL,No,No,No,Yes,No,No,One year,No,Bank transfer (automatic),59.31,1241.53,No
5544-PTIGC,Male,0,No,No,0,Yes,No,DSL,No,No,No,No,No,Yes,One year,No,Mailed check,61.22,0.0,No
5939-HSZJK,Male,1,No,No,10,Yes,No,Fiber optic,No,No,No,No,No,Yes,Month-to-month,No,Mailed check,85.19,860.78,No
8829-XGBDC,Female,0,Yes,No,19,Yes,Yes,Fiber optic,No,No,No,No,No,Yes,Month-to-month,Yes,Credit card (automatic),86.16,1622.01,No
1152-SIOXV,Female,0,No,No,13,Yes,No,Fiber optic,No,Yes,No,No,Yes,Yes,Month-to-month,No,Mailed check,98.74,1302.79,No
4980-COGEH,Female,0,No,No,6,No,No phone service,DSL,No,No,No,No,No,Yes,Month-to-month,Yes,Mailed check,52.63,325.81,No
2249-UNHGG,Female,0,Yes,Yes,7,Yes,No,DSL,No,Yes,Yes,No,Yes,No,Month-to-month,No,Electronic check,66.72,464.06,Yes
1372-QCSUI,Male,0,Yes,Yes,59,Yes,No,DSL,Yes,No,Yes,No,Yes,No,Month-to-month,Yes,Electronic check,68.61,4050.67,Yes
4920-LWSUM,Male,0,No,No,13,Yes,Yes,Fiber optic,No,No,No,No,No,Yes,Month-to-month,Yes,Credit card (automatic),91.85,1170.42,Yes
8120-DNNNU,Female,0,No,No,38,Yes,No,Fiber optic,Yes,Yes,Yes,No,No,No,One year,No,Electronic check,90.25,3428.89,No
5412-VSLDF,Female,0,Yes,Yes,19,Yes,No,Fiber optic,Yes,Yes,No,No,Yes,Yes,One year,Yes,Credit card (automatic),101.6,1944.96,No
6290-MOZYS,Male,0,Yes,No,19,Yes,No,Fiber optic,No,No,No,No,No,No,Two year,Yes,Electronic check,80.24,1529.44,No
9885-INAJY,Female,0,No,Yes,0,Yes,No,DSL,Yes,Yes,No,No,No,No,Two year,No,Mailed check,59.12,0.0,No
6793-OOQXV,Male,0,No,No,36,Yes,Yes,DSL,No,No,Yes,No,No,Yes,One year,No,Mailed check,63.43,2293.57,No
2147-IZFUY,Male,0,No,No,25,Yes,Yes,Fiber optic,No,No,No,No,Yes,Yes,Month-to-month,No,Credit card (automatic),98.6,2428.19,No
6977-GDTXD,Female,0,No,No,56,Yes,No,DSL,No,Yes,Yes,Yes,No,No,Month-to-month,Yes,Bank transfer (automatic),64.42,3635.63,No
8265-FTYMR,Female,0,Yes,No,68,Yes,No,Fiber optic,No,No,No,No,Yes,Yes,One year,No,Electronic check,99.04,6736.29,No
7134-ISGQN,Female,0,No,No,1,Yes,No,No,No internet service,No internet service,No internet service,No internet service,No internet service,No internet service,One year,Yes,Mailed check,27.04,35.25,No
3911-EILMD,Male,0,No,Yes,72,Yes,No,DSL,No,Yes,No,Yes,Yes,No,One year,Yes,Electronic check,76.98,5558.43,No
4684-HGLGX,Male,1,Yes,No,61,Yes,No,No,No internet service,No internet service,No internet service,No internet service,No internet service,No internet service,Two year,Yes,Electronic check,30.03,1852.17,No
1106-ETFKY,Female,0,Yes,Yes,7,Yes,No,Fiber optic,No,No,No,No,Yes,Yes,Month-to-month,No,Electronic check,102.95,696.1,No
6096-RUDER,Female,0,No,No,12,Yes,Yes,Fiber optic,No,No,Yes,Yes,No,No,Two year,Yes,Credit card (automatic),86.35,1001.07,No
1195-BDTAU,Male,0,No,Yes,14,Yes,Yes,Fiber optic,No,No,No,Yes,No,No,Month-to-month,No,Electronic check,82.21,1126.95,No
6281-NFBOP,Female,0,Yes,Yes,63,Yes,No,No,No internet service,No internet service,No internet service,No internet service,No internet service,No internet service,Two year,Yes,Credit card (automatic),27.55,1698.82,No
5608-XBWCM,Female,0,Yes,Yes,9,Yes,No,Fiber optic,Yes,No,Yes,No,Yes,No,Month-to-month,No,Electronic check,99.26,871.32,Yes
5320-QJKNN,Female,0,No,No,69,Yes,Yes,Fiber optic,No,Yes,Yes,No,Yes,No,Month-to-month,Yes,Electronic check,93.57,6486.1,Yes
2435-ZPFFT,Female,1,No,No,10,Yes,No,Fiber optic,Yes,Yes,Yes,No,No,Yes,Month-to-month,No,Electronic check,103.89,1040.43,Yes
9430-SCWQN,Male,0,Yes,No,60,Yes,No,Fiber optic,No,No,No,Yes,No,No,Month-to-month,Yes,Electronic check,86.23,5194.29,No
3561-IKCOQ,Female,0,No,No,15,Yes,Yes,DSL,No,No,No,No,No,Yes,Month-to-month,Yes,Electronic check,61.06,908.88,No
8080-DVATX,Male,1,No,No,14,Yes,No,Fiber optic,No,No,No,Yes,Yes,No,Month-to-month,No,Credit card (automatic),93.38,1313.98,Yes
3324-ZIEBH,Female,0,No,No,17,Yes,No,No,No internet service,No internet service,No internet service,No internet service,No internet service,No internet service,One year,Yes,Mailed check,20.0,367.22,Yes
5455-KDZOP,Female,0,No,Yes,63,Yes,Yes,Fiber optic,Yes,No,No,Yes,No,Yes,Month-to-month,Yes,Bank transfer (automatic),99.35,6253.91,Yes
6814-PYZIA,Female,0,No,Yes,69,Yes,No,DSL,No,No,No,No,No,Yes,Two year,No,Bank transfer (automatic),59.31,4104.01,No
9158-STPEH,Female,0,Yes,Yes,12,Yes,Yes,DSL,Yes,Yes,Yes,No,Yes,No,Two year,Yes,Electronic check,72.73,861.37,No
3503-WLEZL,Male,1,Yes,No,17,Yes,No,No,No internet service,No internet service,No internet service,No internet service,No internet service,No internet service,Month-to-month,No,Credit card (automatic),23.94,448.5,No
8418-PJSGE,Male,0,No,No,19,Yes,No,Fiber optic,No,No,Yes,Yes,Yes,No,Month-to-month,Yes,Credit card (automatic),94.64,1792.57,Yes
6486-ZYACB,Male,0,No,Yes,22,Yes,No,No,No internet service,No internet service,No internet service,No internet service,No internet service,No internet service,Two year,No,Bank transfer (automatic),21.32,461.5,No
6072-QVRND,Male,0,Yes,No,19,Yes,Yes,Fiber optic,No,No,No,Yes,No,Yes,Month-to-month,No,Electronic check,91.93,1746.6,Yes
7472-BXESV,Female,0,No,No,11,Yes,No,Fiber optic,Yes,Yes,No,No,No,No,Two year,Yes,Bank transfer (automatic),88.0,1018.0,Yes
7508-FDFSK,Male,0,Yes,Yes,69,Yes,No,Fiber optic,No,No,No,Yes,Yes,No,One year,Yes,Electronic check,92.89,6414.05,No
3513-DJCVJ,Female,1,No,No,23,Yes,Yes,Fiber optic,No,No,No,No,No,No,One year,No,Electronic check,81.68,1881.8,No
4731-MQNDH,Female,0,No,No,56,Yes,No,No,No internet service,No internet service,No internet service,No internet service,No internet service,No internet service,Month-to-month,No,Electronic check,28.34,1583.53,No
9342-LRTUZ,Female,0,No,No,15,Yes,No,No,No internet service,No internet service,No internet service,No internet service,No internet service,No internet service,Two year,Yes,Electronic check,25.91,381.96,No
8632-QNRXB,Male,0,Yes,Yes,33,Yes,No,DSL,Yes,No,No,No,Yes,No,One year,Yes,Credit card (automatic),61.02,2062.12,No
3363-FEISF,Female,0,Yes,Yes,31,Yes,Yes,No,No internet service,No internet service,No internet service,No internet service,No internet service,No internet service,One year,No,Electronic check,25.33,780.09,No
5322-JQKIP,Male,0,Yes,No,14,Yes,Yes,No,No internet service,No internet service,No internet service,No internet service,No internet service,No internet service,Two year,Yes,Electronic check,26.22,367.02,Yes
6251-VSNPJ,Female,0,No,No,16,Yes,No,No,No internet service,No internet service,No internet service,No internet service,No internet service,No internet service,One year,Yes,Electronic check,25.21,379.12,No
1213-EMTEB,Female,0,Yes,Yes,72,Yes,No,DSL,No,Yes,Yes,Yes,No,Yes,Month-to-month,Yes,Electronic check,74.43,5368.74,No
8663-UUIBC,Male,0,No,No,8,Yes,No,Fiber optic,No,Yes,Yes,No,Yes,Yes,Two year,No,Credit card (automatic),110.2,905.28,Yes
3326-HDVKY,Female,0,No,Yes,68,Yes,Yes,Fiber optic,No,Yes,No,No,No,No,Two year,No,Electronic check,91.62,6217.61,No
3646-WPYJZ,Male,0,No,No,2,Yes,Yes,DSL,No,No,Yes,No,No,No,Month-to-month,Yes,Bank transfer (automatic),57.5,121.14,Yes
8872-TBJXR,Male,0,Yes,Yes,11,Yes,Yes,DSL,No,No,No,No,Yes,No,Month-to-month,No,Credit card (automatic),55.79,598.08,No
3520-DYVSU,Male,0,No,No,13,Yes,No,DSL,No,No,Yes,No,Yes,Yes,One year,Yes,Bank transfer (automatic),68.25,869.65,No
8763-YYMRU,Female,0,No,No,60,Yes,Yes,Fiber optic,Yes,No,No,No,No,Yes,Month-to-month,No,Bank transfer (automatic),92.11,5523.66,Yes
4564-WQEZY,Female,1,No,No,62,Yes,Yes,DSL,No,Yes,No,No,Yes,No,Month-to-month,No,Electronic check,68.43,4201.28,Yes
2993-IRKNP,Male,1,No,Yes,67,Yes,Yes,No,No internet service,No internet service,No internet service,No internet service,No internet service,No internet service,Month-to-month,Yes,Electronic check,23.61,1573.18,No
5344-YWSDO,Female,1,Yes,Yes,21,Yes,Yes,Fiber optic,Yes,Yes,Yes,No,No,Yes,One year,Yes,Mailed check,97.1,2035.9,No
1133-AJKSV,Female,0,Yes,No,8,Yes,No,Fiber optic,No,No,Yes,No,No,Yes,Month-to-month,Yes,Mailed check,94.68,742.27,Yes
9031-VKVYE,Female,1,No,No,36,Yes,Yes,DSL,No,No,No,Yes,Yes,No,Two year,Yes,Mailed check,65.02,2347.23,No
2142-EDQHN,Male,0,Yes,Yes,69,Yes,No,Fiber optic,No,No,No,No,No,No,Month-to-month,Yes,Mailed check,84.31,5790.11,No
5927-IZTJN,Female,0,Yes,Yes,27,Yes,Yes,Fiber optic,No,No,No,No,No,No,Month-to-month,Yes,Electronic check,78.01,2132.14,Yes
1197-YWAZQ,Female,0,Yes,Yes,66,Yes,Yes,No,No internet service,No internet service,No internet service,No internet service,No internet service,No internet service,Month-to-month,Yes,Electronic check,30.86,2079.95,No
1811-KQFLL,Female,1,No,Yes,49,Yes,No,DSL,Yes,No,Yes,Yes,No,No,Two year,Yes,Mailed check,62.75,3087.0,No
9657-OKHZU,Male,0,No,No,61,Yes,No,Fiber optic,No,Yes,No,Yes,No,Yes,Two year,Yes,Mailed check,90.52,5517.38,No
3623-THERS,Female,0,No,No,2,Yes,Yes,DSL,Yes,No,No,No,Yes,No,One year,Yes,Mailed check,67.91,153.7,No
9985-QZQWO,Female,1,Yes,Yes,18,No,No phone service,Fiber optic,No,No,No,Yes,No,No,Two year,No,Bank transfer (automatic),86.51,1555.38,No
6024-SDCIC,Female,0,Yes,No,39,Yes,Yes,Fiber optic,No,No,Yes,Yes,No,No,Month-to-month,Yes,Mailed check,91.87,3608.45,No
3052-IXCYJ,Female,0,No,No,60,Yes,Yes,Fiber optic,No,No,No,Yes,Yes,No,Month-to-month,Yes,Electronic check,94.05,5624.5,No
3960-FLRAO,Male,0,No,No,70,Yes,Yes,Fiber optic,No,No,Yes,No,No,No,Two year,No,Electronic check,87.37,6110.04,No
8793-YHGNT,Female,1,No,No,55,Yes,Yes,No,No internet service,No internet service,No internet service,No internet service,No internet service,No internet service,Month-to-month,Yes,Electronic check,28.05,1511.47,No
3423-UAMSL,Male,0,No,No,68,Yes,No,No,No internet service,No internet service,No internet service,No internet service,No internet service,No internet service,Month-to-month,No,Electronic check,25.66,1774.77,No
6824-JYRPG,Female,0,Yes,Yes,21,Yes,No,No,No internet service,No internet service,No internet service,No internet service,No internet service,No internet service,Month-to-month,Yes,Mailed check,23.22,473.49,No
6663-ZDBZU,Male,0,Yes,Yes,23,Yes,No,No,No internet service,No internet service,No internet service,No internet service,No internet service,No internet service,One year,Yes,Bank transfer (automatic),23.41,531.1,No
8909-HFDUE,Female,0,No,No,5,Yes,No,DSL,No,No,No,No,No,No,Month-to-month,No,Mailed check,49.14,214.46,Yes
2417-UKFYI,Male,0,No,No,1,Yes,Yes,Fiber optic,No,No,No,No,Yes,No,Month-to-month,Yes,Bank transfer (automatic),84.92,108.51,Yes
9711-RCAIJ,Female,0,Yes,No,3,Yes,Yes,Fiber optic,No,No,Yes,Yes,No,No,One year,Yes,Credit card (automatic),94.58,319.69,No
7062-IZPKT,Female,0,Yes,Yes,50,Yes,Yes,Fiber optic,No,No,Yes,No,Yes,No,Two year,No,Bank transfer (automatic),92.66,4622.33,No
6642-QKPAC,Male,0,No,No,47,Yes,No,Fiber optic,No,No,Yes,No,Yes,Yes,One year,Yes,Mailed check,98.09,4623.59,No
3794-JGMZS,Female,0,Yes,No,15,Yes,Yes,No,No internet service,No internet service,No internet service,No internet service,No internet service,No internet service,Two year,No,Mailed check,21.72,287.27,No
3221-PMHZX,Male,0,Yes,No,14,Yes,Yes,Fiber optic,No,Yes,Yes,No,No,Yes,One year,Yes,Bank transfer (automatic),95.78,1365.99,No
1793-YGGBS,Male,0,Yes,Yes,2,Yes,Yes,No,No internet service,No internet service,No internet service,No internet service,No internet service,No internet service,Two year,Yes,Bank transfer (automatic),26.6,3.2,No
7611-RAMHW,Female,1,Yes,No,1,Yes,No,Fiber optic,Yes,No,Yes,No,No,Yes,Month-to-month,No,Credit card (automatic),96.22,104.92,No
6044-ENZID,Female,0,No,No,28,No,No phone service,No,No internet service,No internet service,No internet service,No internet service,No internet service,No internet service,Month-to-month,Yes,Electronic check,21.17,593.21,Yes
9195-DLLVL,Female,0,No,No,3,Yes,No,No,No internet service,No internet service,No internet service,No internet service,No internet service,No internet service,Month-to-month,No,Credit card (automatic),29.24,88.51,Yes
2459-NKSFF,Male,0,Yes,Yes,48,Yes,No,DSL,No,No,Yes,No,Yes,No,Month-to-month,Yes,Mailed check,69.45,3333.36,No
9268-FAMEU,Male,0,No,No,30,Yes,No,Fiber optic,Yes,No,Yes,No,No,No,Month-to-month,Yes,Mailed check,89.79,2673.0,Yes
9817-FGIHK,Male,1,Yes,Yes,0,Yes,No,DSL,No,No,Yes,No,No,No,Month-to-month,No,Electronic check,51.67,30.78,No
2964-EHRLM,Female,0,Yes,Yes,2,Yes,Yes,Fiber optic,Yes,Yes,No,No,No,Yes,Month-to-month,Yes,Electronic check,94.51,198.06,Yes
3572-CLTHB,Female,0,No,No,13,Yes,No,DSL,No,No,Yes,No,No,No,Month-to-month,No,Bank transfer (automatic),60.69,738.97,No
4597-QOWET,Female,0,No,No,3,Yes,No,Fiber optic,No,No,No,Yes,No,Yes,Two year,No,Credit card (automatic),93.52,293.82,No
1329-JJWER,Female,0,Yes,Yes,36,Yes,No,DSL,Yes,Yes,Yes,No,No,No,Month-to-month,No,Electronic check,68.42,2459.8,No
1089-WAUVP,Female,0,No,No,15,Yes,Yes,DSL,No,No,Yes,No,No,No,Two year,Yes,Credit card (automatic),58.65,905.28,No
4867-AZNXL,Male,0,Yes,No,10,Yes,No,Fiber optic,No,No,Yes,No,No,No,Month-to-month,Yes,Credit card (automatic),91.31,915.51,Yes
1970-JDBVY,Female,0,No,Yes,55,No,No phone service,No,No internet service,No internet service,No internet service,No internet service,No internet service,No internet service,Two year,Yes,Electronic check,22.19,1223.94,No
5491-CVMNZ,Female,0,Yes,Yes,48,Yes,No,DSL,No,No,No,No,No,No,Month-to-month,Yes,Credit card (automatic),50.79,2436.73,No
4199-MIJQD,Male,0,Yes,No,63,Yes,No,DSL,Yes,Yes,Yes,No,No,No,Two year,No,Electronic check,67.01,4223.92,No
3904-DZFNT,Male,0,No,No,2,Yes,No,No,No internet service,No internet service,No internet service,No internet service,No internet service,No internet service,Month-to-month,Yes,Credit card (automatic),24.58,70.15,Yes
3682-DKKNU,Female,0,No,No,9,Yes,No,Fiber optic,No,Yes,Yes,Yes,No,Yes,Month-to-month,Yes,Credit card (automatic),101.99,908.62,Yes
5829-ARTXI,Female,1,No,No,37,Yes,Yes,Fiber optic,No,Yes,No,No,No,Yes,One year,No,Mailed check,96.22,3576.61,No
1687-EXLRH,Female,0,Yes,Yes,44,Yes,No,DSL,No,Yes,Yes,No,No,No,Month-to-month,No,Credit card (automatic),54.85,2425.65,No
6508-YHJPV,Male,0,Yes,Yes,20,Yes,Yes,Fiber optic,No,No,No,Yes,Yes,No,One year,Yes,Mailed check,96.88,1903.81,No
8369-AROAY,Male,0,No,No,71,Yes,No,Fiber optic,No,No,Yes,Yes,Yes,Yes,Month-to-month,No,Electronic check,103.31,7351.78,No
4385-CAOBB,Male,0,Yes,Yes,27,Yes,No,Fiber optic,No,Yes,No,No,Yes,Yes,Month-to-month,Yes,Bank transfer (automatic),96.51,2634.69,Yes
9301-MRLPI,Male,0,Yes,Yes,62,Yes,Yes,DSL,No,No,No,No,No,Yes,Month-to-month,Yes,Mailed check,54.58,3398.1,No
4833-PDZPK,Female,1,No,No,14,Yes,No,DSL,Yes,Yes,No,No,Yes,Yes,One year,No,Bank transfer (automatic),82.67,1115.66,Yes
6437-BUKPI,Male,0,Yes,Yes,21,Yes,Yes,DSL,Yes,Yes,No,No,No,No,Month-to-month,Yes,Electronic check,57.16,1150.36,No
6768-QIEHV,Female,0,No,No,19,Yes,No,No,No internet service,No internet service,No internet service,No internet service,No internet service,No internet service,One year,Yes,Mailed check,27.2,542.5,No
1563-NZBKE,Male,0,Yes,No,6,Yes,Yes,Fiber optic,Yes,Yes,Yes,No,No,No,Month-to-month,Yes,Credit card (automatic),89.09,567.59,Yes
7187-TEGTN,Male,0,Yes,No,14,Yes,Yes,DSL,Yes,No,No,No,No,Yes,Month-to-month,No,Mailed check,60.65,867.07,Yes
6316-MOFRI,Female,0,Yes,Yes,72,Yes,Yes,Fiber optic,No,Yes,Yes,No,Yes,No,Month-to-month,No,Mailed check,104.0,7538.0,No
1270-MURIK,Male,0,Yes,Yes,10,Yes,No,Fiber optic,No,Yes,No,No,No,Yes,Month-to-month,No,Credit card (automatic),97.21,1010.29,Yes
5328-ZJCXX,Male,0,No,No,69,Yes,No,DSL,Yes,Yes,No,Yes,No,No,Month-to-month,Yes,Bank transfer (automatic),66.64,4626.74,Yes
5554-VYSBT,Male,0,Yes,No,33,Yes,No,No,No internet service,No internet service,No internet service,No internet service,No internet service,No internet service,Month-to-month,No,Credit card (automatic),24.24,780.67,No
5929-HBRVM,Female,1,Yes,Yes,71,Yes,No,DSL,No,Yes,Yes,No,No,Yes,Month-to-month,Yes,Bank transfer (automatic),70.34,5021.75,No
6855-CRNWU,Female,0,Yes,Yes,59,Yes,No,No,No internet service,No internet service,No internet service,No internet service,No internet service,No internet service,Month-to-month,No,Bank transfer (automatic),25.92,1516.78,No
6723-ODGCF,Female,0,No,No,11,Yes,No,Fiber optic,No,No,No,No,Yes,Yes,Two year,Yes,Bank transfer (automatic),97.54,1080.79,No
4846-QXYZR,Female,0,No,No,8,Yes,No,DSL,Yes,Yes,No,No,No,Yes,Two year,No,Credit card (automatic),61.73,489.45,No
2399-PRNZJ,Female,0,No,No,43,No,No phone service,No,No internet service,No internet service,No internet service,No internet service,No internet service,No internet service,Month-to-month,Yes,Electronic check,18.25,795.94,No
6313-BQOGA,Female,0,No,No,19,Yes,No,Fiber optic,No,Yes,Yes,Yes,No,Yes,Month-to-month,Yes,Electronic check,102.23,1947.78,Yes
8163-XMWHR,Male,0,Yes,No,2,Yes,No,Fiber optic,No,No,Yes,No,No,No,Month-to-month,Yes,Mailed check,88.32,174.74,No
1239-IBBFO,Male,0,No,No,9,Yes,No,No,No internet service,No internet service,No internet service,No internet service,No internet service,No internet service,Two year,No,Mailed check,24.33,191.44,No
4604-FECDY,Male,0,Yes,Yes,72,Yes,No,No,No internet service,No internet service,No internet service,No internet service,No internet service,No internet service,One year,Yes,Credit card (automatic),24.43,1775.48,No
1605-ANLKO,Female,0,Yes,Yes,36,Yes,No,Fiber optic,No,Yes,Yes,No,Yes,No,One year,Yes,Electronic check,101.2,3653.7,No
8588-VBHKF,Male,0,Yes,Yes,12,Yes,No,DSL,Yes,Yes,No,No,Yes,No,Month-to-month,No,Bank transfer (automatic),71.73,858.31,Yes
7052-UYQPG,Male,0,No,No,72,Yes,No,DSL,No,Yes,Yes,Yes,No,No,Month-to-month,Yes,Electronic check,67.88,4872.51,No
2815-YGRKP,Female,0,Yes,Yes,71,Yes,No,Fiber optic,No,Yes,No,Yes,Yes,No,Month-to-month,Yes,Mailed check,99.86,7068.55,No
2860-EBKBS,Male,0,No,Yes,14,Yes,No,DSL,No,Yes,No,No,No,No,One year,Yes,Mailed check,57.79,818.65,No
7286-WHFOT,Female,0,Yes,Yes,17,No,No phone service,DSL,Yes,No,No,No,Yes,Yes,Month-to-month,Yes,Mailed check,63.32,1058.21,No
8697-LISAT,Female,0,Yes,Yes,64,No,No phone service,Fiber optic,Yes,No,No,No,Yes,Yes,Month-to-month,Yes,Electronic check,97.2,6207.63,No
6617-MYGNI,Male,0,Yes,Yes,59,Yes,Yes,No,No internet service,No internet service,No internet service,No internet service,No internet service,No internet service,Month-to-month,Yes,Electronic check,22.3,1305.87,No
6993-KCWOW,Male,0,Yes,Yes,15,Yes,Yes,No,No internet service,No internet service,No internet service,No internet service,No internet service,No internet service,Month-to-month,Yes,Electronic check,24.81,374.0,No
6401-PAQJQ,Male,0,No,Yes,72,Yes,No,DSL,No,Yes,No,Yes,No,Yes,Month-to-month,Yes,Credit card (automatic),67.44,4836.07,No
2150-CIWKY,Female,0,No,No,18,No,No phone service,DSL,No,No,No,No,No,No,Month-to-month,Yes,Mailed check,43.5,774.66,No
6156-WQHRO,Female,1,Yes,No,51,Yes,No,No,No internet service,No internet service,No internet service,No internet service,No internet service,No internet service,Month-to-month,Yes,Credit card (automatic),25.18,1271.36,No
3474-LVOLU,Male,1,Yes,No,69,No,No phone service,Fiber optic,No,No,Yes,No,Yes,Yes,Month-to-month,No,Mailed check,93.9,6487.06,No
8500-WSRXC,Male,0,No,Yes,4,Yes,Yes,No,No internet service,No internet service,No internet service,No internet service,No internet service,No internet service,Month-to-month,Yes,Bank transfer (automatic),30.26,111.77,No
3943-BNUEK,Female,0,Yes,Yes,3,Yes,Yes,No,No internet service,No internet service,No internet service,No internet service,No internet service,No internet service,One year,No,Electronic check,31.54,93.35,No
1830-HUGBB,Male,0,No,Yes,1,Yes,No,No,No internet service,No internet service,No internet service,No internet service,No internet service,No internet service,One year,No,Electronic check,19.28,28.24,No
1649-OJTYA,Male,1,Yes,No,18,Yes,Yes,DSL,Yes,No,Yes,No,Yes,No,Month-to-month,Yes,Mailed check,66.88,1188.1,Yes
8611-EHZQH,Female,0,No,No,64,Yes,No,No,No internet service,No internet service,No internet service,No internet service,No internet service,No internet service,Two year,No,Credit card (automatic),28.19,1804.37,No
7146-ZPBLA,Female,0,No,Yes,55,Yes,Yes,DSL,Yes,No,No,No,Yes,No,Two year,Yes,Credit card (automatic),55.72,3056.14,No
4496-EQMMF,Female,0,Yes,No,25,Yes,Yes,Fiber optic,No,No,Yes,No,No,No,Two year,No,Credit card (automatic),85.89,2144.69,No
5529-IZMUU,Female,0,Yes,No,35,Yes,No,DSL,Yes,No,No,No,Yes,No,One year,Yes,Mailed check,61.56,2118.44,No
8901-PHSVO,Female,0,Yes,Yes,19,Yes,No,Fiber optic,No,Yes,Yes,No,No,No,Month-to-month,No,Mailed check,86.53,1634.99,Yes
9546-XGKTL,Male,0,No,No,66,Yes,No,Fiber optic,No,Yes,Yes,Yes,No,No,Two year,No,Mailed check,91.51,6046.42,No
9422-ZXHGF,Male,0,Yes,No,54,Yes,No,Fiber optic,No,No,No,No,Yes,No,Month-to-month,Yes,Mailed check,89.57,4813.05,No
7289-VKNZI,Female,0,No,No,37,No,No phone service,DSL,No,Yes,No,No,Yes,No,Two year,No,Bank transfer (automatic),54.73,2042.64,No
9983-PQWAT,Male,0,Yes,No,11,Yes,Yes,No,No internet service,No internet service,No internet service,No internet service,No internet service,No internet service,Month-to-month,No,Electronic check,27.0,301.94,No
7563-NYCZP,Male,0,No,No,8,No,No phone service,DSL,No,No,Yes,No,No,No,Two year,No,Mailed check,50.24,387.89,No
8832-TPQMG,Male,0,Yes,No,64,Yes,No,Fiber optic,No,Yes,No,No,Yes,No,Two year,No,Mailed check,96.69,6184.91,No
3790-WYKZC,Male,0,No,No,72,Yes,Yes,Fiber optic,No,No,Yes,Yes,No,No,Two year,No,Mailed check,88.58,6400.22,No
3930-HSHLE,Female,1,No,No,22,Yes,No,No,No internet service,No internet service,No internet service,No internet service,No internet service,No internet service,Two year,Yes,Electronic check,28.9,638.18,No
6226-ZCTZC,Male,0,Yes,No,63,Yes,No,Fiber optic,No,No,Yes,No,Yes,Yes,Two year,No,Credit card (automatic),104.93,6644.46,No
4650-TGQGA,Female,0,Yes,Yes,45,Yes,No,No,No internet service,No internet service,No internet service,No internet service,No internet service,No internet service,One year,No,Credit card (automatic),26.01,1179.24,No
2781-PHQQX,Female,0,Yes,Yes,72,Yes,Yes,Fiber optic,No,Yes,Yes,No,Yes,Yes,Two year,Yes,Mailed check,104.99,7592.54,No
2696-OTSRT,Female,0,No,No,19,Yes,Yes,Fiber optic,No,No,Yes,Yes,No,No,Two year,No,Electronic check,83.16,1564.53,No
7144-PBQTD,Female,0,No,No,14,Yes,Yes,No,No internet service,No internet service,No internet service,No internet service,No internet service,No internet service,Month-to-month,Yes,Mailed check,19.32,267.25,No
9017-EQOCO,Female,0,No,No,40,Yes,Yes,DSL,Yes,Yes,No,No,Yes,No,Month-to-month,No,Mailed check,63.34,2517.71,No
9377-HXTCF,Male,0,Yes,Yes,65,Yes,No,Fiber optic,No,No,No,Yes,No,Yes,Month-to-month,No,Electronic check,96.34,6257.95,No
6256-SKTZA,Female,0,Yes,No,0,Yes,No,DSL,No,No,No,No,Yes,Yes,Month-to-month,No,Bank transfer (automatic),61.89,0.0,No
7834-CUKLX,Female,0,No,No,32,Yes,No,Fiber optic,No,No,Yes,No,Yes,No,Month-to-month,No,Mailed check,91.07,2952.43,Yes
8634-EXROU,Male,0,Yes,Yes,28,No,No phone service,Fiber optic,No,No,Yes,No,No,Yes,One year,No,Bank transfer (automatic),85.26,2437.28,No
4849-DZPUP,Male,0,No,Yes,64,Yes,Yes,Fiber optic,No,No,Yes,No,Yes,No,Month-to-month,Yes,Credit card (automatic),98.13,6260.2,No
1219-VBAAX,Male,0,No,No,9,Yes,No,No,No internet service,No internet service,No internet service,No internet service,No internet service,No internet service,Month-to-month,Yes,Bank transfer (automatic),25.26,221.5,No
8651-YVSHI,Female,0,No,Yes,16,Yes,Yes,Fiber optic,No,No,Yes,No,Yes,No,Month-to-month,Yes,Electronic check,93.96,1484.04,No
7241-DZQUE,Male,0,Yes,Yes,7,Yes,No,DSL,Yes,No,No,No,Yes,No,Two year,Yes,Bank transfer (automatic),63.3,427.86,No
8296-DOUPL,Female,0,Yes,Yes,11,Yes,No,No,No internet service,No internet service,No internet service,No internet service,No internet service,No internet service,One year,Yes,Bank transfer (automatic),20.23,255.68,No
2356-DGWWP,Female,0,No,No,23,Yes,Yes,No,No internet service,No internet service,No internet service,No internet service,No internet service,No internet service,Month-to-month,No,Electronic check,25.18,585.09,No
3980-PRHZB,Female,0,Yes,Yes,60,Yes,Yes,Fiber optic,No,No,No,No,No,No,Month-to-month,Yes,Electronic check,74.98,4522.3,No
5523-WXYCA,Female,0,No,No,8,Yes,Yes,Fiber optic,Yes,No,Yes,No,Yes,No,Month-to-month,No,Mailed check,98.94,813.23,No
3597-PRCRB,Female,0,Yes,No,69,Yes,No,DSL,No,No,No,Yes,Yes,No,Month-to-month,Yes,Credit card (automatic),61.17,4229.89,No
7861-YKZAX,Male,0,No,No,31,Yes,No,DSL,No,No,No,No,No,No,Month-to-month,Yes,Bank transfer (automatic),49.86,1535.71,Yes
4393-FAEZB,Male,0,No,No,63,Yes,Yes,No,No internet service,No internet service,No internet service,No internet service,No internet service,No internet service,Month-to-month,Yes,Electronic check,21.7,1377.77,No
8396-TQZCY,Female,0,Yes,No,72,No,No phone service,No,No internet service,No internet service,No internet service,No internet service,No internet service,No internet service,Two year,Yes,Electronic check,18.25,1305.54,No
1337-XTQJR,Male,0,Yes,Yes,23,Yes,No,Fiber optic,No,No,No,No,Yes,Yes,Two year,Yes,Mailed check,93.74,2182.2,No
4433-ECIEA,Female,0,No,No,69,No,No phone service,DSL,No,No,No,No,Yes,Yes,Month-to-month,No,Credit card (automatic),58.24,4028.56,No
7561-YDPKU,Female,0,Yes,Yes,10,Yes,Yes,No,No internet service,No internet service,No internet service,No internet service,No internet service,No internet service,Month-to-month,Yes,Electronic check,30.98,291.85,No
4229-NZSGN,Female,1,Yes,No,2,Yes,Yes,No,No internet service,No internet service,No internet service,No internet service,No internet service,No internet service,One year,No,Bank transfer (automatic),21.44,35.4,No
7645-AKWLK,Male,0,Yes,Yes,3,Yes,Yes,Fiber optic,Yes,No,Yes,No,No,Yes,One year,Yes,Credit card (automatic),94.24,273.65,No
7182-KQOLH,Male,0,Yes,No,21,Yes,No,No,No internet service,No internet service,No internet service,No internet service,No internet service,No internet service,Month-to-month,No,Electronic check,23.58,491.95,Yes
5859-MOCMS,Female,0,Yes,Yes,48,Yes,Yes,DSL,No,Yes,No,No,Yes,Yes,Month-to-month,Yes,Electronic check,74.94,3619.61,No
1483-VUPTB,Male,0,Yes,No,17,Yes,Yes,No,No internet service,No internet service,No internet service,No internet service,No internet service,No internet service,Month-to-month,Yes,Electronic check,27.31,421.76,No
7197-ZHBVX,Female,0,No,No,67,Yes,Yes,DSL,No,No,Yes,Yes,No,Yes,Month-to-month,No,Credit card (automatic),67.95,4559.94,No
1975-WBSPR,Male,0,Yes,Yes,52,Yes,Yes,No,No internet service,No internet service,No internet service,No internet service,No internet service,No internet service,Month-to-month,No,Bank transfer (automatic),29.47,1558.99,No
8866-FVMBK,Male,0,No,No,30,Yes,Yes,DSL,No,No,No,Yes,Yes,No,Two year,No,Electronic check,64.53,1896.0,Yes
8678-JEVPC,Female,0,Yes,Yes,67,Yes,No,DSL,Yes,Yes,Yes,No,Yes,No,Month-to-month,Yes,Mailed check,69.64,4670.85,No
1394-ZAFKK,Female,0,Yes,Yes,72,Yes,No,No,No internet service,No internet service,No internet service,No internet service,No internet service,No internet service,Month-to-month,No,Bank transfer (automatic),30.8,2167.6,No
8130-JAQGP,Male,0,Yes,Yes,66,Yes,Yes,Fiber optic,No,Yes,No,Yes,No,No,Month-to-month,No,Credit card (automatic),89.67,5886.08,Yes
8601-LXYQE,Female,1,No,No,59,Yes,No,No,No internet service,No internet service,No internet service,No internet service,No internet service,No internet service,One year,No,Electronic check,19.77,1169.45,No
7624-WKSSC,Male,0,Yes,No,0,Yes,No,Fiber optic,No,No,No,No,Yes,Yes,One year,No,Electronic check,97.27,0.0,Yes
1153-EBFVV,Male,0,Yes,No,72,Yes,No,Fiber optic,Yes,No,Yes,No,No,Yes,Month-to-month,No,Bank transfer (automatic),100.95,7270.94,Yes
5381-ONQGY,Female,1,Yes,Yes,13,Yes,No,DSL,No,No,No,No,No,Yes,Month-to-month,No,Mailed check,65.69,849.55,No
7302-KNSLV,Male,0,No,No,72,Yes,Yes,DSL,No,No,No,Yes,Yes,No,Month-to-month,Yes,Electronic check,64.25,4595.72,No
8474-HYDRD,Male,0,Yes,No,19,Yes,No,DSL,No,No,No,No,Yes,No,Month-to-month,Yes,Credit card (automatic),60.01,1180.28,Yes
6273-ROGTR,Male,0,No,No,44,Yes,No,DSL,Yes,Yes,No,No,Yes,No,Month-to-month,Yes,Credit card (automatic),66.22,2903.89,No
5558-KWVJI,Female,0,Yes,Yes,22,Yes,Yes,DSL,Yes,No,Yes,Yes,Yes,No,Two year,No,Credit card (automatic),82.81,1838.74,No
4878-TMNOE,Female,1,Yes,Yes,5,Yes,Yes,Fiber optic,Yes,Yes,Yes,No,Yes,No,Two year,Yes,Mailed check,97.6,487.18,Yes
9176-GAVMC,Female,0,Yes,Yes,3,Yes,Yes,No,No internet service,No internet service,No internet service,No internet service,No internet service,No internet service,Two year,No,Electronic check,23.72,74.13,No
2211-ZDTST,Male,0,Yes,Yes,39,Yes,Yes,DSL,No,No,No,Yes,No,No,One year,Yes,Mailed check,51.35,2015.22,No
7879-NOAHZ,Female,0,Yes,No,72,Yes,No,No,No internet service,No internet service,No internet service,No internet service,No internet service,No internet service,One year,Yes,Electronic check,18.25,1333.97,No
3293-SIGXR,Male,0,No,Yes,22,Yes,Yes,Fiber optic,No,No,No,No,Yes,Yes,Month-to-month,Yes,Credit card (automatic),95.07,2128.14,Yes
1521-IBAAF,Male,0,Yes,No,16,Yes,Yes,Fiber optic,Yes,Yes,No,No,No,Yes,One year,Yes,Mailed check,95.61,1536.3,No
2230-WBWWS,Female,0,Yes,Yes,5,Yes,No,Fiber optic,No,Yes,Yes,No,Yes,No,Month-to-month,No,Electronic check,97.91,507.14,Yes
8491-PZBZO,Male,0,Yes,No,2,Yes,Yes,DSL,No,Yes,Yes,Yes,No,No,One year,Yes,Bank transfer (automatic),61.84,134.65,No
7900-HMICI,Female,0,No,Yes,34,Yes,No,Fiber optic,Yes,No,No,No,No,No,Two year,Yes,Bank transfer (automatic),87.42,3019.42,No
4666-NZDNI,Female,1,No,No,72,Yes,Yes,Fiber optic,No,No,Yes,No,Yes,Yes,Month-to-month,Yes,Electronic check,99.45,7178.15,No
1173-VLYQG,Female,0,No,No,65,Yes,No,Fiber optic,No,Yes,No,No,Yes,Yes,Month-to-month,Yes,Credit card (automatic),94.95,6213.0,Yes
4673-FFUSP,Male,0,No,No,58,Yes,Yes,Fiber optic,Yes,No,Yes,No,Yes,No,Month-to-month,Yes,Bank transfer (automatic),93.95,5448.17,No
5296-YUTDE,Male,0,No,No,2,Yes,No,Fiber optic,Yes,No,No,No,No,Yes,One year,No,Electronic check,91.1,185.76,No
4731-INIXQ,Male,0,No,No,12,Yes,Yes,DSL,No,No,No,No,No,Yes,Month-to-month,No,Electronic check,55.36,687.58,Yes
1953-TSOPK,Female,1,No,No,45,Yes,Yes,DSL,No,No,No,No,No,Yes,Month-to-month,Yes,Mailed check,59.42,2715.37,Yes
4117-MIKDE,Female,0,Yes,No,19,Yes,Yes,Fiber optic,No,No,No,No,No,Yes,Month-to-month,No,Mailed check,89.2,1653.95,Yes
8601-XLEES,Male,0,No,No,2,Yes,No,Fiber optic,No,Yes,No,Yes,Yes,No,Month-to-month,No,Bank transfer (automatic),99.98,173.82,Yes
4198-FGPJI,Male,0,Yes,Yes,5,Yes,Yes,DSL,No,No,No,Yes,Yes,Yes,Two year,Yes,Electronic check,69.83,330.33,No
5662-TOYSS,Male,0,Yes,Yes,69,Yes,Yes,DSL,No,No,No,Yes,Yes,No,Month-to-month,No,Electronic check,63.81,4441.24,No
5117-KJHEK,Male,0,No,No,67,Yes,No,DSL,No,Yes,No,No,Yes,No,Two year,No,Electronic check,62.43,4147.44,No
3723-OAYLT,Female,0,Yes,Yes,18,Yes,Yes,Fiber optic,No,Yes,No,No,No,No,Month-to-month,Yes,Electronic check,82.57,1499.98,Yes
3984-HKFUN,Male,0,No,No,9,Yes,No,Fiber optic,Yes,No,Yes,No,No,No,Two year,Yes,Electronic check,93.83,825.65,No
6856-CYCWP,Male,0,Yes,No,28,Yes,Yes,DSL,Yes,Yes,No,Yes,No,No,Month-to-month,Yes,Mailed check,58.02,1596.19,No
9325-EDCGF,Male,0,No,No,60,Yes,No,DSL,No,No,No,Yes,No,No,Month-to-month,Yes,Credit card (automatic),56.17,3395.71,No
7729-PPDMP,Male,0,Yes,No,4,Yes,No,DSL,No,No,No,Yes,No,No,Month-to-month,Yes,Credit card (automatic),57.72,263.73,No
3629-PEZJI,Female,0,No,No,37,Yes,Yes,Fiber optic,No,Yes,No,Yes,No,No,Month-to-month,No,Electronic check,98.91,3675.89,Yes
5128-GYACV,Male,1,Yes,Yes,72,Yes,Yes,No,No internet service,No internet service,No internet service,No internet service,No internet service,No internet service,Month-to-month,Yes,Electronic check,20.52,1488.52,Yes
3056-ZTSXA,Female,0,No,No,20,Yes,No,DSL,No,No,No,Yes,No,No,One year,Yes,Credit card (automatic),54.27,1050.64,No
9992-OJUNT,Female,0,Yes,No,12,Yes,No,No,No internet service,No internet service,No internet service,No internet service,No internet service,No internet service,Two year,No,Bank transfer (automatic),28.95,330.29,No
5602-DZATU,Male,1,No,No,7,No,No phone service,No,No internet service,No internet service,No internet service,No internet service,No internet service,No internet service,Two year,Yes,Electronic check,23.04,144.12,Yes
8447-FDFYS,Male,0,No,No,9,Yes,No,Fiber optic,No,No,Yes,No,Yes,Yes,One year,No,Mailed check,101.56,891.38,No
7017-TNEND,Male,0,Yes,Yes,16,Yes,Yes,Fiber optic,No,No,No,No,No,Yes,Two year,No,Bank transfer (automatic),85.43,1361.23,No
4747-FLDSK,Male,1,No,No,14,Yes,Yes,Fiber optic,Yes,No,No,No,Yes,Yes,Month-to-month,Yes,Electronic check,101.66,1409.29,No
3435-BUSRT,Female,0,No,No,19,Yes,No,Fiber optic,No,No,No,Yes,No,No,Month-to-month,No,Bank transfer (automatic),84.25,1644.21,No
5764-RCJUR,Male,0,Yes,No,13,Yes,No,DSL,No,No,No,Yes,No,No,Month-to-month,No,Bank transfer (automatic),56.3,765.02,Yes
1577-VWMLS,Female,0,Yes,Yes,24,Yes,No,DSL,Yes,No,No,Yes,No,No,Month-to-month,Yes,Bank transfer (automatic),61.43,1480.92,No
9614-KAPFA,Female,0,Yes,No,3,Yes,No,Fiber optic,No,No,Yes,No,No,Yes,Month-to-month,Yes,Bank transfer (automatic),94.7,284.23,No
7220-YOCOH,Male,0,No,No,2,Yes,Yes,Fiber optic,No,Yes,No,No,Yes,Yes,Month-to-month,Yes,Bank transfer (automatic),105.38,219.3,No
9879-ECBUX,Male,0,Yes,Yes,22,Yes,No,DSL,No,No,Yes,No,Yes,Yes,Month-to-month,No,Electronic check,69.39,1511.06,No
5283-YFBHL,Male,0,No,Yes,38,Yes,No,DSL,Yes,No,Yes,Yes,No,No,Month-to-month,No,Bank transfer (automatic),60.83,2305.18,No
9591-QTIQT,Male,0,No,Yes,17,Yes,Yes,DSL,No,No,No,No,Yes,No,Month-to-month,Yes,Credit card (automatic),57.86,986.73,No
9070-UQRRW,Male,0,No,No,58,Yes,Yes,No,No internet service,No internet service,No internet service,No internet service,No internet service,No internet service,Month-to-month,Yes,Bank transfer (automatic),27.3,1570.64,No
9221-VUCNC,Female,0,No,No,23,Yes,Yes,Fiber optic,No,Yes,No,No,No,No,Two year,Yes,Mailed check,85.17,1953.37,No
8207-AASSW,Male,1,Yes,Yes,1,Yes,No,Fiber optic,Yes,Yes,Yes,No,No,No,One year,Yes,Mailed check,86.33,88.09,No
7269-EMYNB,Male,0,Yes,No,3,Yes,Yes,Fiber optic,No,Yes,Yes,No,No,Yes,Month-to-month,No,Mailed check,97.92,258.82,Yes
2357-HPNTA,Female,0,Yes,Yes,43,Yes,No,DSL,No,No,Yes,No,No,Yes,Month-to-month,No,Bank transfer (automatic),55.42,2378.56,No
7474-PMLOK,Female,0,Yes,No,10,Yes,No,Fiber optic,Yes,No,Yes,No,Yes,Yes,Month-to-month,No,Mailed check,98.29,950.64,Yes
5758-WBTLH,Female,0,Yes,Yes,33,Yes,No,Fiber optic,No,Yes,Yes,No,Yes,No,Month-to-month,No,Bank transfer (automatic),94.9,3098.39,Yes
9418-XAGDR,Male,1,No,Yes,46,Yes,No,Fiber optic,No,No,No,Yes,Yes,No,Two year,No,Electronic check,102.41,4679.9,Yes
9426-YJXYB,Male,1,No,No,70,Yes,No,DSL,No,No,No,No,Yes,No,Month-to-month,Yes,Credit card (automatic),58.62,4127.6,No
9075-MMSZF,Female,0,Yes,Yes,13,No,No phone service,Fiber optic,No,No,No,Yes,Yes,No,One year,No,Credit card (automatic),88.44,1135.3,No
6825-GZHNM,Female,0,No,No,31,Yes,No,No,No internet service,No internet service,No internet service,No internet service,No internet service,No internet service,Two year,No,Mailed check,23.72,779.76,No
7307-RUUAG,Male,0,No,No,8,Yes,Yes,DSL,Yes,No,Yes,No,Yes,Yes,Month-to-month,Yes,Electronic check,76.53,589.7,Yes
6637-NQLAG,Male,0,No,No,72,Yes,Yes,Fiber optic,No,Yes,No,No,Yes,No,Month-to-month,Yes,Bank transfer (automatic),87.94,6319.44,Yes
9701-PWYBL,Male,0,Yes,No,8,Yes,No,Fiber optic,No,No,No,No,Yes,Yes,Two year,Yes,Bank transfer (automatic),95.01,795.35,No
7080-BELNU,Male,0,No,No,11,Yes,Yes,Fiber optic,No,No,No,No,Yes,No,Month-to-month,No,Mailed check,88.49,1002.28,No
8714-AVJKX,Male,0,No,Yes,29,Yes,No,DSL,No,No,Yes,No,No,No,One year,No,Bank transfer (automatic),53.51,1540.12,No
1838-OWJJZ,Male,0,No,No,5,Yes,No,Fiber optic,No,No,Yes,Yes,No,Yes,Two year,No,Mailed check,98.41,486.33,No
8520-XGVDU,Male,1,No,No,42,Yes,Yes,DSL,No,Yes,Yes,No,No,No,Two year,Yes,Electronic check,60.53,2509.38,No
5315-PSLYY,Male,0,Yes,Yes,42,Yes,No,Fiber optic,No,No,Yes,No,No,No,Month-to-month,Yes,Bank transfer (automatic),83.35,3527.36,No
6442-IWXPD,Female,0,No,No,43,Yes,No,DSL,No,No,No,No,Yes,Yes,Month-to-month,Yes,Credit card (automatic),69.14,2946.4,No
2292-AECAT,Male,0,No,No,29,No,No phone service,DSL,No,No,No,No,No,No,Month-to-month,No,Electronic check,44.2,1250.18,Yes
2992-JCMPZ,Female,0,Yes,Yes,12,No,No phone service,Fiber optic,No,Yes,No,No,Yes,Yes,Two year,No,Credit card (automatic),99.85,1217.23,No
6528-EUTYH,Female,0,No,No,3,No,No phone service,Fiber optic,No,No,No,No,No,Yes,Month-to-month,No,Mailed check,84.08,270.67,Yes
3083-TGMLL,Female,0,Yes,No,5,Yes,No,DSL,No,No,No,No,Yes,Yes,Two year,No,Credit card (automatic),71.17,337.99,No
5585-LXCAE,Male,0,No,No,35,Yes,No,Fiber optic,No,No,Yes,No,No,No,One year,No,Mailed check,85.66,3034.14,No
1826-LRUKD,Female,0,Yes,No,20,Yes,Yes,No,No internet service,No internet service,No internet service,No internet service,No internet service,No internet service,Month-to-month,No,Electronic check,24.89,481.03,Yes
9677-DGRXL,Female,1,Yes,Yes,1,Yes,Yes,Fiber optic,Yes,Yes,No,No,No,No,Month-to-month,No,Electronic check,94.65,100.07,Yes
2103-QBAWC,Female,0,No,No,8,Yes,No,Fiber optic,No,No,No,No,No,No,Month-to-month,Yes,Credit card (automatic),77.82,627.2,No
9764-LEBLM,Male,0,No,No,4,Yes,No,DSL,Yes,No,No,Yes,No,No,Month-to-month,No,Mailed check,58.58,240.48,No
8960-LASPC,Male,1,Yes,No,72,Yes,No,No,No internet service,No internet service,No internet service,No internet service,No internet service,No internet service,Month-to-month,Yes,Electronic check,26.39,1923.5,No
1137-JFLKZ,Male,0,No,No,24,Yes,No,Fiber optic,Yes,No,Yes,No,Yes,Yes,Two year,Yes,Credit card (automatic),102.54,2410.96,No
1239-NLDTD,Female,0,No,No,11,Yes,No,DSL,No,No,No,Yes,No,No,Month-to-month,No,Bank transfer (automatic),56.23,611.53,Yes
6053-DNUJI,Male,0,No,Yes,65,Yes,No,Fiber optic,No,No,No,No,No,Yes,Month-to-month,Yes,Bank transfer (automatic),94.13,6094.92,No
5931-ZDIWJ,Female,0,Yes,Yes,15,Yes,No,Fiber optic,Yes,Yes,No,No,No,Yes,One year,Yes,Bank transfer (automatic),94.72,1426.07,No
3613-TQKLF,Female,1,Yes,Yes,13,Yes,No,DSL,No,No,Yes,No,No,Yes,Month-to-month,Yes,Credit card (automatic),60.06,811.09,No
9731-SDQOK,Female,1,No,No,68,Yes,No,Fiber optic,No,No,No,No,No,No,Two year,Yes,Electronic check,75.32,5149.96,No
3624-EEBDK,Male,0,Yes,Yes,54,No,No phone service,DSL,Yes,No,No,No,No,Yes,Month-to-month,Yes,Bank transfer (automatic),55.75,3037.98,No
3324-USLGT,Female,0,Yes,Yes,24,Yes,Yes,DSL,No,Yes,No,No,No,Yes,Two year,No,Mailed check,60.91,1438.22,No
9734-AHRCL,Male,1,No,No,27,Yes,Yes,DSL,Yes,Yes,No,No,Yes,No,One year,Yes,Credit card (automatic),69.3,1891.21,No
1214-ERTIX,Female,0,Yes,Yes,55,Yes,No,Fiber optic,Yes,Yes,Yes,Yes,No,No,Month-to-month,Yes,Bank transfer (automatic),104.01,5726.41,Yes
5751-ABIQG,Male,1,Yes,Yes,39,Yes,No,Fiber optic,No,Yes,Yes,No,Yes,No,Two year,Yes,Credit card (automatic),99.97,3917.71,No
3698-GLTVD,Male,0,Yes,No,15,Yes,No,Fiber optic,No,No,Yes,No,Yes,Yes,Month-to-month,No,Bank transfer (automatic),103.76,1582.24,Yes
8557-TZZYG,Male,0,No,No,23,Yes,No,No,No internet service,No internet service,No internet service,No internet service,No internet service,No internet service,Two year,No,Credit card (automatic),21.0,474.4,No
8323-PJIKC,Male,0,No,No,0,No,No phone service,No,No internet service,No internet service,No internet service,No internet service,No internet service,No internet service,Month-to-month,No,Mailed check,20.22,0.0,No
7420-HFIQB,Female,0,Yes,No,28,Yes,Yes,DSL,Yes,Yes,Yes,No,Yes,No,One year,No,Bank transfer (automatic),72.39,2031.09,No
3018-UXTVD,Male,0,No,No,15,Yes,Yes,Fiber optic,Yes,No,Yes,No,No,No,Month-to-month,Yes,Electronic check,90.66,1375.29,Yes
7291-OHPBZ,Female,0,Yes,No,51,Yes,Yes,Fiber optic,Yes,No,No,No,No,No,Two year,Yes,Mailed check,93.03,4723.11,No
8686-LOEYR,Male,0,No,No,19,No,No phone service,DSL,Yes,Yes,Yes,Yes,Yes,Yes,Month-to-month,No,Mailed check,82.52,1568.5,No
8452-HDKCB,Female,0,Yes,No,17,Yes,Yes,Fiber optic,No,No,Yes,No,Yes,Yes,One year,No,Bank transfer (automatic),94.07,1590.24,No
6227-ODOGD,Male,1,No,Yes,6,Yes,No,No,No internet service,No internet service,No internet service,No internet service,No internet service,No internet service,One year,Yes,Credit card (automatic),28.6,197.29,No
3409-HBFGG,Female,0,Yes,Yes,18,Yes,No,DSL,No,Yes,Yes,Yes,Yes,No,Month-to-month,Yes,Mailed check,66.09,1191.29,Yes
2381-HGCZI,Male,0,No,No,52,Yes,No,Fiber optic,No,No,No,No,No,No,Month-to-month,No,Electronic check,85.8,4474.68,Yes
2148-NIQIW,Male,1,No,No,46,Yes,No,Fiber optic,No,No,Yes,No,No,Yes,Month-to-month,No,Bank transfer (automatic),85.82,3954.91,No
1087-XUSCM,Female,0,Yes,Yes,27,Yes,No,DSL,No,Yes,No,No,No,No,Month-to-month,Yes,Electronic check,52.61,1421.93,Yes
1346-FDFQA,Female,1,No,No,67,Yes,Yes,DSL,No,Yes,Yes,No,Yes,No,Month-to-month,No,Mailed check,62.99,4222.31,No
8612-ZATXD,Male,0,Yes,Yes,36,No,No phone service,No,No internet service,No internet service,No internet service,No internet service,No internet service,No internet service,Month-to-month,Yes,Bank transfer (automatic),21.28,763.49,No
9261-BVPWS,Female,0,Yes,No,2,Yes,No,DSL,No,Yes,No,No,Yes,No,Month-to-month,Yes,Credit card (automatic),65.36,112.62,Yes
6927-FMZSO,Female,0,No,No,11,Yes,No,No,No internet service,No internet service,No internet service,No internet service,No internet service,No internet service,One year,No,Credit card (automatic),24.72,249.41,No
5013-RRKDD,Female,1,No,No,61,Yes,No,No,No internet service,No internet service,No internet service,No internet service,No internet service,No internet service,One year,Yes,Electronic check,23.17,1422.29,No
2341-NPMIZ,Male,0,No,No,51,Yes,No,No,No internet service,No internet service,No internet service,No internet service,No internet service,No internet service,Two year,Yes,Electronic check,23.58,1240.98,No
8553-VTMXK,Male,0,Yes,Yes,67,Yes,Yes,DSL,Yes,No,No,No,Yes,No,Month-to-month,Yes,Electronic check,63.21,4235.36,No
4343-AAIVU,Male,0,Yes,No,12,Yes,Yes,Fiber optic,No,Yes,Yes,No,Yes,No,One year,Yes,Electronic check,96.02,1176.53,Yes
8759-GJKQU,Female,0,Yes,Yes,58,Yes,No,Fiber optic,Yes,No,No,No,No,No,Month-to-month,No,Mailed check,87.47,5058.13,No
4157-EPKGF,Female,0,No,No,5,Yes,Yes,Fiber optic,No,No,Yes,No,Yes,Yes,Month-to-month,Yes,Bank transfer (automatic),102.22,490.63,Yes
6403-FKNMA,Female,1,No,No,46,Yes,Yes,DSL,No,Yes,Yes,No,No,No,Two year,Yes,Bank transfer (automatic),57.91,2629.49,No
4905-YTNFT,Male,0,Yes,Yes,3,Yes,No,No,No internet service,No internet service,No internet service,No internet service,No internet service,No internet service,Month-to-month,Yes,Electronic check,28.44,96.05,Yes
3553-IAZCT,Female,1,No,No,7,Yes,Yes,Fiber optic,No,Yes,No,No,No,No,Month-to-month,Yes,Electronic check,84.81,595.89,Yes
6836-RUKAW,Male,0,Yes,No,2,Yes,No,DSL,No,No,No,Yes,Yes,Yes,Month-to-month,Yes,Mailed check,72.66,170.77,Yes
4952-RJBYH,Male,0,Yes,Yes,33,Yes,Yes,No,No internet service,No internet service,No internet service,No internet service,No internet service,No internet service,Month-to-month,Yes,Electronic check,24.73,836.39,Yes
4425-FZDYH,Female,0,Yes,Yes,33,Yes,Yes,DSL,No,Yes,No,No,No,No,Month-to-month,Yes,Mailed check,56.88,1887.49,No
5660-ZARIZ,Male,0,No,No,27,Yes,Yes,Fiber optic,No,No,No,No,No,No,Month-to-month,Yes,Electronic check,86.97,2359.61,No
5958-DTFHH,Female,0,No,No,21,No,No phone service,Fiber optic,No,No,No,No,No,No,Month-to-month,Yes,Electronic check,74.67,1539.96,No
9051-LHMUU,Male,0,No,No,69,Yes,No,Fiber optic,Yes,No,Yes,Yes,No,Yes,Month-to-month,Yes,Bank transfer (automatic),102.21,7055.34,No
2769-JAHCU,Male,0,Yes,No,3,Yes,Yes,No,No internet service,No internet service,No internet service,No internet service,No internet service,No internet service,Two year,Yes,Mailed check,21.43,73.53,No
8754-TDEJJ,Female,0,No,No,51,Yes,No,No,No internet service,No internet service,No internet service,No internet service,No internet service,No internet service,One year,Yes,Credit card (automatic),21.95,1116.12,No
2474-QKSMN,Male,0,No,No,4,Yes,No,Fiber optic,No,No,No,No,Yes,No,Two year,Yes,Electronic check,88.52,361.93,No
4591-HWMXC,Male,0,No,No,22,Yes,Yes,DSL,No,Yes,Yes,No,No,Yes,Two year,Yes,Electronic check,70.07,1535.27,No
8878-CVKYZ,Female,0,No,No,7,Yes,Yes,DSL,No,No,No,Yes,Yes,Yes,Month-to-month,Yes,Mailed check,67.53,481.87,No
9253-ECJME,Male,0,Yes,Yes,1,Yes,Yes,Fiber optic,Yes,No,Yes,No,No,Yes,Two year,No,Credit card (automatic),98.75,119.01,No
3739-SQRJP,Male,0,Yes,No,55,Yes,Yes,No,No internet service,No internet service,No internet service,No internet service,No internet service,No internet service,Month-to-month,No,Mailed check,27.33,1480.96,Yes
8486-JUJTA,Female,0,No,No,10,No,No phone service,Fiber optic,Yes,No,No,No,Yes,Yes,Two year,Yes,Credit card (automatic),102.38,1018.37,No
3937-LOFHP,Male,1,No,Yes,66,Yes,No,DSL,No,No,No,No,No,No,Two year,Yes,Bank transfer (automatic),48.48,3193.3,No
4455-WDAAG,Female,0,No,No,14,Yes,Yes,DSL,No,No,No,No,Yes,No,Month-to-month,No,Bank transfer (automatic),59.36,858.3,Yes
8372-UTPZG,Female,0,Yes,Yes,29,Yes,No,Fiber optic,No,No,No,No,Yes,No,Month-to-month,No,Electronic check,88.05,2530.14,Yes
4707-QQKFE,Female,1,Yes,Yes,63,Yes,Yes,DSL,No,No,No,No,No,No,Two year,Yes,Electronic check,52.32,3277.03,No
7382-NSUCP,Male,0,No,No,20,Yes,Yes,DSL,No,No,Yes,No,No,Yes,Month-to-month,No,Mailed check,53.82,1084.62,No
3749-YFZWZ,Male,0,No,No,69,Yes,No,Fiber optic,No,No,Yes,Yes,No,Yes,Month-to-month,Yes,Credit card (automatic),101.55,6984.61,Yes
7221-GUISA,Male,1,No,No,65,Yes,No,Fiber optic,No,Yes,No,No,No,No,Month-to-month,No,Bank transfer (automatic),86.59,5647.29,No
9421-XXJOO,Male,1,No,No,49,Yes,No,No,No internet service,No internet service,No internet service,No internet service,No internet service,No internet service,One year,Yes,Electronic check,33.87,1618.24,No
1224-MVECV,Male,0,No,No,15,Yes,No,DSL,No,Yes,Yes,No,No,Yes,Month-to-month,No,Bank transfer (automatic),67.6,1010.61,Yes
3652-GGQHP,Female,0,No,No,2,Yes,Yes,No,No internet service,No internet service,No internet service,No internet service,No internet service,No internet service,Month-to-month,Yes,Bank transfer (automatic),18.69,27.15,Yes
2130-UPPNP,Male,0,Yes,No,5,Yes,No,No,No internet service,No internet service,No internet service,No internet service,No internet service,No internet service,One year,Yes,Electronic check,23.25,132.26,No
5816-NKEUL,Female,0,Yes,Yes,3,Yes,Yes,Fiber optic,Yes,No,Yes,No,Yes,No,Month-to-month,Yes,Electronic check,90.61,283.49,Yes
6511-BXDIK,Female,0,Yes,No,30,Yes,No,DSL,No,Yes,No,No,No,No,Two year,No,Electronic check,55.41,1632.52,No
9878-NHEDF,Male,0,Yes,Yes,22,Yes,Yes,Fiber optic,No,Yes,Yes,No,No,Yes,Month-to-month,Yes,Electronic check,96.27,2145.92,Yes
5825-ITITK,Male,0,Yes,No,48,Yes,No,Fiber optic,No,Yes,Yes,No,No,No,Month-to-month,No,Mailed check,85.05,4083.69,No
8706-MBIKK,Female,0,No,No,57,Yes,Yes,Fiber optic,No,No,No,Yes,No,No,Two year,Yes,Mailed check,80.18,4596.34,No
1500-GQHMD,Male,0,No,No,31,Yes,Yes,DSL,No,Yes,No,No,Yes,No,Two year,Yes,Mailed check,66.77,2083.19,No
3812-BQOZP,Female,0,Yes,Yes,15,Yes,No,Fiber optic,No,Yes,No,No,Yes,No,Month-to-month,Yes,Mailed check,98.14,1474.24,No
5495-SCBYE,Male,0,No,No,23,Yes,Yes,No,No internet service,No internet service,No internet service,No internet service,No internet service,No internet service,Month-to-month,No,Bank transfer (automatic),25.35,608.45,Yes
6301-RZRMY,Female,0,No,Yes,32,Yes,Yes,Fiber optic,No,No,Yes,No,No,No,Two year,Yes,Electronic check,86.21,2716.58,No
5110-AFIAO,Female,0,Yes,Yes,28,Yes,Yes,DSL,No,No,Yes,No,Yes,Yes,Month-to-month,Yes,Mailed check,70.87,2003.49,No
3786-BFMDR,Female,1,No,No,46,Yes,No,Fiber optic,No,No,No,Yes,No,No,Two year,Yes,Mailed check,84.31,3898.43,No
3854-TRVDS,Male,0,No,No,1,Yes,Yes,DSL,Yes,Yes,Yes,No,Yes,No,One year,Yes,Mailed check,78.67,92.43,No
2799-QOYBC,Male,1,No,No,11,Yes,No,Fiber optic,No,No,No,No,No,Yes,Month-to-month,Yes,Electronic check,92.51,1014.32,Yes
2797-GGLGC,Female,0,No,No,37,Yes,No,Fiber optic,No,No,Yes,Yes,Yes,Yes,Two year,Yes,Mailed check,106.99,3912.32,No
2075-UBOIY,Male,0,No,No,29,Yes,No,Fiber optic,No,Yes,Yes,No,No,No,Two year,Yes,Mailed check,96.32,2812.2,Yes
3920-XGBNJ,Male,0,No,No,20,Yes,No,Fiber optic,Yes,Yes,No,No,Yes,Yes,Month-to-month,Yes,Credit card (automatic),103.29,2057.14,No
2666-BXMBF,Female,1,No,Yes,64,Yes,No,DSL,No,No,No,No,No,Yes,Month-to-month,No,Mailed check,55.21,3534.34,Yes
7874-QOODO,Male,0,Yes,No,12,Yes,No,DSL,Yes,No,Yes,No,Yes,Yes,Month-to-month,Yes,Mailed check,75.33,921.46,No
8318-XMFRZ,Male,1,No,No,22,Yes,Yes,Fiber optic,No,Yes,No,Yes,Yes,No,Month-to-month,Yes,Mailed check,96.96,2151.01,Yes
5999-TYUFZ,Female,0,No,No,62,Yes,No,DSL,No,No,No,Yes,Yes,No,Month-to-month,No,Credit card (automatic),58.64,3629.7,No
6110-TXTTM,Female,0,Yes,Yes,25,Yes,No,Fiber optic,No,Yes,Yes,No,Yes,No,Two year,No,Mailed check,103.54,2559.24,No
5101-XIWOG,Female,0,Yes,No,15,Yes,No,Fiber optic,Yes,Yes,No,No,No,No,Month-to-month,Yes,Credit card (automatic),87.7,1338.39,No
2218-BLOQV,Female,0,No,No,53,No,No phone service,DSL,Yes,Yes,No,Yes,Yes,No,Month-to-month,Yes,Electronic check,64.49,3377.0,No
8384-RIRSJ,Female,0,Yes,Yes,72,No,No phone service,DSL,No,No,No,No,Yes,No,Month-to-month,Yes,Electronic check,47.81,3419.94,No
8982-DQTYE,Male,0,Yes,No,27,Yes,No,Fiber optic,No,Yes,Yes,No,Yes,No,Month-to-month,No,Credit card (automatic),97.96,2650.8,Yes
3699-IPYUF,Female,0,No,No,45,Yes,Yes,Fiber optic,No,Yes,No,No,No,No,Month-to-month,Yes,Electronic check,79.82,3604.31,Yes
3041-XSYLE,Male,0,Yes,No,4,Yes,No,Fiber optic,No,Yes,Yes,No,Yes,No,Two year,Yes,Electronic check,102.98,382.13,No
8126-FDWZV,Female,0,No,No,60,Yes,No,Fiber optic,No,No,Yes,No,Yes,No,Month-to-month,Yes,Credit card (automatic),85.0,5113.38,No
4056-FBQTJ,Male,0,No,No,4,Yes,No,DSL,No,No,No,No,No,No,Two year,No,Mailed check,46.25,175.78,No
8402-CNXBI,Male,0,Yes,No,72,Yes,Yes,DSL,No,Yes,Yes,No,No,No,Month-to-month,Yes,Mailed check,58.41,4207.26,No
9953-TMYUP,Female,1,Yes,Yes,59,Yes,No,DSL,No,No,Yes,No,No,Yes,One year,Yes,Mailed check,61.49,3607.57,No
4157-XLSHX,Female,0,No,No,11,Yes,Yes,DSL,No,No,No,Yes,No,Yes,Month-to-month,No,Mailed check,59.74,668.25,Yes
4721-ZEIEL,Female,0,Yes,Yes,5,Yes,No,DSL,No,No,No,No,Yes,Yes,Two year,Yes,Mailed check,63.41,296.69,No
3635-EFCYV,Female,0,Yes,Yes,68,Yes,No,Fiber optic,Yes,Yes,Yes,No,No,Yes,Month-to-month,Yes,Credit card (automatic),101.14,6872.25,No
3624-BDMHS,Female,0,No,No,2,Yes,Yes,No,No internet service,No internet service,No internet service,No internet service,No internet service,No internet service,One year,Yes,Electronic check,25.71,67.64,No
1641-FTJRA,Female,0,No,No,9,Yes,No,Fiber optic,No,No,No,No,Yes,Yes,One year,No,Electronic check,91.67,830.65,Yes
2656-PGAUQ,Male,0,No,No,58,Yes,No,Fiber optic,Yes,No,Yes,No,No,No,Month-to-month,Yes,Mailed check,83.42,4856.83,No
9783-TAWEQ,Female,1,No,No,13,Yes,No,DSL,No,No,No,Yes,No,Yes,One year,Yes,Credit card (automatic),60.43,786.19,No
6147-KYGOT,Male,0,No,No,14,Yes,Yes,No,No internet service,No internet service,No internet service,No internet service,No internet service,No internet service,Month-to-month,Yes,Electronic check,25.26,374.57,Yes
7044-WFYXB,Female,0,Yes,Yes,26,Yes,No,DSL,Yes,Yes,No,Yes,No,Yes,Month-to-month,Yes,Electronic check,66.22,1706.29,No
1600-UNGBT,Female,0,Yes,Yes,66,Yes,No,Fiber optic,No,No,Yes,No,No,Yes,Two year,Yes,Bank transfer (automatic),98.93,6529.24,No
7603-DWPTZ,Male,0,No,No,21,Yes,No,No,No internet service,No internet service,No internet service,No internet service,No internet service,No internet service,Month-to-month,Yes,Credit card (automatic),25.59,524.1,No
8074-OSXJJ,Male,1,No,Yes,40,Yes,No,No,No internet service,No internet service,No internet service,No internet service,No internet service,No internet service,One year,No,Mailed check,25.63,1024.07,No
6266-QHKNZ,Male,1,No,No,13,Yes,Yes,Fiber optic,Yes,No,Yes,No,No,No,Month-to-month,No,Electronic check,88.15,1116.36,Yes
6952-IQDWF,Female,0,No,No,4,Yes,Yes,DSL,No,No,No,No,Yes,Yes,Month-to-month,Yes,Electronic check,66.95,262.36,No
2014-JTAIW,Female,1,Yes,Yes,10,Yes,No,Fiber optic,No,No,No,No,No,No,Month-to-month,Yes,Credit card (automatic),78.63,804.51,No
1273-WELWQ,Male,0,No,No,0,Yes,No,Fiber optic,No,Yes,Yes,No,No,Yes,Two year,No,Mailed check,95.27,0.0,No
9235-TWKKQ,Female,1,No,No,28,Yes,No,Fiber optic,Yes,No,No,No,Yes,Yes,One year,No,Mailed check,95.94,2688.48,No
1654-OPBPQ,Female,0,No,No,16,Yes,No,DSL,No,No,Yes,No,Yes,Yes,Month-to-month,No,Bank transfer (automatic),77.4,1288.4,Yes
5260-CWTSL,Male,0,No,No,9,Yes,Yes,No,No internet service,No internet service,No internet service,No internet service,No internet service,No internet service,Month-to-month,Yes,Electronic check,28.34,243.76,Yes
7975-CUMYS,Female,1,No,No,30,Yes,No,Fiber optic,No,No,No,Yes,Yes,Yes,Month-to-month,No,Electronic check,102.21,3099.01,No
5582-JDJIS,Female,0,Yes,Yes,9,Yes,Yes,No,No internet service,No internet service,No internet service,No internet service,No internet service,No internet service,One year,No,Credit card (automatic),27.29,285.11,No
1406-WROUG,Female,0,No,No,39,Yes,No,No,No internet service,No internet service,No internet service,No internet service,No internet service,No internet service,Two year,Yes,Credit card (automatic),27.85,1051.2,No
7846-AVYFS,Male,0,Yes,No,29,Yes,No,Fiber optic,No,No,Yes,No,No,Yes,Month-to-month,Yes,Electronic check,92.4,2659.0,Yes
6330-IIWCD,Female,0,Yes,No,28,Yes,Yes,DSL,No,No,No,No,No,Yes,Month-to-month,No,Credit card (automatic),59.77,1633.96,No
6850-MTRCE,Male,0,Yes,No,42,Yes,No,Fiber optic,Yes,Yes,No,No,No,No,Month-to-month,No,Bank transfer (automatic),89.8,3782.1,Yes
4154-VDJQU,Male,0,No,No,3,Yes,Yes,Fiber optic,No,No,Yes,No,Yes,No,Month-to-month,No,Electronic check,93.1,285.75,Yes
9957-YAUZG,Female,0,Yes,No,72,Yes,No,DSL,No,No,No,Yes,No,No,Two year,Yes,Electronic check,55.29,3953.24,No
4796-XTPBL,Female,0,No,No,14,Yes,Yes,Fiber optic,No,Yes,Yes,No,No,Yes,Month-to-month,No,Bank transfer (automatic),96.83,1368.5,No
9815-BOXZR,Male,1,No,No,72,Yes,Yes,Fiber optic,No,No,No,Yes,No,Yes,Two year,Yes,Mailed check,88.62,6356.67,No
9493-NQYBX,Male,0,Yes,No,5,No,No phone service,Fiber optic,No,No,No,Yes,Yes,Yes,Two year,No,Mailed check,92.14,450.97,No
8792-NWZRD,Female,0,Yes,Yes,26,Yes,No,DSL,No,Yes,No,Yes,No,No,Month-to-month,Yes,Electronic check,57.46,1489.7,Yes
1940-XHPYK,Male,0,No,No,21,Yes,Yes,No,No internet service,No internet service,No internet service,No internet service,No internet service,No internet service,One year,Yes,Electronic check,18.56,370.63,No
1194-MOSAG,Male,1,Yes,No,66,Yes,No,Fiber optic,Yes,No,Yes,No,No,Yes,One year,Yes,Electronic check,94.01,6166.38,No
1444-XSTNA,Male,0,No,No,19,Yes,No,Fiber optic,No,Yes,No,No,Yes,Yes,One year,No,Bank transfer (automatic),96.34,1795.29,Yes
2890-AFDKA,Male,0,No,No,72,Yes,Yes,DSL,No,No,Yes,Yes,Yes,Yes,One year,Yes,Electronic check,71.35,5169.29,No
3379-BUKEW,Female,0,No,No,21,Yes,No,No,No internet service,No internet service,No internet service,No internet service,No internet service,No internet service,Month-to-month,No,Bank transfer (automatic),22.89,491.41,No
1299-QCBBZ,Female,0,Yes,Yes,68,Yes,Yes,DSL,No,No,No,No,No,Yes,Two year,Yes,Electronic check,58.98,4003.98,No
2915-DCSLZ,Female,1,No,No,39,Yes,Yes,No,No internet service,No internet service,No internet service,No internet service,No internet service,No internet service,Month-to-month,No,Mailed check,29.69,1178.23,No
4263-XUCJM,Female,0,No,No,64,Yes,No,Fiber optic,Yes,No,No,No,No,Yes,Month-to-month,Yes,Mailed check,95.24,6093.9,No
4509-QQULP,Female,1,Yes,Yes,61,Yes,Yes,No,No internet service,No internet service,No internet service,No internet service,No internet service,No internet service,Month-to-month,Yes,Mailed check,23.01,1408.84,No
4106-DFORU,Male,0,No,No,1,No,No phone service,Fiber optic,No,No,No,No,Yes,No,Month-to-month,Yes,Bank transfer (automatic),81.28,105.32,No
9004-XRGZF,Female,1,Yes,No,24,Yes,No,Fiber optic,No,No,No,No,No,Yes,Two year,Yes,Electronic check,90.32,2154.36,No
1107-LLYSM,Female,0,No,No,25,Yes,No,Fiber optic,No,No,No,Yes,Yes,Yes,Month-to-month,No,Electronic check,98.87,2476.78,No
8292-ZFAPW,Female,0,No,No,49,Yes,No,DSL,Yes,No,No,No,No,Yes,Month-to-month,No,Mailed check,55.52,2721.3,No
4452-OFDKR,Male,0,Yes,Yes,62,Yes,No,Fiber optic,No,No,No,No,Yes,No,Month-to-month,Yes,Electronic check,91.94,5708.51,No
5444-GHFVB,Male,0,No,Yes,68,Yes,No,No,No internet service,No internet service,No internet service,No internet service,No internet service,No internet service,Month-to-month,Yes,Mailed check,27.96,1889.64,No
8874-DMDDF,Male,0,No,No,67,Yes,No,Fiber optic,No,No,No,Yes,No,No,Month-to-month,No,Bank transfer (automatic),89.16,5980.7,No
9070-RAPFE,Female,0,No,No,7,No,No phone service,No,No internet service,No internet service,No internet service,No internet service,No internet service,No internet service,Month-to-month,No,Bank transfer (automatic),26.7,169.3,Yes
7581-BWIBL,Male,0,No,Yes,9,Yes,No,DSL,No,No,No,No,No,No,Month-to-month,Yes,Mailed check,54.65,521.53,Yes
4036-CMPUK,Female,0,Yes,Yes,28,Yes,No,Fiber optic,Yes,No,Yes,No,Yes,Yes,Month-to-month,Yes,Electronic check,103.8,2897.98,No
3723-DWCXD,Male,0,Yes,No,70,Yes,Yes,DSL,No,No,Yes,No,No,No,Two year,Yes,Electronic check,55.84,3889.67,No
8062-QUAKI,Male,0,Yes,No,8,Yes,No,Fiber optic,No,No,Yes,No,No,No,Two year,Yes,Electronic check,84.15,673.77,No
7155-NAWRQ,Female,0,Yes,Yes,24,No,No phone service,Fiber optic,No,No,Yes,Yes,No,Yes,Month-to-month,Yes,Electronic check,91.56,2195.11,Yes
7860-XBSUE,Female,0,Yes,No,8,Yes,No,Fiber optic,Yes,Yes,Yes,Yes,Yes,Yes,Month-to-month,Yes,Mailed check,111.99,883.82,Yes
8269-EWIQH,Female,0,Yes,Yes,15,Yes,No,No,No internet service,No internet service,No internet service,No internet service,No internet service,No internet service,One year,Yes,Bank transfer (automatic),24.04,386.22,No
6349-FFWXZ,Female,0,No,No,55,Yes,No,No,No internet service,No internet service,No internet service,No internet service,No internet service,No internet service,Month-to-month,No,Bank transfer (automatic),24.74,1380.84,No
6792-WAWRW,Male,0,No,No,10,Yes,Yes,DSL,No,Yes,No,No,No,No,Month-to-month,Yes,Bank transfer (automatic),61.49,636.85,No
4846-YIPMA,Male,0,No,No,22,Yes,No,Fiber optic,Yes,No,Yes,No,Yes,No,Two year,Yes,Credit card (automatic),91.8,2012.43,No
2489-MKDDH,Male,0,Yes,No,10,Yes,No,Fiber optic,Yes,Yes,Yes,No,No,No,Month-to-month,No,Electronic check,93.04,954.12,Yes
6013-CYMWV,Male,0,Yes,No,9,Yes,No,Fiber optic,Yes,No,No,Yes,No,No,One year,Yes,Bank transfer (automatic),90.35,821.78,No
5946-OIROY,Female,0,Yes,Yes,30,Yes,No,Fiber optic,No,Yes,Yes,No,No,Yes,Month-to-month,Yes,Electronic check,100.24,2961.48,Yes
8849-LPTKR,Male,0,Yes,No,8,Yes,No,Fiber optic,No,No,No,No,Yes,Yes,One year,Yes,Credit card (automatic),90.39,711.97,No
2622-XZBCN,Male,0,No,No,4,Yes,No,No,No internet service,No internet service,No internet service,No internet service,No internet service,No internet service,Month-to-month,Yes,Electronic check,23.19,68.2,Yes
8150-XSSTY,Female,0,Yes,No,16,Yes,No,DSL,Yes,No,No,No,No,Yes,One year,No,Bank transfer (automatic),66.34,1056.08,No
3876-KNGGO,Female,0,No,No,13,No,No phone service,Fiber optic,No,No,No,No,Yes,No,Month-to-month,No,Credit card (automatic),77.86,1015.21,No
5205-PKHXW,Female,1,No,No,9,Yes,No,Fiber optic,Yes,No,No,Yes,Yes,No,Month-to-month,Yes,Mailed check,95.13,848.52,Yes
8499-SXITI,Male,0,Yes,No,9,Yes,No,Fiber optic,Yes,No,No,No,No,Yes,Two year,Yes,Mailed check,96.29,845.87,No
4677-WUYXK,Female,0,Yes,Yes,72,Yes,Yes,DSL,Yes,Yes,No,Yes,No,No,One year,Yes,Electronic check,60.33,4347.41,No
5293-WZPZG,Male,0,Yes,Yes,41,Yes,No,Fiber optic,No,No,Yes,No,Yes,No,One year,Yes,Electronic check,93.44,3817.08,No
3552-BNZTS,Female,0,No,No,17,Yes,Yes,DSL,No,No,No,No,No,No,Two year,Yes,Credit card (automatic),52.75,882.71,No
1840-QIHPL,Male,0,Yes,Yes,7,Yes,No,DSL,No,Yes,No,No,No,No,One year,No,Electronic check,52.8,366.65,No
8773-WCZFP,Female,1,No,No,11,Yes,No,Fiber optic,No,No,No,Yes,Yes,No,One year,No,Credit card (automatic),107.67,1188.07,No
5855-MIHGT,Female,1,No,No,19,Yes,No,No,No internet service,No internet service,No internet service,No internet service,No internet service,No internet service,Month-to-month,No,Credit card (automatic),18.25,341.89,No
2201-THJKM,Male,1,No,No,5,Yes,No,Fiber optic,Yes,Yes,Yes,No,No,No,Two year,No,Credit card (automatic),94.27,462.17,No
4726-ODSQE,Female,0,No,No,49,Yes,No,DSL,Yes,No,No,No,No,No,Month-to-month,Yes,Electronic check,56.69,2776.46,No
7859-EUSIK,Male,0,No,No,68,No,No phone service,DSL,Yes,No,Yes,Yes,Yes,No,Two year,Yes,Electronic check,66.73,4552.37,No
3466-OOMXP,Male,0,Yes,No,72,Yes,No,Fiber optic,No,No,No,No,No,Yes,Month-to-month,Yes,Mailed check,87.67,6303.86,Yes
2427-QUSZU,Female,0,Yes,No,2,Yes,Yes,Fiber optic,No,Yes,No,No,No,No,Month-to-month,No,Bank transfer (automatic),86.18,160.92,No
4583-NLRCK,Male,0,No,No,26,Yes,No,No,No internet service,No internet service,No internet service,No internet service,No internet service,No internet service,Two year,Yes,Electronic check,27.04,702.46,Yes
8911-FCLXJ,Male,0,No,No,62,Yes,No,Fiber optic,No,Yes,Yes,No,No,No,One year,Yes,Credit card (automatic),92.44,5740.6,No
9474-PRTBL,Male,0,Yes,Yes,31,Yes,No,Fiber optic,No,No,No,No,No,No,Two year,No,Electronic check,82.49,2562.43,No
1458-IXAUF,Female,0,Yes,No,65,Yes,No,Fiber optic,No,Yes,No,No,No,No,Month-to-month,Yes,Bank transfer (automatic),81.76,5303.65,No
4199-FGNQR,Male,1,Yes,Yes,60,Yes,Yes,DSL,No,Yes,No,No,Yes,No,One year,Yes,Mailed check,59.89,3581.09,No
5360-NLHCW,Female,0,No,No,69,No,No phone service,Fiber optic,Yes,No,Yes,No,No,Yes,Two year,No,Bank transfer (automatic),93.88,6442.14,No
1856-MFLZH,Male,0,No,No,4,No,No phone service,DSL,Yes,No,No,No,No,No,Month-to-month,Yes,Bank transfer (automatic),47.08,181.5,No
6330-YCEFV,Male,1,No,No,15,Yes,No,DSL,No,No,No,Yes,Yes,Yes,Month-to-month,Yes,Credit card (automatic),68.1,1038.79,Yes
7777-RUUTQ,Male,0,No,No,18,Yes,Yes,No,No internet service,No internet service,No internet service,No internet service,No internet service,No internet service,Two year,No,Electronic check,21.89,374.65,No
1680-IRZIX,Male,0,Yes,No,68,Yes,Yes,DSL,No,No,Yes,No,Yes,No,Month-to-month,Yes,Electronic check,63.66,4327.63,Yes
7121-CDJLE,Female,0,Yes,Yes,36,Yes,Yes,DSL,Yes,Yes,No,Yes,No,No,Month-to-month,No,Electronic check,63.57,2278.8,No
4037-RQXXJ,Female,0,No,No,67,Yes,No,Fiber optic,No,No,No,No,No,Yes,Two year,No,Electronic check,90.05,6036.91,No
3359-SWUHB,Male,0,Yes,Yes,5,Yes,No,No,No internet service,No internet service,No internet service,No internet service,No internet service,No internet service,Month-to-month,Yes,Credit card (automatic),27.3,124.09,Yes
5349-ESZOB,Female,0,No,No,32,Yes,Yes,Fiber optic,No,Yes,Yes,Yes,Yes,Yes,Month-to-month,No,Credit card (automatic),110.48,3562.17,Yes
2168-DNRDG,Male,0,No,No,11,Yes,Yes,No,No internet service,No internet service,No internet service,No internet service,No internet service,No internet service,Month-to-month,No,Bank transfer (automatic),25.56,287.47,No
1379-XFJFR,Male,1,Yes,No,62,No,No phone service,No,No internet service,No internet service,No internet service,No internet service,No internet service,No internet service,Month-to-month,Yes,Credit card (automatic),23.76,1456.12,No
2678-PACGI,Female,0,No,Yes,8,Yes,No,Fiber optic,No,No,No,Yes,Yes,No,Two year,No,Bank transfer (automatic),100.64,815.35,No
6505-QRMTQ,Female,0,Yes,No,16,Yes,No,DSL,No,No,No,Yes,No,No,Two year,No,Credit card (automatic),47.46,742.86,No
2299-KKLOM,Female,0,No,No,11,Yes,No,Fiber optic,No,No,No,No,No,No,One year,No,Bank transfer (automatic),83.99,935.63,Yes
7111-OXPNO,Male,0,No,No,1,Yes,No,DSL,No,Yes,No,Yes,Yes,Yes,Month-to-month,Yes,Credit card (automatic),73.93,111.31,Yes
5994-LRRXX,Male,0,Yes,No,39,Yes,No,No,No internet service,No internet service,No internet service,No internet service,No internet service,No internet service,Two year,No,Credit card (automatic),26.02,999.05,No
9764-NKDIZ,Male,0,No,No,55,Yes,Yes,No,No internet service,No internet service,No internet service,No internet service,No internet service,No internet service,Month-to-month,Yes,Bank transfer (automatic),26.82,1481.67,No
4871-KTJMV,Female,1,No,No,71,Yes,No,DSL,Yes,No,No,No,No,Yes,Two year,Yes,Mailed check,63.41,4522.48,No
7487-BVTIC,Female,1,Yes,No,43,Yes,No,DSL,No,Yes,Yes,No,Yes,No,Month-to-month,Yes,Bank transfer (automatic),72.26,3101.18,No
6350-NADKV,Male,0,Yes,Yes,61,Yes,No,Fiber optic,Yes,No,No,No,No,Yes,Two year,Yes,Credit card (automatic),97.15,5931.73,No
2646-GJHSK,Male,0,Yes,Yes,2,Yes,Yes,DSL,No,Yes,No,No,No,Yes,One year,No,Bank transfer (automatic),58.01,131.85,No
6625-KPQRR,Male,0,Yes,Yes,11,Yes,No,DSL,Yes,No,No,No,No,No,Month-to-month,Yes,Credit card (automatic),54.07,622.09,No
9092-YYEPT,Male,0,No,Yes,5,Yes,Yes,DSL,Yes,No,No,Yes,No,No,One year,Yes,Credit card (automatic),59.74,289.46,No
9705-VJNIU,Male,0,Yes,Yes,60,Yes,No,No,No internet service,No internet service,No internet service,No internet service,No internet service,No internet service,One year,Yes,Electronic check,24.64,1481.61,No
4612-BIEUP,Male,0,No,No,0,Yes,No,DSL,No,Yes,No,Yes,No,No,Month-to-month,Yes,Bank transfer (automatic),63.63,0.0,Yes
9357-WRPSD,Female,1,Yes,Yes,3,Yes,Yes,Fiber optic,No,No,No,No,Yes,No,Two year,Yes,Credit card (automatic),86.98,266.19,No
4820-ELCMC,Male,0,Yes,Yes,6,Yes,No,No,No internet service,No internet service,No internet service,No internet service,No internet service,No internet service,Month-to-month,Yes,Mailed check,23.26,148.41,Yes
9180-FIPSZ,Female,0,Yes,Yes,20,No,No phone service,Fiber optic,No,No,Yes,No,No,Yes,Month-to-month,No,Bank transfer (automatic),87.28,1753.35,No
3880-IDJPF,Male,0,No,Yes,11,Yes,Yes,DSL,Yes,No,Yes,Yes,Yes,Yes,One year,No,Bank transfer (automatic),84.96,920.49,No
5199-CYDQS,Female,0,Yes,No,35,Yes,Yes,No,No internet service,No internet service,No internet service,No internet service,No internet service,No internet service,Month-to-month,Yes,Bank transfer (automatic),24.17,836.51,No
1530-WSCRC,Female,1,No,No,7,Yes,No,Fiber optic,Yes,Yes,No,No,No,No,One year,Yes,Mailed check,91.77,607.7,Yes
2009-MFWRJ,Male,0,No,No,11,Yes,No,Fiber optic,No,No,No,Yes,No,No,Month-to-month,Yes,Bank transfer (automatic),84.33,934.73,Yes
1093-XMYTJ,Male,0,Yes,No,72,Yes,No,Fiber optic,Yes,Yes,Yes,No,No,No,Month-to-month,Yes,Credit card (automatic),91.12,6566.59,No
9360-QPAQT,Male,0,No,No,14,Yes,Yes,Fiber optic,Yes,Yes,No,Yes,Yes,Yes,Two year,No,Electronic check,111.65,1518.17,No
5728-KSHSD,Female,0,Yes,No,55,Yes,Yes,Fiber optic,No,Yes,No,No,Yes,Yes,Month-to-month,Yes,Electronic check,102.53,5597.66,No
9762-EYZYD,Female,1,No,No,72,Yes,Yes,DSL,No,Yes,No,No,No,Yes,Two year,Yes,Credit card (automatic),63.09,4543.67,No
6239-VSMEZ,Male,0,Yes,Yes,3,Yes,No,Fiber optic,No,No,No,No,No,No,One year,Yes,Bank transfer (automatic),75.89,205.97,Yes
3485-ATVJS,Female,0,No,No,31,Yes,Yes,No,No internet service,No internet service,No internet service,No internet service,No internet service,No internet service,Two year,No,Electronic check,22.21,709.4,No
5528-VBROS,Male,0,No,No,5,Yes,Yes,No,No internet service,No internet service,No internet service,No internet service,No internet service,No internet service,One year,Yes,Mailed check,29.49,119.15,Yes
8957-OXTXT,Male,0,No,No,9,Yes,Yes,DSL,No,No,No,No,No,Yes,Two year,Yes,Mailed check,56.66,533.64,No
6992-WTIYZ,Female,1,Yes,Yes,17,Yes,Yes,DSL,No,No,No,No,No,Yes,Month-to-month,Yes,Mailed check,58.59,987.62,No
5715-KCNEL,Male,0,No,No,9,Yes,No,DSL,No,Yes,Yes,No,No,No,Two year,Yes,Mailed check,60.57,501.14,No
9068-DPRXK,Female,0,No,No,10,No,No phone service,Fiber optic,Yes,No,No,No,No,Yes,One year,Yes,Electronic check,87.89,875.46,Yes
1902-OCTJL,Male,1,No,Yes,26,No,No phone service,DSL,No,No,No,Yes,No,No,Month-to-month,No,Mailed check,45.46,1180.84,Yes
9083-QQVIO,Male,0,Yes,No,53,Yes,No,DSL,Yes,No,Yes,No,No,Yes,Two year,No,Mailed check,71.85,3810.7,No
4641-CLTHZ,Female,0,No,Yes,43,Yes,Yes,Fiber optic,No,No,Yes,No,No,No,Two year,Yes,Electronic check,87.49,3728.08,No
1697-IWQJU,Male,0,Yes,Yes,6,Yes,No,Fiber optic,No,No,No,Yes,No,Yes,One year,No,Electronic check,89.56,508.08,No
8014-OWMCD,Male,0,No,No,22,Yes,No,DSL,No,Yes,No,No,No,No,Month-to-month,Yes,Electronic check,51.01,1112.68,No
5971-DEUNN,Male,0,No,No,1,Yes,No,Fiber optic,No,No,No,No,No,Yes,Two year,No,Credit card (automatic),86.51,67.15,Yes
7192-FNUFY,Male,0,No,No,65,Yes,Yes,Fiber optic,Yes,Yes,Yes,Yes,Yes,Yes,Two year,Yes,Credit card (automatic),113.39,7380.66,No
8909-ZIOVW,Female,0,Yes,Yes,1,Yes,Yes,Fiber optic,No,No,No,No,Yes,No,Two year,Yes,Electronic check,89.84,94.27,No
8265-FNNGR,Female,0,Yes,Yes,65,Yes,No,Fiber optic,Yes,No,No,Yes,Yes,No,Month-to-month,Yes,Electronic check,91.13,5923.96,Yes
4058-HAYSF,Male,0,No,No,35,Yes,No,Fiber optic,No,Yes,No,Yes,No,No,Month-to-month,No,Credit card (automatic),88.55,3100.4,No
7268-JFWYM,Male,0,Yes,No,43,Yes,No,No,No internet service,No internet service,No internet service,No internet service,No internet service,No internet service,Month-to-month,Yes,Bank transfer (automatic),26.52,1134.42,No
8060-OLKIN,Female,0,No,No,4,Yes,No,Fiber optic,No,Yes,No,No,No,No,Month-to-month,Yes,Credit card (automatic),82.31,336.04,Yes
5690-KVMDV,Male,0,No,No,14,Yes,No,Fiber optic,No,Yes,No,No,No,No,Month-to-month,Yes,Electronic check,82.06,1146.64,Yes
3650-NHKFF,Female,0,No,No,45,Yes,No,No,No internet service,No internet service,No internet service,No internet service,No internet service,No internet service,One year,No,Mailed check,27.33,1189.98,No
8998-JXFXG,Female,0,Yes,No,11,Yes,Yes,DSL,No,No,No,No,No,No,Month-to-month,Yes,Electronic check,52.46,565.34,No
1452-AWAAV,Male,0,No,No,0,Yes,Yes,Fiber optic,No,No,Yes,No,Yes,No,Two year,Yes,Bank transfer (automatic),96.5,0.0,No
4798-RDGWX,Female,0,No,No,29,Yes,No,Fiber optic,No,No,Yes,Yes,No,No,Month-to-month,Yes,Mailed check,89.99,2619.78,Yes
7650-MHOOU,Male,0,No,No,37,Yes,No,Fiber optic,Yes,No,No,No,No,No,Two year,Yes,Mailed check,81.17,2999.09,No
4430-UXORR,Male,0,Yes,No,7,Yes,Yes,No,No internet service,No internet service,No internet service,No internet service,No internet service,No internet service,One year,Yes,Bank transfer (automatic),27.28,185.85,No
3669-OHRLH,Female,0,Yes,No,21,Yes,No,DSL,No,No,No,No,No,No,One year,No,Mailed check,52.24,1125.02,No
4389-ILVDT,Female,0,No,No,27,Yes,Yes,Fiber optic,No,Yes,No,No,No,Yes,One year,Yes,Credit card (automatic),95.28,2570.29,No
1107-XRECR,Female,0,No,No,56,Yes,No,DSL,Yes,No,Yes,No,Yes,Yes,Month-to-month,Yes,Bank transfer (automatic),79.09,4417.26,No
2804-DAGUH,Male,0,No,No,10,Yes,No,Fiber optic,No,No,No,No,No,Yes,Month-to-month,No,Mailed check,91.64,908.18,No
1546-VVQEL,Female,1,No,No,17,Yes,No,No,No internet service,No internet service,No internet service,No internet service,No internet service,No internet service,Month-to-month,Yes,Mailed check,24.54,444.67,Yes
5369-NALPI,Male,0,Yes,Yes,65,Yes,No,DSL,No,Yes,No,No,No,No,One year,Yes,Electronic check,60.02,3893.23,No
5062-XZQMT,Male,0,Yes,No,59,Yes,Yes,DSL,No,Yes,No,No,Yes,Yes,Month-to-month,No,Credit card (automatic),72.0,4226.61,Yes
6440-LUBCY,Female,1,Yes,No,11,Yes,No,DSL,No,No,No,No,No,No,Month-to-month,Yes,Mailed check,48.11,538.29,No
8922-FUEPY,Male,0,Yes,Yes,21,Yes,No,DSL,No,No,No,Yes,Yes,No,Two year,No,Electronic check,65.66,1395.2,No
9472-QEGTM,Male,0,No,No,7,Yes,Yes,DSL,No,No,No,No,Yes,No,Month-to-month,Yes,Mailed check,56.4,378.23,No
3309-QYEPC,Female,0,No,Yes,72,Yes,Yes,No,No internet service,No internet service,No internet service,No internet service,No internet service,No internet service,Month-to-month,No,Mailed check,24.71,1802.33,No
2262-LZPTF,Male,0,Yes,Yes,60,Yes,No,No,No internet service,No internet service,No internet service,No internet service,No internet service,No internet service,Month-to-month,Yes,Bank transfer (automatic),22.35,1366.5,No
1517-SYGTJ,Male,0,Yes,Yes,20,Yes,No,Fiber optic,Yes,No,No,No,No,No,Two year,No,Electronic check,86.02,1706.73,No
1004-BDMPQ,Female,0,No,No,29,Yes,No,DSL,No,No,Yes,Yes,No,No,One year,No,Bank transfer (automatic),56.12,1664.68,No
7768-YORGO,Male,0,Yes,No,39,Yes,No,Fiber optic,No,Yes,No,Yes,Yes,No,Month-to-month,Yes,Electronic check,102.33,3984.62,No
8321-UDVHX,Male,0,No,Yes,59,Yes,No,No,No internet service,No internet service,No internet service,No internet service,No internet service,No internet service,Month-to-month,Yes,Bank transfer (automatic),31.48,1872.42,Yes
6948-KCDJD,Male,0,No,No,66,No,No phone service,DSL,No,No,No,No,Yes,No,Month-to-month,Yes,Electronic check,53.15,3475.04,No
3894-JZWJG,Male,0,No,No,19,Yes,No,No,No internet service,No internet service,No internet service,No internet service,No internet service,No internet service,Month-to-month,No,Electronic check,25.79,444.94,No
9907-MLJEH,Female,0,No,No,7,Yes,Yes,No,No internet service,No internet service,No internet service,No internet service,No internet service,No internet service,One year,Yes,Electronic check,24.93,206.49,No
6096-VOGKE,Female,0,Yes,No,67,Yes,Yes,No,No internet service,No internet service,No internet service,No internet service,No internet service,No internet service,Month-to-month,Yes,Credit card (automatic),19.76,1327.91,No
9564-HKKSK,Male,0,Yes,Yes,4,Yes,Yes,Fiber optic,No,No,Yes,No,Yes,Yes,Month-to-month,No,Credit card (automatic),98.28,399.38,Yes
7285-IXYQD,Male,0,Yes,Yes,56,Yes,No,No,No internet service,No internet service,No internet service,No internet service,No internet service,No internet service,Month-to-month,Yes,Electronic check,19.0,1058.71,No
7704-XYLND,Male,0,Yes,No,28,Yes,No,Fiber optic,No,No,Yes,No,No,Yes,Month-to-month,No,Mailed check,93.69,2649.0,Yes
1467-KYKAZ,Female,0,Yes,Yes,21,Yes,No,Fiber optic,No,Yes,No,No,Yes,No,Month-to-month,Yes,Electronic check,93.59,1984.98,Yes
8345-EHUXJ,Male,0,Yes,No,2,Yes,Yes,Fiber optic,No,Yes,Yes,No,No,No,Month-to-month,Yes,Mailed check,87.91,186.35,No
1991-BBNYL,Male,0,No,No,10,Yes,No,Fiber optic,No,Yes,No,No,No,Yes,One year,Yes,Electronic check,89.93,868.11,No
5321-NMWGE,Male,0,Yes,Yes,16,Yes,Yes,Fiber optic,No,No,Yes,Yes,No,Yes,Two year,Yes,Credit card (automatic),95.22,1527.27,No
7951-UGTMF,Male,0,Yes,Yes,1,Yes,No,DSL,No,No,No,No,No,No,Month-to-month,No,Bank transfer (automatic),50.53,62.82,No
8396-SHTOV,Female,0,No,No,5,No,No phone service,DSL,No,No,No,Yes,No,No,Month-to-month,Yes,Electronic check,46.45,243.86,Yes
4759-SQBXS,Female,1,No,No,8,Yes,No,Fiber optic,No,No,No,No,No,No,Month-to-month,No,Electronic check,83.41,675.78,Yes
5730-VNNHF,Male,0,No,No,23,Yes,No,DSL,No,No,Yes,Yes,No,No,Two year,Yes,Electronic check,63.54,1467.55,No
1989-UNKGY,Male,0,No,No,65,No,No phone service,Fiber optic,No,No,No,No,Yes,Yes,One year,Yes,Mailed check,86.83,5644.42,No
5751-BRHZT,Male,0,No,No,70,Yes,Yes,DSL,Yes,No,No,No,No,No,One year,No,Electronic check,55.36,3908.47,No
8381-FFCIF,Male,0,No,Yes,31,Yes,Yes,DSL,No,No,Yes,No,No,No,Month-to-month,Yes,Credit card (automatic),51.2,1585.62,Yes
6852-ODXZO,Male,0,No,No,64,Yes,No,No,No internet service,No internet service,No internet service,No internet service,No internet service,No internet service,Month-to-month,Yes,Bank transfer (automatic),28.7,1813.99,No
7482-JAHZQ,Male,1,Yes,No,4,No,No phone service,Fiber optic,No,No,Yes,No,Yes,No,Month-to-month,No,Mailed check,91.6,394.89,No
7969-HAHMR,Male,0,No,No,16,Yes,No,Fiber optic,No,Yes,Yes,Yes,No,Yes,Month-to-month,Yes,Bank transfer (automatic),99.41,1608.64,Yes
1553-JSGMC,Male,0,Yes,No,11,Yes,No,Fiber optic,No,Yes,Yes,No,No,No,One year,No,Mailed check,92.79,1022.65,No
5830-KQTNB,Male,0,No,No,33,Yes,No,DSL,No,No,Yes,No,No,No,Two year,Yes,Electronic check,52.57,1706.17,No
2216-ILIEK,Female,0,Yes,No,9,Yes,Yes,No,No internet service,No internet service,No internet service,No internet service,No internet service,No internet service,Two year,No,Electronic check,30.63,282.01,No
3513-HWWUU,Female,1,No,No,7,Yes,No,No,No internet service,No internet service,No internet service,No internet service,No internet service,No internet service,Month-to-month,No,Mailed check,26.34,169.62,Yes
4521-QYQIN,Female,1,No,No,0,Yes,Yes,DSL,No,Yes,No,No,No,No,Month-to-month,Yes,Bank transfer (automatic),55.15,23.96,No
6894-XSITI,Female,1,Yes,No,37,Yes,No,No,No internet service,No internet service,No internet service,No internet service,No internet service,No internet service,Month-to-month,Yes,Credit card (automatic),24.85,917.2,No
8924-TMHHZ,Male,0,Yes,Yes,8,Yes,No,Fiber optic,No,No,Yes,No,No,Yes,Month-to-month,No,Mailed check,98.63,742.11,No
7682-AFFIA,Male,0,Yes,No,6,Yes,No,DSL,Yes,No,Yes,Yes,No,No,Month-to-month,Yes,Bank transfer (automatic),58.11,346.48,Yes
2676-WOJUH,Female,0,Yes,Yes,39,Yes,No,DSL,No,No,No,Yes,No,No,Month-to-month,No,Electronic check,53.92,2101.2,Yes
3566-NTVBJ,Male,0,No,No,1,Yes,No,Fiber optic,Yes,No,No,Yes,No,Yes,Month-to-month,Yes,Mailed check,99.88,97.92,Yes
2251-SZTBZ,Male,0,No,No,30,Yes,Yes,DSL,No,Yes,No,No,Yes,Yes,One year,No,Credit card (automatic),67.29,2038.17,No
9869-EYVNW,Male,1,No,No,1,Yes,Yes,Fiber optic,Yes,No,No,Yes,No,Yes,Month-to-month,Yes,Mailed check,90.57,92.38,Yes
6044-BUVVL,Male,0,Yes,Yes,61,Yes,Yes,Fiber optic,No,No,Yes,No,No,Yes,Month-to-month,No,Credit card (automatic),98.9,6059.68,No
8212-YVUUD,Male,0,No,No,1,Yes,No,No,No internet service,No internet service,No internet service,No internet service,No internet service,No internet service,One year,No,Mailed check,28.66,16.89,No
4134-XAANH,Female,0,Yes,Yes,59,Yes,No,DSL,No,No,Yes,No,Yes,No,Month-to-month,Yes,Electronic check,58.05,3450.45,No
8816-LRHBY,Male,0,Yes,No,24,Yes,No,Fiber optic,Yes,No,No,No,No,No,Two year,Yes,Mailed check,83.33,1989.5,No
6609-CXSYC,Male,0,No,No,60,Yes,No,Fiber optic,No,Yes,Yes,No,No,No,Month-to-month,Yes,Electronic check,87.39,5256.56,No
6862-KNNHC,Female,0,No,No,3,Yes,Yes,No,No internet service,No internet service,No internet service,No internet service,No internet service,No internet service,Month-to-month,Yes,Mailed check,28.62,83.32,Yes
5847-AJDJN,Female,0,No,No,1,Yes,No,DSL,No,Yes,Yes,Yes,Yes,No,One year,No,Credit card (automatic),75.17,92.2,No
2635-QEJBD,Male,0,No,No,35,Yes,Yes,Fiber optic,Yes,Yes,No,Yes,Yes,No,Two year,Yes,Electronic check,109.59,3859.08,No
3219-WYCNL,Male,0,Yes,No,1,Yes,No,No,No internet service,No internet service,No internet service,No internet service,No internet service,No internet service,Month-to-month,Yes,Electronic check,23.11,72.66,No
3453-LNAGW,Female,1,No,No,18,Yes,No,Fiber optic,No,Yes,Yes,No,No,No,One year,Yes,Bank transfer (automatic),84.48,1497.89,No
8592-IBIMA,Female,0,Yes,No,26,Yes,No,Fiber optic,Yes,No,No,Yes,Yes,No,One year,No,Mailed check,87.26,2258.01,No
2616-ZUSEX,Male,0,No,No,42,Yes,No,Fiber optic,No,No,No,No,No,No,Month-to-month,No,Mailed check,76.89,3232.42,No
5157-IZPRI,Male,0,No,No,6,Yes,Yes,DSL,Yes,No,Yes,No,Yes,Yes,Two year,No,Mailed check,74.82,414.62,No
4327-KIUIK,Female,0,No,No,56,Yes,No,No,No internet service,No internet service,No internet service,No internet service,No internet service,No internet service,Two year,Yes,Electronic check,22.2,1213.78,No
2312-ULXUH,Female,0,Yes,Yes,72,Yes,No,DSL,No,No,Yes,Yes,Yes,No,Month-to-month,No,Credit card (automatic),65.53,4688.53,No
7192-GRKCK,Female,0,No,No,8,Yes,No,Fiber optic,No,Yes,No,No,No,Yes,Month-to-month,No,Bank transfer (automatic),95.05,757.36,No
6679-RFFTR,Female,0,Yes,No,25,Yes,Yes,Fiber optic,No,No,No,Yes,Yes,No,Two year,Yes,Bank transfer (automatic),88.01,2192.26,No
2411-VCNTK,Male,0,Yes,Yes,72,Yes,No,Fiber optic,No,No,No,No,No,Yes,Month-to-month,No,Credit card (automatic),94.17,6778.71,No
2854-ADRLS,Female,0,Yes,No,64,Yes,Yes,Fiber optic,No,No,Yes,Yes,No,Yes,Month-to-month,No,Credit card (automatic),96.23,6154.56,No
1883-GLTWT,Male,0,Yes,No,65,Yes,No,No,No internet service,No internet service,No internet service,No internet service,No internet service,No internet service,Month-to-month,No,Bank transfer (automatic),24.56,1596.63,No
4515-GJLCL,Female,0,Yes,Yes,32,Yes,No,No,No internet service,No internet service,No internet service,No internet service,No internet service,No internet service,Month-to-month,Yes,Mailed check,21.9,723.1,No
6371-SUMAY,Male,0,No,No,10,Yes,No,Fiber optic,No,No,No,No,No,No,Month-to-month,Yes,Electronic check,72.88,725.38,Yes
7090-YQJKV,Male,0,Yes,No,53,Yes,Yes,Fiber optic,Yes,Yes,Yes,Yes,No,No,Month-to-month,Yes,Bank transfer (automatic),97.56,5167.1,No
8451-IRHUD,Male,1,No,No,21,Yes,No,Fiber optic,Yes,No,Yes,No,Yes,No,Month-to-month,Yes,Electronic check,95.09,1983.45,Yes
9517-HUGRO,Female,0,Yes,Yes,14,Yes,Yes,DSL,No,No,No,Yes,No,No,Month-to-month,Yes,Electronic check,54.02,760.1,Yes
9082-SHXZI,Female,1,No,No,1,No,No phone service,No,No internet service,No internet service,No internet service,No internet service,No internet service,No internet service,One year,No,Bank transfer (automatic),18.25,38.97,No
3119-WHFFF,Female,0,No,No,67,Yes,Yes,No,No internet service,No internet service,No internet service,No internet service,No internet service,No internet service,One year,Yes,Electronic check,27.15,1810.53,No
8354-QUWCZ,Male,1,No,No,55,Yes,No,Fiber optic,Yes,No,No,Yes,No,No,Two year,Yes,Credit card (automatic),92.62,5080.56,Yes
7511-ATZFP,Female,0,No,No,72,Yes,No,DSL,No,Yes,Yes,No,No,Yes,Month-to-month,Yes,Credit card (automatic),74.97,5378.21,No
4875-TBXUV,Male,0,Yes,Yes,7,Yes,Yes,No,No internet service,No internet service,No internet service,No internet service,No internet service,No internet service,Month-to-month,No,Electronic check,23.99,183.98,No
6280-ODJAR,Male,0,Yes,Yes,63,Yes,No,Fiber optic,No,No,Yes,No,Yes,No,Two year,Yes,Electronic check,86.56,5418.17,No
9442-VPZDM,Female,1,No,No,52,Yes,Yes,No,No internet service,No internet service,No internet service,No internet service,No internet service,No internet service,Two year,Yes,Credit card (automatic),22.51,1141.08,No
5937-YEXIU,Male,1,Yes,Yes,1,Yes,No,Fiber optic,No,No,No,No,No,Yes,Month-to-month,Yes,Bank transfer (automatic),89.93,110.57,Yes
4912-MQPSV,Male,1,Yes,Yes,9,Yes,Yes,Fiber optic,No,No,No,No,No,No,Month-to-month,No,Bank transfer (automatic),79.03,723.01,Yes
3570-AHYEJ,Male,0,No,No,58,Yes,Yes,DSL,No,No,No,No,No,No,Month-to-month,No,Electronic check,52.85,3047.36,Yes
2580-HMIDO,Female,0,Yes,No,56,Yes,No,No,No internet service,No internet service,No internet service,No internet service,No internet service,No internet service,Month-to-month,Yes,Mailed check,23.82,1351.02,No
4793-AZZXA,Female,0,Yes,Yes,6,Yes,Yes,Fiber optic,Yes,Yes,Yes,Yes,No,Yes,Month-to-month,Yes,Bank transfer (automatic),108.17,669.21,Yes
8851-FGQXC,Male,0,No,No,13,No,No phone service,Fiber optic,No,No,Yes,No,No,No,Month-to-month,Yes,Electronic check,83.83,1101.08,Yes
1554-OPFAC,Female,0,No,Yes,45,Yes,No,DSL,No,Yes,Yes,Yes,Yes,No,Month-to-month,No,Credit card (automatic),68.91,3114.35,Yes
4303-ACNAO,Female,0,No,No,51,Yes,Yes,Fiber optic,No,No,Yes,Yes,Yes,No,Two year,No,Bank transfer (automatic),96.78,4939.43,No
1256-TOEJP,Female,0,No,No,57,Yes,Yes,No,No internet service,No internet service,No internet service,No internet service,No internet service,No internet service,Month-to-month,Yes,Mailed check,28.53,1597.67,No
9927-HNJIF,Male,1,No,No,34,Yes,No,DSL,No,No,Yes,No,Yes,No,Month-to-month,Yes,Electronic check,57.7,1978.32,No
3511-MXJPU,Female,1,Yes,No,2,Yes,Yes,Fiber optic,No,Yes,Yes,No,Yes,No,Month-to-month,Yes,Bank transfer (automatic),98.53,196.88,Yes
1531-RXHIH,Male,0,No,No,11,Yes,No,Fiber optic,No,No,Yes,No,Yes,No,Two year,No,Credit card (automatic),99.2,1086.97,Yes
2049-IMMWP,Male,0,Yes,No,14,Yes,No,Fiber optic,No,No,Yes,No,No,No,Month-to-month,Yes,Mailed check,87.52,1260.25,Yes
4830-NFFRB,Female,0,No,No,69,Yes,No,No,No internet service,No internet service,No internet service,No internet service,No internet service,No internet service,Month-to-month,Yes,Bank transfer (automatic),30.2,2097.76,No
7114-OKTZD,Male,0,Yes,Yes,1,Yes,No,DSL,No,Yes,No,Yes,Yes,No,Two year,Yes,Electronic check,66.57,100.35,No
5652-ZSLFP,Male,0,Yes,Yes,10,Yes,No,Fiber optic,No,No,No,Yes,No,Yes,Two year,Yes,Credit card (automatic),95.8,940.77,No
9888-ZCZOA,Male,0,Yes,Yes,2,Yes,Yes,DSL,Yes,No,No,Yes,No,No,One year,No,Electronic check,61.94,126.38,No
7123-MEXNF,Female,0,No,No,43,Yes,No,No,No internet service,No internet service,No internet service,No internet service,No internet service,No internet service,Two year,Yes,Electronic check,25.1,1105.96,No
2357-CNCXM,Female,0,No,Yes,2,Yes,No,Fiber optic,No,No,No,No,No,No,Month-to-month,Yes,Electronic check,83.27,152.94,Yes
7220-NPCKX,Male,1,No,No,13,Yes,Yes,DSL,No,No,No,No,Yes,No,Month-to-month,No,Credit card (automatic),62.79,781.1,No
5949-ZVHWI,Female,0,No,Yes,11,Yes,Yes,Fiber optic,No,No,Yes,No,No,No,One year,Yes,Bank transfer (automatic),85.97,923.63,No
7061-ESFTK,Female,1,No,No,21,Yes,Yes,Fiber optic,No,No,No,No,No,Yes,Month-to-month,No,Mailed check,84.73,1771.97,Yes
2083-WEMVO,Female,1,No,No,32,Yes,No,No,No internet service,No internet service,No internet service,No internet service,No internet service,No internet service,Month-to-month,Yes,Electronic check,28.29,888.42,No
4359-FGBIB,Female,1,No,No,23,Yes,Yes,DSL,No,No,Yes,No,No,No,Month-to-month,Yes,Credit card (automatic),53.04,1235.52,No
8277-BPHLN,Male,0,Yes,Yes,13,Yes,No,No,No internet service,No internet service,No internet service,No internet service,No internet service,No internet service,Two year,No,Bank transfer (automatic),23.27,326.77,No
2803-UVGNG,Male,0,Yes,Yes,3,Yes,No,Fiber optic,No,No,No,Yes,No,No,Two year,Yes,Mailed check,81.81,261.75,No
4825-YGDAY,Male,0,No,Yes,9,Yes,No,Fiber optic,No,No,No,No,No,No,Month-to-month,No,Bank transfer (automatic),75.76,720.22,Yes
5913-PMYHQ,Female,0,Yes,Yes,72,Yes,No,Fiber optic,No,Yes,No,No,No,Yes,Month-to-month,No,Credit card (automatic),87.3,6278.43,No
9227-WFGKG,Female,0,Yes,No,55,Yes,No,DSL,No,Yes,Yes,No,Yes,No,Two year,No,Bank transfer (automatic),72.29,3970.9,No
8197-IEEUM,Male,0,Yes,No,26,Yes,Yes,DSL,No,Yes,Yes,No,Yes,No,Month-to-month,Yes,Electronic check,66.75,1741.66,Yes
5697-XAQKI,Female,0,Yes,No,14,Yes,No,Fiber optic,Yes,No,No,No,Yes,Yes,Month-to-month,No,Electronic check,96.18,1340.28,Yes
6529-YLGQE,Male,0,No,No,38,Yes,Yes,Fiber optic,Yes,No,Yes,No,Yes,No,Two year,No,Electronic check,104.16,3947.85,Yes
1750-TZVWP,Male,0,Yes,Yes,2,Yes,Yes,Fiber optic,Yes,Yes,Yes,No,Yes,No,One year,No,Mailed check,102.71,228.35,No
3451-KCMOR,Male,0,Yes,Yes,42,Yes,Yes,Fiber optic,Yes,No,No,Yes,No,No,Two year,No,Bank transfer (automatic),93.27,3928.12,No
5073-EWGTK,Female,0,Yes,Yes,18,No,No phone service,Fiber optic,Yes,Yes,Yes,Yes,No,No,Month-to-month,No,Electronic check,98.44,1763.13,Yes
9300-NBSAS,Female,0,Yes,Yes,55,No,No phone service,Fiber optic,No,No,No,No,Yes,No,Month-to-month,Yes,Electronic check,80.18,4439.81,Yes
2775-LZVJO,Male,0,No,No,8,Yes,Yes,Fiber optic,No,Yes,No,No,No,No,Month-to-month,Yes,Credit card (automatic),83.94,705.44,Yes
2330-DEZEX,Female,0,Yes,No,72,No,No phone service,DSL,Yes,No,Yes,No,No,Yes,Month-to-month,Yes,Credit card (automatic),59.39,4265.23,No
6723-KLTRX,Male,1,Yes,Yes,19,Yes,Yes,DSL,No,Yes,No,No,Yes,Yes,One year,Yes,Bank transfer (automatic),75.74,1419.47,Yes
2540-YUOWK,Female,0,Yes,Yes,29,Yes,Yes,Fiber optic,No,No,No,No,No,No,Month-to-month,No,Electronic check,75.08,2181.78,No
3829-YITRE,Female,0,Yes,No,12,Yes,No,No,No internet service,No internet service,No internet service,No internet service,No internet service,No internet service,Month-to-month,Yes,Credit card (automatic),19.11,232.22,No
1386-JREML,Male,0,No,No,12,Yes,No,Fiber optic,No,No,No,Yes,No,Yes,Two year,Yes,Credit card (automatic),91.66,1091.84,No
7924-WPHVS,Female,1,Yes,Yes,4,Yes,No,DSL,No,No,No,Yes,No,No,Two year,Yes,Mailed check,55.46,199.99,Yes
2276-EKAFG,Female,0,No,No,72,Yes,No,Fiber optic,No,Yes,Yes,Yes,No,No,Month-to-month,Yes,Credit card (automatic),94.28,6796.31,Yes
5015-OXCFH,Female,0,Yes,No,8,Yes,No,No,No internet service,No internet service,No internet service,No internet service,No internet service,No internet service,Month-to-month,Yes,Credit card (automatic),21.19,188.57,No
8737-URBSM,Female,0,No,No,32,Yes,Yes,DSL,No,No,No,No,Yes,Yes,Month-to-month,Yes,Mailed check,64.82,2089.09,Yes
7569-OQDLA,Female,1,No,No,56,Yes,No,No,No internet service,No internet service,No internet service,No internet service,No internet service,No internet service,Two year,No,Electronic check,27.23,1540.73,No
5999-MINGY,Male,0,No,No,7,Yes,Yes,DSL,Yes,No,No,No,No,No,Month-to-month,No,Electronic check,52.72,364.06,Yes
8311-ZDRYO,Male,0,No,No,62,Yes,No,DSL,Yes,No,No,No,No,Yes,Month-to-month,Yes,Credit card (automatic),67.22,4143.24,No
3356-KYTYT,Male,0,Yes,No,63,Yes,Yes,No,No internet service,No internet service,No internet service,No internet service,No internet service,No internet service,One year,Yes,Credit card (automatic),26.85,1671.39,No
5545-GZMFW,Male,0,No,No,6,Yes,Yes,Fiber optic,Yes,No,No,No,No,No,Two year,No,Bank transfer (automatic),81.15,460.7,Yes
8210-MZAIQ,Female,0,No,No,40,No,No phone service,DSL,Yes,No,No,No,Yes,No,Month-to-month,No,Credit card (automatic),65.65,2633.29,No
3871-LVGIW,Male,0,No,No,72,Yes,Yes,DSL,No,No,Yes,Yes,No,Yes,Month-to-month,Yes,Bank transfer (automatic),71.65,5158.61,Yes
7068-IVOPU,Female,0,No,No,6,Yes,No,DSL,Yes,No,Yes,No,Yes,No,Two year,No,Bank transfer (automatic),65.62,392.21,No
3566-SVLPY,Male,0,Yes,Yes,72,Yes,No,Fiber optic,No,No,No,No,No,No,Two year,Yes,Bank transfer (automatic),80.2,5735.03,No
6107-QOBHG,Male,0,No,Yes,72,Yes,No,No,No internet service,No internet service,No internet service,No internet service,No internet service,No internet service,Two year,Yes,Electronic check,25.85,1864.89,No
3770-TDIBF,Male,0,No,No,17,Yes,Yes,No,No internet service,No internet service,No internet service,No internet service,No internet service,No internet service,One year,Yes,Credit card (automatic),25.66,411.15,No
3381-LCTLZ,Male,1,Yes,No,54,Yes,No,Fiber optic,No,No,No,No,Yes,No,Month-to-month,No,Electronic check,89.52,4863.93,Yes
2990-HKWOE,Female,0,No,No,28,Yes,No,Fiber optic,Yes,Yes,Yes,No,No,No,Month-to-month,Yes,Credit card (automatic),94.44,2618.91,No
4244-TWCMC,Female,0,No,No,27,Yes,Yes,DSL,Yes,No,No,Yes,Yes,No,Month-to-month,Yes,Bank transfer (automatic),62.75,1717.43,No
4607-JYSUE,Male,0,No,No,4,Yes,No,DSL,Yes,No,Yes,No,Yes,No,Month-to-month,Yes,Electronic check,70.43,252.76,Yes
4962-RFCWH,Male,0,Yes,Yes,70,Yes,No,Fiber optic,No,No,No,Yes,Yes,No,Month-to-month,No,Mailed check,97.75,6843.89,No
5452-VPCVY,Male,0,Yes,Yes,15,No,No phone service,DSL,No,Yes,No,No,Yes,No,One year,No,Mailed check,59.21,921.32,No
9666-MBEIA,Male,0,No,No,7,Yes,No,DSL,No,No,No,Yes,No,No,Two year,Yes,Electronic check,52.51,364.1,No
6470-NQMEY,Male,0,Yes,Yes,43,Yes,Yes,Fiber optic,Yes,No,No,Yes,No,No,Two year,No,Electronic check,85.9,3699.45,No
7517-CBROZ,Male,0,No,No,18,No,No phone service,No,No internet service,No internet service,No internet service,No internet service,No internet service,No internet service,Month-to-month,Yes,Electronic check,21.47,365.01,No
4416-ERAGD,Female,1,No,No,7,Yes,No,Fiber optic,Yes,Yes,No,Yes,No,Yes,Month-to-month,No,Electronic check,98.8,737.72,No
4440-UAXSC,Female,0,Yes,Yes,18,Yes,Yes,DSL,No,Yes,Yes,Yes,Yes,Yes,Two year,Yes,Electronic check,80.29,1441.31,No
6793-VOCBF,Male,0,Yes,Yes,31,Yes,Yes,DSL,No,No,No,No,Yes,No,Month-to-month,No,Electronic check,59.68,1855.5,No
6579-ADNNB,Male,0,No,No,6,Yes,No,No,No internet service,No internet service,No internet service,No internet service,No internet service,No internet service,Month-to-month,No,Credit card (automatic),24.93,142.06,Yes
9301-ZHLZJ,Female,0,Yes,No,66,Yes,No,Fiber optic,No,No,No,No,No,No,One year,Yes,Bank transfer (automatic),82.26,5398.73,No
2179-LOYAK,Male,0,Yes,No,4,Yes,Yes,No,No internet service,No internet service,No internet service,No internet service,No internet service,No internet service,Two year,Yes,Bank transfer (automatic),26.44,92.21,No
9117-MSIUQ,Female,0,No,No,9,Yes,No,DSL,No,No,No,Yes,Yes,No,Two year,Yes,Bank transfer (automatic),63.73,566.49,Yes
5041-COXSF,Male,0,Yes,No,42,Yes,Yes,Fiber optic,Yes,No,Yes,Yes,Yes,No,One year,Yes,Mailed check,103.4,4369.52,No
6690-SQYBM,Male,0,No,No,2,Yes,Yes,Fiber optic,No,Yes,No,Yes,Yes,No,One year,No,Credit card (automatic),94.34,181.93,Yes
2288-BFBZI,Female,0,No,Yes,69,Yes,Yes,Fiber optic,Yes,Yes,No,No,Yes,No,Month-to-month,Yes,Credit card (automatic),94.82,6570.9,No
1515-TQBTI,Female,0,Yes,No,24,Yes,Yes,No,No internet service,No internet service,No internet service,No internet service,No internet service,No internet service,One year,Yes,Credit card (automatic),19.97,485.65,No
3094-WFJRB,Male,1,Yes,No,26,Yes,No,Fiber optic,Yes,No,No,No,No,Yes,Month-to-month,Yes,Bank transfer (automatic),95.9,2507.66,Yes
2775-PEUOM,Female,0,No,No,24,Yes,Yes,No,No internet service,No internet service,No internet service,No internet service,No internet service,No internet service,Month-to-month,Yes,Bank transfer (automatic),27.64,677.42,No
8667-ATKGS,Female,1,Yes,Yes,7,Yes,Yes,DSL,No,No,No,No,Yes,No,Month-to-month,Yes,Electronic check,56.61,426.0,No
5110-BGPRD,Female,0,Yes,Yes,5,Yes,No,No,No internet service,No internet service,No internet service,No internet service,No internet service,No internet service,Two year,No,Electronic check,23.57,109.78,No
3887-YUSXO,Male,1,No,No,21,Yes,Yes,Fiber optic,Yes,No,No,No,Yes,No,One year,Yes,Electronic check,96.4,2010.5,Yes
8040-UZPIF,Female,1,Yes,Yes,18,No,No phone service,Fiber optic,No,Yes,No,No,Yes,No,Month-to-month,Yes,Mailed check,86.53,1543.63,Yes
4649-NQPYG,Female,0,No,No,72,Yes,No,Fiber optic,No,Yes,No,No,No,No,Two year,No,Credit card (automatic),82.49,5951.23,No
7295-TWKKN,Male,0,Yes,Yes,5,Yes,Yes,DSL,No,Yes,No,Yes,No,Yes,Month-to-month,Yes,Electronic check,65.74,340.68,Yes
8958-LNUMS,Female,0,Yes,Yes,27,Yes,No,No,No internet service,No internet service,No internet service,No internet service,No internet service,No internet service,Month-to-month,Yes,Electronic check,23.18,627.79,Yes
1977-EZTPR,Female,0,No,No,37,Yes,Yes,DSL,Yes,No,Yes,No,No,Yes,Month-to-month,Yes,Credit card (automatic),65.21,2426.06,No
7474-KYJZJ,Male,0,No,No,20,Yes,Yes,Fiber optic,No,No,No,No,No,Yes,Month-to-month,No,Mailed check,91.47,1874.57,Yes
7503-HGUYL,Female,0,No,No,3,Yes,Yes,DSL,No,No,Yes,Yes,No,Yes,Month-to-month,Yes,Mailed check,65.83,211.74,Yes
1619-DMFPH,Male,1,No,No,72,Yes,No,DSL,No,No,Yes,No,Yes,No,One year,No,Bank transfer (automatic),61.78,4439.3,No
5036-AAAIQ,Male,1,No,Yes,15,No,No phone service,No,No internet service,No internet service,No internet service,No internet service,No internet service,No internet service,Two year,No,Credit card (automatic),19.56,293.7,No
1106-ZJYWX,Male,1,Yes,Yes,49,Yes,Yes,No,No internet service,No internet service,No internet service,No internet service,No internet service,No internet service,One year,Yes,Bank transfer (automatic),24.36,1188.44,No
7553-YMNJB,Male,1,Yes,Yes,8,Yes,No,No,No internet service,No internet service,No internet service,No internet service,No internet service,No internet service,Month-to-month,Yes,Electronic check,24.5,233.66,No
6770-XJYZP,Female,0,No,No,14,No,No phone service,Fiber optic,No,No,Yes,No,Yes,Yes,One year,Yes,Mailed check,97.98,1363.93,No
9718-RBLQJ,Female,0,No,Yes,71,Yes,No,Fiber optic,No,No,No,No,Yes,Yes,One year,Yes,Electronic check,89.99,6414.18,No
9723-HLSUS,Female,0,No,No,27,Yes,Yes,No,No internet service,No internet service,No internet service,No internet service,No internet service,No internet service,Month-to-month,No,Bank transfer (automatic),27.08,747.08,Yes
1690-VGTED,Male,0,No,No,8,No,No phone service,Fiber optic,No,No,Yes,No,Yes,No,One year,Yes,Bank transfer (automatic),85.86,687.49,No
3994-VTHRQ,Female,0,No,No,21,Yes,No,Fiber optic,Yes,Yes,No,No,No,Yes,Two year,Yes,Mailed check,96.28,2014.48,No
1467-MAGOT,Male,0,No,No,72,Yes,No,Fiber optic,No,No,No,No,No,Yes,Month-to-month,Yes,Electronic check,91.73,6586.91,No
8267-FJNNJ,Male,0,No,No,6,Yes,No,No,No internet service,No internet service,No internet service,No internet service,No internet service,No internet service,One year,Yes,Mailed check,28.22,198.34,No
6675-VKRDU,Female,0,No,No,56,Yes,No,DSL,No,No,Yes,No,No,Yes,Month-to-month,Yes,Electronic check,72.03,4068.27,No
1917-VNMVT,Male,0,No,No,70,No,No phone service,Fiber optic,No,Yes,No,No,No,No,Month-to-month,Yes,Mailed check,79.99,5608.43,Yes
4463-NXTAS,Male,0,No,No,27,Yes,Yes,Fiber optic,No,No,No,No,No,No,One year,Yes,Electronic check,76.88,2050.73,No
8112-VCAZB,Male,0,No,No,69,Yes,No,Fiber optic,No,No,No,No,No,No,Month-to-month,Yes,Electronic check,80.7,5539.43,No
2499-AIXMY,Male,0,No,No,68,Yes,No,No,No internet service,No internet service,No internet service,No internet service,No internet service,No internet service,One year,No,Mailed check,22.88,1558.56,No
4074-RVCCA,Male,0,Yes,Yes,61,Yes,No,DSL,Yes,Yes,No,No,No,Yes,Month-to-month,Yes,Bank transfer (automatic),65.18,3971.56,No
5306-KAFLQ,Female,0,No,No,31,Yes,Yes,Fiber optic,No,No,Yes,No,Yes,No,Month-to-month,Yes,Bank transfer (automatic),90.14,2803.85,Yes
6392-NIJEG,Female,0,Yes,No,68,Yes,No,DSL,No,Yes,Yes,No,Yes,No,Month-to-month,No,Credit card (automatic),66.15,4510.41,No
5743-XMNDS,Female,0,Yes,Yes,12,Yes,No,No,No internet service,No internet service,No internet service,No internet service,No internet service,No internet service,Month-to-month,Yes,Bank transfer (automatic),21.21,228.07,No
3458-IIAVA,Female,0,Yes,Yes,31,Yes,No,Fiber optic,Yes,Yes,No,No,No,Yes,Month-to-month,Yes,Credit card (automatic),97.64,3021.03,No
6610-GAEGJ,Female,1,Yes,No,40,Yes,No,Fiber optic,No,No,Yes,Yes,No,Yes,Month-to-month,Yes,Electronic check,102.0,4066.19,No
7305-CGMBF,Female,0,Yes,No,56,No,No phone service,Fiber optic,Yes,Yes,No,No,No,No,Month-to-month,Yes,Bank transfer (automatic),80.8,4512.67,No
3704-OXZNU,Female,0,Yes,No,0,Yes,No,Fiber optic,Yes,No,No,No,No,Yes,Month-to-month,Yes,Credit card (automatic),89.7,0.0,Yes
8565-SNZMP,Female,0,Yes,No,57,Yes,Yes,DSL,No,No,No,No,No,No,Month-to-month,Yes,Credit card (automatic),47.99,2738.44,Yes
1316-VACDI,Male,0,No,No,26,Yes,Yes,DSL,No,Yes,No,No,No,No,Two year,Yes,Credit card (automatic),54.47,1397.75,No
9992-KNULO,Female,0,No,No,17,Yes,No,DSL,Yes,Yes,No,Yes,Yes,No,Month-to-month,Yes,Bank transfer (automatic),72.62,1230.08,No
9081-LKSRU,Female,1,Yes,Yes,45,Yes,No,Fiber optic,No,Yes,No,No,No,No,One year,No,Electronic check,87.07,3911.22,No
7457-IPZXV,Male,0,No,No,21,Yes,Yes,No,No internet service,No internet service,No internet service,No internet service,No internet service,No internet service,Month-to-month,Yes,Electronic check,27.12,548.0,Yes
3279-AMMWW,Male,0,Yes,Yes,61,Yes,No,No,No internet service,No internet service,No internet service,No internet service,No internet service,No internet service,Two year,Yes,Electronic check,29.07,1759.72,No
7844-RUOPG,Female,0,Yes,Yes,40,Yes,Yes,Fiber optic,No,No,No,No,No,Yes,Month-to-month,Yes,Electronic check,91.72,3670.79,No
7210-ROCBI,Female,0,Yes,Yes,62,Yes,No,Fiber optic,No,Yes,No,No,Yes,Yes,One year,No,Electronic check,100.12,6171.63,No
4076-NUIRF,Female,0,No,No,13,Yes,No,Fiber optic,Yes,No,No,Yes,No,No,One year,No,Electronic check,87.22,1120.16,No
6877-EPPEV,Male,1,Yes,Yes,36,Yes,No,Fiber optic,No,Yes,Yes,No,Yes,No,One year,No,Bank transfer (automatic),102.5,3672.25,No
8899-MXXPF,Female,0,Yes,No,72,Yes,No,No,No internet service,No internet service,No internet service,No internet service,No internet service,No internet service,Two year,No,Credit card (automatic),22.15,1617.36,No
5759-WCXQD,Female,0,Yes,Yes,49,Yes,No,No,No internet service,No internet service,No internet service,No internet service,No internet service,No internet service,Month-to-month,Yes,Mailed check,31.39,1511.54,No
3799-RJNCL,Male,1,Yes,Yes,58,No,No phone service,DSL,No,No,No,No,Yes,No,One year,Yes,Credit card (automatic),49.65,2892.86,No
7036-CFEDG,Female,0,No,No,21,Yes,Yes,DSL,Yes,Yes,No,Yes,No,No,Month-to-month,Yes,Electronic check,69.46,1493.34,Yes
2961-FVWAW,Female,0,Yes,Yes,2,Yes,No,DSL,Yes,No,No,No,No,Yes,Month-to-month,No,Credit card (automatic),61.37,148.59,No
5964-VOTNX,Male,0,Yes,No,11,No,No phone service,DSL,No,Yes,No,No,No,No,Two year,Yes,Electronic check,47.47,520.73,No
9041-FPARM,Female,0,Yes,No,36,Yes,No,DSL,No,No,No,No,No,Yes,Month-to-month,No,Credit card (automatic),55.62,1998.86,No
8458-ISNOC,Male,1,No,No,17,Yes,Yes,No,No internet service,No internet service,No internet service,No internet service,No internet service,No internet service,One year,No,Mailed check,28.92,497.54,Yes
3760-KTWPU,Female,0,No,No,8,Yes,No,No,No internet service,No internet service,No internet service,No internet service,No internet service,No internet service,Month-to-month,No,Bank transfer (automatic),22.86,206.66,No
5574-WDDIJ,Female,0,Yes,No,2,Yes,Yes,Fiber optic,No,No,No,No,No,No,Month-to-month,Yes,Credit card (automatic),83.15,169.61,Yes
4761-VSULG,Female,0,Yes,Yes,0,Yes,Yes,DSL,No,No,No,No,No,No,One year,No,Credit card (automatic),48.57,0.0,No
7135-UBBGE,Female,0,Yes,No,37,Yes,No,DSL,Yes,No,Yes,No,No,No,One year,Yes,Mailed check,58.44,2187.0,No
8711-BGMIY,Male,0,Yes,No,10,Yes,No,Fiber optic,No,No,No,No,No,Yes,Two year,Yes,Mailed check,85.83,832.76,No
2386-FQPWZ,Female,0,Yes,No,60,Yes,No,DSL,No,Yes,No,No,No,No,Two year,Yes,Credit card (automatic),53.07,3166.6,No
7126-QWXFX,Male,0,No,No,31,Yes,No,DSL,No,Yes,Yes,No,No,Yes,Month-to-month,No,Bank transfer (automatic),62.58,1952.39,Yes
6912-VWUWU,Male,0,No,No,5,Yes,Yes,Fiber optic,Yes,No,Yes,Yes,No,No,Two year,Yes,Mailed check,92.75,462.12,Yes
4342-RJDMQ,Male,1,No,No,43,Yes,No,DSL,No,No,No,Yes,No,No,Month-to-month,Yes,Electronic check,58.02,2490.0,No
6406-GGVYY,Male,0,Yes,No,67,Yes,No,DSL,No,No,No,Yes,No,Yes,Month-to-month,Yes,Mailed check,61.29,4099.95,No
7255-HQGYO,Male,0,Yes,No,6,Yes,Yes,DSL,No,Yes,No,No,No,No,Month-to-month,No,Electronic check,57.33,305.91,No
3341-WWCIC,Female,0,No,No,3,Yes,No,Fiber optic,No,No,No,Yes,Yes,Yes,Month-to-month,Yes,Credit card (automatic),99.57,261.76,Yes
4580-WYCOY,Female,0,Yes,No,4,Yes,No,Fiber optic,No,No,No,No,No,No,One year,Yes,Electronic check,83.75,325.34,Yes
3672-AOQNY,Male,0,No,Yes,13,Yes,Yes,DSL,No,Yes,No,Yes,No,No,Month-to-month,No,Credit card (automatic),59.11,755.04,Yes
9297-YAVDW,Male,0,Yes,No,34,Yes,No,DSL,No,No,No,No,No,Yes,Month-to-month,No,Bank transfer (automatic),52.85,1808.76,Yes
3622-NABJB,Female,0,Yes,Yes,15,Yes,No,DSL,No,No,Yes,No,Yes,No,Month-to-month,Yes,Electronic check,64.15,954.25,No
5499-KDMHC,Male,0,Yes,No,19,Yes,Yes,Fiber optic,No,No,No,No,No,No,Month-to-month,No,Electronic check,79.14,1505.79,Yes
8199-HYUGJ,Female,0,Yes,Yes,72,No,No phone service,No,No internet service,No internet service,No internet service,No internet service,No internet service,No internet service,One year,No,Credit card (automatic),21.33,1525.25,No
3412-GYMBA,Male,0,No,No,47,Yes,No,Fiber optic,No,No,No,Yes,Yes,No,Month-to-month,No,Bank transfer (automatic),91.9,4340.82,Yes
4505-XNPDH,Male,1,Yes,Yes,36,Yes,No,DSL,No,No,Yes,No,No,No,One year,Yes,Mailed check,55.31,1979.93,No
4269-YAUJF,Male,0,No,No,17,Yes,Yes,No,No internet service,No internet service,No internet service,No internet service,No internet service,No internet service,One year,No,Mailed check,28.09,483.57,No
7905-EHZXL,Female,0,Yes,No,11,Yes,Yes,DSL,Yes,Yes,Yes,No,Yes,No,Month-to-month,No,Electronic check,66.49,726.38,Yes
8952-ZMKLA,Male,0,Yes,No,20,Yes,No,Fiber optic,No,Yes,No,Yes,No,Yes,Month-to-month,Yes,Mailed check,99.99,1997.75,Yes
9238-RQLWI,Male,0,Yes,Yes,2,Yes,Yes,DSL,No,No,No,No,No,No,Month-to-month,Yes,Credit card (automatic),54.42,91.21,Yes
9038-FTURB,Female,0,Yes,No,9,Yes,No,Fiber optic,Yes,No,No,No,Yes,No,One year,No,Credit card (automatic),96.03,885.13,No
9709-GYYSB,Female,0,No,No,61,Yes,Yes,Fiber optic,No,No,No,No,No,Yes,One year,Yes,Mailed check,85.76,5223.07,No
6666-KLQEY,Female,0,No,No,35,Yes,Yes,DSL,No,No,Yes,No,No,No,Month-to-month,No,Electronic check,58.57,2057.22,Yes
4800-GARRZ,Male,0,Yes,No,31,Yes,No,No,No internet service,No internet service,No internet service,No internet service,No internet service,No internet service,Two year,Yes,Mailed check,24.02,782.65,No
6250-IVTRF,Female,0,Yes,Yes,1,Yes,No,Fiber optic,No,Yes,No,No,Yes,Yes,One year,No,Credit card (automatic),104.79,111.07,No
2673-PNRWL,Male,0,Yes,Yes,29,Yes,No,DSL,No,Yes,Yes,No,No,No,Two year,Yes,Credit card (automatic),59.94,1759.93,No
2959-JTDIK,Male,1,Yes,No,21,Yes,No,Fiber optic,Yes,No,No,Yes,No,Yes,Two year,Yes,Bank transfer (automatic),98.68,2089.89,No
7374-LWFJS,Male,0,No,No,16,Yes,No,Fiber optic,No,No,No,Yes,No,Yes,Month-to-month,Yes,Mailed check,94.75,1523.93,No
7082-XXTUH,Male,0,Yes,No,22,Yes,Yes,Fiber optic,No,No,Yes,No,Yes,No,Month-to-month,Yes,Electronic check,91.92,2027.7,Yes
7070-QKTLY,Female,0,Yes,No,28,Yes,Yes,DSL,Yes,No,No,No,Yes,No,Month-to-month,No,Mailed check,69.23,1947.73,Yes
6326-MCWKS,Male,0,No,No,15,Yes,Yes,DSL,No,Yes,Yes,No,No,No,Two year,No,Credit card (automatic),61.35,922.71,No
2887-XZXLK,Female,1,Yes,Yes,16,Yes,No,DSL,No,Yes,No,No,No,No,Month-to-month,Yes,Electronic check,56.22,877.23,Yes
6635-ZXPHS,Female,0,No,No,9,Yes,Yes,Fiber optic,No,No,No,No,No,Yes,Month-to-month,No,Bank transfer (automatic),85.47,749.68,Yes
3458-KVOVH,Female,0,No,No,66,Yes,Yes,DSL,Yes,Yes,No,Yes,No,No,One year,Yes,Bank transfer (automatic),62.52,4116.69,No
1369-SHSPH,Female,0,No,No,10,No,No phone service,DSL,No,No,No,Yes,Yes,No,One year,Yes,Credit card (automatic),56.53,553.48,No
9131-HFPEH,Female,0,Yes,Yes,68,Yes,No,Fiber optic,No,No,Yes,No,No,No,Month-to-month,No,Mailed check,83.8,5698.75,No
8258-CGEVC,Male,0,No,No,71,Yes,No,DSL,No,No,No,Yes,No,Yes,One year,Yes,Electronic check,57.83,4105.84,No
9638-DLBYQ,Female,0,No,No,5,Yes,Yes,DSL,No,No,No,Yes,Yes,Yes,Month-to-month,Yes,Bank transfer (automatic),71.43,406.76,No
2457-NGTOY,Female,0,Yes,Yes,55,Yes,No,Fiber optic,Yes,Yes,No,No,Yes,No,Month-to-month,Yes,Electronic check,100.42,5484.7,No
9571-FRMEQ,Female,0,No,No,55,Yes,No,DSL,No,Yes,Yes,No,No,No,Two year,Yes,Electronic check,53.16,2909.35,No
8902-KRPIC,Female,0,Yes,No,12,Yes,Yes,DSL,No,No,No,No,No,Yes,One year,Yes,Credit card (automatic),57.64,684.96,No
3524-IJWJE,Female,0,Yes,Yes,40,Yes,Yes,DSL,No,No,No,No,Yes,Yes,One year,Yes,Mailed check,67.07,2692.94,No
7295-ONMDG,Male,1,No,No,72,Yes,No,Fiber optic,No,No,Yes,No,No,No,Month-to-month,No,Credit card (automatic),84.58,6087.49,No
3077-GDRAN,Male,0,No,No,23,Yes,No,DSL,No,No,Yes,Yes,No,No,Month-to-month,Yes,Bank transfer (automatic),61.5,1422.32,No
9413-OXOSW,Female,0,Yes,No,5,No,No phone service,Fiber optic,No,No,Yes,No,Yes,Yes,Month-to-month,Yes,Mailed check,93.74,472.19,Yes
1168-YMJCJ,Female,0,Yes,No,11,Yes,Yes,Fiber optic,No,Yes,Yes,No,Yes,Yes,Month-to-month,Yes,Credit card (automatic),104.74,1156.32,No
7001-VFPSL,Female,0,Yes,No,68,Yes,No,Fiber optic,No,Yes,No,Yes,No,Yes,One year,Yes,Bank transfer (automatic),96.13,6560.47,No
2483-CBHQW,Male,0,No,No,3,Yes,Yes,No,No internet service,No internet service,No internet service,No internet service,No internet service,No internet service,Two year,No,Mailed check,21.98,69.71,No
9895-QWXBY,Female,0,No,No,3,Yes,Yes,No,No internet service,No internet service,No internet service,No internet service,No internet service,No internet service,One year,Yes,Credit card (automatic),20.69,73.83,No
1993-SKTPL,Female,0,No,No,62,Yes,Yes,No,No internet service,No internet service,No internet service,No internet service,No internet service,No internet service,Month-to-month,Yes,Bank transfer (automatic),23.85,1491.12,Yes
9387-AUMVD,Female,1,No,No,20,Yes,No,DSL,Yes,No,Yes,No,Yes,No,One year,Yes,Bank transfer (automatic),71.66,1421.1,No
4316-NRBXL,Male,0,No,No,29,Yes,No,No,No internet service,No internet service,No internet service,No internet service,No internet service,No internet service,Month-to-month,No,Credit card (automatic),28.75,825.77,Yes
7591-BIFNA,Female,0,Yes,Yes,16,Yes,Yes,Fiber optic,No,Yes,No,No,No,Yes,Month-to-month,No,Bank transfer (automatic),91.74,1478.91,Yes
3223-TDTYI,Female,0,No,Yes,11,Yes,No,Fiber optic,No,No,No,Yes,No,No,Month-to-month,Yes,Credit card (automatic),80.84,867.14,Yes
9259-YCPLJ,Female,0,No,Yes,12,No,No phone service,No,No internet service,No internet service,No internet service,No internet service,No internet service,No internet service,Month-to-month,Yes,Credit card (automatic),18.25,226.16,Yes
2334-PDZWA,Male,0,Yes,No,72,Yes,No,DSL,Yes,No,No,No,No,Yes,Two year,No,Mailed check,62.85,4535.78,No
7317-SGOVK,Male,0,Yes,Yes,8,Yes,No,No,No internet service,No internet service,No internet service,No internet service,No internet service,No internet service,Month-to-month,No,Electronic check,26.93,209.47,Yes
1765-LGOVJ,Male,0,No,No,2,Yes,Yes,Fiber optic,No,Yes,No,No,No,No,Month-to-month,No,Electronic check,81.31,159.04,Yes
7905-CGRUR,Female,0,Yes,No,1,Yes,Yes,No,No internet service,No internet service,No internet service,No internet service,No internet service,No internet service,Month-to-month,Yes,Electronic check,26.91,30.33,No
7760-EQKXH,Male,0,Yes,No,7,Yes,No,Fiber optic,Yes,No,Yes,No,No,No,Month-to-month,No,Electronic check,92.66,683.87,Yes
9384-CFUDA,Female,1,Yes,No,15,Yes,No,DSL,No,Yes,Yes,Yes,No,Yes,Month-to-month,Yes,Credit card (automatic),71.46,1093.12,No
2059-GVAAJ,Male,0,Yes,Yes,6,Yes,No,DSL,No,No,Yes,Yes,No,Yes,Month-to-month,Yes,Electronic check,68.06,397.29,No
4004-NGHAA,Female,0,No,No,72,Yes,No,Fiber optic,No,No,No,Yes,No,No,Month-to-month,No,Credit card (automatic),84.7,6120.09,No
4614-RVBWM,Male,1,Yes,Yes,25,Yes,Yes,Fiber optic,No,No,No,No,No,No,One year,Yes,Bank transfer (automatic),75.01,1906.36,No
5566-PTEEZ,Male,1,Yes,No,17,Yes,No,DSL,No,No,No,Yes,No,No,One year,Yes,Mailed check,52.41,912.58,No
4183-TOWOF,Male,0,Yes,Yes,19,Yes,Yes,Fiber optic,Yes,No,No,No,No,No,Month-to-month,Yes,Electronic check,85.69,1625.59,Yes
5217-JMBHD,Female,0,No,No,0,Yes,No,DSL,Yes,No,No,No,No,No,Month-to-month,Yes,Electronic check,58.21,15.96,Yes
2617-YCINY,Female,0,No,No,64,No,No phone service,Fiber optic,No,No,No,No,No,Yes,One year,Yes,Electronic check,88.23,5651.09,No
1819-VIWGD,Male,0,No,No,20,Yes,No,Fiber optic,No,No,No,No,No,No,Month-to-month,Yes,Credit card (automatic),80.61,1609.47,Yes
6018-NXVSJ,Male,0,Yes,No,50,Yes,No,DSL,No,Yes,No,No,Yes,No,Month-to-month,No,Credit card (automatic),56.08,2835.15,No
8399-WZNPF,Male,0,No,No,32,Yes,Yes,Fiber optic,No,Yes,Yes,No,No,Yes,One year,Yes,Electronic check,102.65,3253.94,No
8059-INKVX,Female,0,No,No,62,Yes,Yes,Fiber optic,No,No,No,No,No,Yes,Month-to-month,Yes,Mailed check,88.19,5462.0,No
9571-JBRJB,Male,0,No,No,65,Yes,Yes,Fiber optic,Yes,No,No,No,Yes,No,One year,No,Bank transfer (automatic),92.63,6049.22,No
6721-IQCKQ,Male,0,Yes,No,7,Yes,No,DSL,No,No,No,No,No,No,Month-to-month,Yes,Bank transfer (automatic),53.01,362.41,No
5568-PAISY,Female,0,Yes,Yes,62,Yes,No,DSL,No,No,No,No,No,No,Month-to-month,No,Mailed check,48.58,3041.25,No
7024-MXAHM,Male,0,No,No,6,Yes,Yes,DSL,No,Yes,No,No,Yes,Yes,Month-to-month,Yes,Credit card (automatic),65.13,406.87,No
1578-LOXSX,Male,1,Yes,Yes,4,Yes,Yes,DSL,Yes,Yes,Yes,Yes,No,Yes,One year,Yes,Credit card (automatic),79.75,312.54,No
1283-MQKLH,Male,0,No,No,71,Yes,No,DSL,No,No,No,No,No,Yes,Month-to-month,No,Mailed check,57.68,4045.28,No
9337-AFTLJ,Male,0,No,No,72,Yes,No,Fiber optic,No,No,No,No,No,No,Two year,No,Credit card (automatic),76.79,5516.96,No
8242-DCECX,Male,0,No,Yes,65,Yes,No,DSL,No,No,Yes,No,No,No,One year,Yes,Mailed check,58.14,3777.13,No
8884-YWMCU,Male,0,No,No,29,Yes,No,Fiber optic,No,Yes,No,No,Yes,Yes,Month-to-month,Yes,Bank transfer (automatic),95.64,2759.73,Yes
2709-PEDIU,Male,0,No,No,28,Yes,No,Fiber optic,No,Yes,No,Yes,No,No,Month-to-month,No,Electronic check,80.86,2278.07,No
5107-KZDPG,Male,0,No,No,31,Yes,No,Fiber optic,No,No,Yes,No,Yes,Yes,Two year,Yes,Electronic check,101.39,3134.13,No
4386-UJWMM,Female,0,No,Yes,37,Yes,Yes,No,No internet service,No internet service,No internet service,No internet service,No internet service,No internet service,Month-to-month,Yes,Bank transfer (automatic),23.5,875.12,No
3311-RWCKF,Female,0,No,No,0,Yes,Yes,DSL,No,No,No,No,No,No,One year,No,Bank transfer (automatic),45.7,,No
3419-NQUMT,Male,0,No,No,39,Yes,No,Fiber optic,Yes,No,No,No,Yes,No,Month-to-month,Yes,Bank transfer (automatic),94.74,3709.82,No
9410-UCLYR,Male,0,Yes,No,57,Yes,Yes,Fiber optic,No,No,No,Yes,Yes,No,Two year,Yes,Mailed check,100.95,5764.29,No
7113-LZNRM,Female,1,Yes,Yes,5,Yes,Yes,Fiber optic,No,No,No,No,No,Yes,Month-to-month,No,Electronic check,84.59,435.22,Yes
2806-MNXJZ,Female,0,No,Yes,7,Yes,Yes,DSL,No,Yes,Yes,Yes,Yes,No,Two year,No,Electronic check,67.52,431.77,No
4192-BYBUQ,Female,0,No,No,6,No,No phone service,Fiber optic,No,No,No,No,No,No,Month-to-month,No,Electronic check,74.68,439.16,Yes
6460-YDQGP,Male,0,Yes,Yes,18,Yes,No,No,No internet service,No internet service,No internet service,No internet service,No internet service,No internet service,Month-to-month,Yes,Mailed check,25.11,419.83,No
2294-AIVAW,Female,0,Yes,Yes,63,Yes,No,DSL,No,No,Yes,Yes,No,Yes,Two year,No,Credit card (automatic),64.67,4048.55,No
3861-SDPDY,Male,0,Yes,No,6,Yes,No,Fiber optic,Yes,No,Yes,No,No,Yes,Two year,No,Electronic check,96.62,556.33,No
8342-TNVOU,Male,0,No,No,68,Yes,No,Fiber optic,No,Yes,No,Yes,Yes,Yes,Two year,No,Electronic check,105.82,7182.89,No
1282-EMZAM,Male,0,Yes,Yes,70,Yes,No,Fiber optic,No,No,Yes,No,No,Yes,Month-to-month,Yes,Mailed check,95.74,6699.99,Yes
7551-KPSUT,Male,0,Yes,Yes,9,Yes,Yes,DSL,No,No,Yes,Yes,Yes,Yes,Month-to-month,Yes,Bank transfer (automatic),74.39,696.88,No
9166-UJZGZ,Female,0,No,No,3,Yes,No,Fiber optic,No,Yes,No,No,No,No,Month-to-month,No,Electronic check,85.46,260.97,Yes
5829-AOAHT,Female,1,Yes,No,5,Yes,Yes,Fiber optic,No,No,No,No,Yes,Yes,One year,Yes,Mailed check,88.79,429.69,No
9889-AAJCD,Male,0,No,Yes,43,Yes,No,DSL,Yes,No,Yes,No,Yes,Yes,Two year,Yes,Electronic check,71.38,3109.23,No
6591-HKAFF,Male,0,Yes,No,28,Yes,No,Fiber optic,Yes,Yes,No,No,No,No,Month-to-month,Yes,Credit card (automatic),90.03,2510.63,Yes
3349-PEVIP,Female,0,Yes,No,19,Yes,Yes,Fiber optic,Yes,Yes,Yes,No,No,No,Month-to-month,Yes,Electronic check,95.85,1820.01,Yes
8514-TYAWB,Male,0,No,No,6,Yes,No,No,No internet service,No internet service,No internet service,No internet service,No internet service,No internet service,Month-to-month,No,Credit card (automatic),21.06,139.3,No
7158-LJUSK,Female,1,Yes,Yes,21,Yes,Yes,DSL,No,Yes,No,No,No,Yes,Two year,Yes,Electronic check,56.53,1150.73,No
2224-ZZBXX,Male,0,No,Yes,30,Yes,No,No,No internet service,No internet service,No internet service,No internet service,No internet service,No internet service,Month-to-month,Yes,Credit card (automatic),24.87,757.32,No
3037-DPUYZ,Male,1,No,No,56,Yes,Yes,No,No internet service,No internet service,No internet service,No internet service,No internet service,No internet service,One year,Yes,Credit card (automatic),23.82,1335.25,No
7702-OYIMZ,Male,1,No,Yes,65,Yes,No,Fiber optic,No,No,No,Yes,No,Yes,Two year,No,Credit card (automatic),92.94,6054.63,No
1003-VZNFY,Male,0,Yes,Yes,28,Yes,No,Fiber optic,No,No,No,No,No,No,Month-to-month,No,Mailed check,79.58,2230.66,No
7251-BCIWY,Male,0,No,No,24,No,No phone service,Fiber optic,Yes,No,No,No,No,Yes,Month-to-month,Yes,Credit card (automatic),83.28,2036.04,Yes
8717-JPKGL,Female,0,Yes,No,7,Yes,No,No,No internet service,No internet service,No internet service,No internet service,No internet service,No internet service,Two year,Yes,Bank transfer (automatic),25.4,199.15,No
1516-PBJNX,Male,0,Yes,No,64,Yes,Yes,No,No internet service,No internet service,No internet service,No internet service,No internet service,No internet service,Two year,Yes,Credit card (automatic),27.5,1783.13,No
5752-QAVZG,Female,0,Yes,Yes,22,Yes,No,Fiber optic,No,Yes,No,No,No,Yes,Two year,Yes,Electronic check,97.39,2175.96,No
6755-FZPHR,Female,1,Yes,Yes,45,Yes,Yes,DSL,No,Yes,No,Yes,Yes,No,Month-to-month,Yes,Credit card (automatic),70.15,3171.28,No
2049-ULZLV,Male,0,Yes,Yes,57,Yes,Yes,Fiber optic,Yes,Yes,No,No,No,Yes,One year,Yes,Credit card (automatic),94.87,5404.56,No
3390-PKTXI,Male,0,No,No,14,No,No phone service,No,No internet service,No internet service,No internet service,No internet service,No internet service,No internet service,Month-to-month,Yes,Credit card (automatic),19.94,285.65,No
1391-TULIK,Female,0,No,No,60,Yes,Yes,DSL,Yes,Yes,Yes,Yes,No,No,Month-to-month,No,Electronic check,66.04,3986.64,Yes
6440-QXKDX,Male,0,Yes,Yes,64,Yes,No,DSL,No,Yes,Yes,No,No,Yes,Month-to-month,No,Electronic check,73.31,4707.17,No
4597-ACYNW,Female,0,No,No,17,Yes,No,DSL,No,No,No,No,Yes,Yes,Month-to-month,Yes,Bank transfer (automatic),68.23,1173.0,Yes
2695-TGLLW,Male,0,Yes,Yes,1,Yes,Yes,Fiber optic,No,No,Yes,No,Yes,Yes,Month-to-month,No,Electronic check,98.42,52.65,Yes
8730-NCOYU,Female,0,Yes,No,12,Yes,No,No,No internet service,No internet service,No internet service,No internet service,No internet service,No internet service,Month-to-month,Yes,Electronic check,25.14,277.51,No
5235-QJMBA,Female,0,No,No,17,Yes,Yes,Fiber optic,No,No,Yes,No,No,Yes,Month-to-month,Yes,Mailed check,93.77,1612.14,No
1743-LNALZ,Female,0,Yes,No,16,Yes,No,Fiber optic,No,Yes,Yes,Yes,Yes,No,Month-to-month,Yes,Credit card (automatic),102.33,1630.16,Yes
8960-GNEMO,Female,0,Yes,Yes,19,Yes,No,DSL,No,No,No,Yes,Yes,Yes,Month-to-month,No,Electronic check,71.13,1361.91,Yes
3501-NHZME,Male,0,Yes,No,67,Yes,No,Fiber optic,No,No,No,Yes,Yes,No,Month-to-month,Yes,Electronic check,91.43,6111.52,No
5883-NWNUW,Female,0,Yes,No,34,Yes,Yes,DSL,Yes,No,Yes,Yes,Yes,No,One year,No,Credit card (automatic),69.13,2366.05,No
8176-FRHIG,Male,0,No,Yes,72,Yes,Yes,Fiber optic,Yes,No,Yes,No,No,Yes,Month-to-month,Yes,Bank transfer (automatic),101.67,7311.49,No
9078-HDMCW,Male,0,No,No,14,Yes,Yes,DSL,Yes,Yes,No,No,No,Yes,Month-to-month,No,Mailed check,65.42,923.35,No
6952-HBWRN,Female,0,Yes,Yes,2,Yes,Yes,DSL,Yes,Yes,Yes,Yes,No,Yes,Two year,Yes,Bank transfer (automatic),79.78,157.99,No
5983-SDMTR,Female,1,Yes,No,19,Yes,Yes,Fiber optic,Yes,No,No,No,No,Yes,One year,No,Bank transfer (automatic),94.84,1807.08,No
1686-WMTBT,Female,0,Yes,No,29,Yes,No,DSL,No,No,No,No,No,No,One year,Yes,Credit card (automatic),54.13,1568.31,Yes
4048-KVGTL,Female,0,No,No,11,No,No phone service,No,No internet service,No internet service,No internet service,No internet service,No internet service,No internet service,Month-to-month,No,Credit card (automatic),19.46,200.55,No
6318-OCVPQ,Female,0,Yes,Yes,2,Yes,No,DSL,No,No,No,No,Yes,Yes,One year,No,Mailed check,63.21,134.81,Yes
5076-XGKLZ,Male,0,Yes,Yes,68,Yes,Yes,DSL,Yes,No,No,Yes,Yes,Yes,Two year,No,Credit card (automatic),79.7,5436.62,No
3359-OTXUZ,Male,0,Yes,Yes,38,Yes,No,No,No internet service,No internet service,No internet service,No internet service,No internet service,No internet service,One year,No,Electronic check,31.82,1222.26,No
6296-NBSQU,Male,0,No,No,57,Yes,Yes,Fiber optic,No,Yes,No,No,No,No,Month-to-month,No,Electronic check,82.74,4688.79,Yes
9123-MHLDL,Female,0,Yes,Yes,6,Yes,Yes,Fiber optic,Yes,No,No,Yes,No,Yes,Month-to-month,No,Credit card (automatic),101.53,628.84,No
3492-WFPDP,Male,0,No,No,18,Yes,Yes,Fiber optic,No,Yes,No,No,Yes,No,Month-to-month,Yes,Bank transfer (automatic),92.82,1701.1,Yes
3803-OMRZY,Male,0,Yes,Yes,30,Yes,No,Fiber optic,No,No,No,No,Yes,Yes,Month-to-month,No,Credit card (automatic),96.92,2921.17,No
5946-PDLQC,Female,0,Yes,Yes,29,Yes,Yes,Fiber optic,No,No,No,No,Yes,Yes,Month-to-month,Yes,Electronic check,93.76,2747.72,No
5921-ZPJDW,Male,0,Yes,Yes,6,Yes,No,Fiber optic,Yes,No,No,Yes,No,Yes,Month-to-month,Yes,Credit card (automatic),98.57,630.07,No
4760-NTSGF,Female,0,No,No,72,No,No phone service,DSL,No,Yes,Yes,No,Yes,No,Month-to-month,Yes,Bank transfer (automatic),62.3,4462.56,No
4973-PNHNT,Female,0,Yes,Yes,57,Yes,No,Fiber optic,No,No,No,No,Yes,Yes,Two year,Yes,Credit card (automatic),96.84,5507.27,No
2844-CNWQE,Male,1,Yes,Yes,20,Yes,Yes,No,No internet service,No internet service,No internet service,No internet service,No internet service,No internet service,One year,Yes,Electronic check,31.05,614.11,Yes
1955-JSFYU,Female,0,No,No,38,Yes,No,No,No internet service,No internet service,No internet service,No internet service,No internet service,No internet service,Month-to-month,No,Credit card (automatic),21.39,794.58,Yes
2257-EDJEK,Female,0,Yes,No,7,Yes,Yes,Fiber optic,No,Yes,Yes,No,No,Yes,Month-to-month,No,Bank transfer (automatic),97.45,703.23,Yes
9025-SIDPV,Male,0,Yes,Yes,60,Yes,Yes,No,No internet service,No internet service,No internet service,No internet service,No internet service,No internet service,Two year,Yes,Credit card (automatic),26.8,1600.9,No
6395-TPWRV,Male,0,No,No,59,Yes,No,Fiber optic,No,Yes,No,No,No,Yes,Month-to-month,Yes,Mailed check,94.81,5596.49,Yes
8121-ZIIIQ,Female,0,Yes,No,0,Yes,Yes,Fiber optic,Yes,No,Yes,No,No,No,One year,Yes,Electronic check,90.34,18.17,No
3087-GQKHQ,Male,1,No,No,10,Yes,No,Fiber optic,No,No,No,No,No,Yes,One year,Yes,Electronic check,93.4,926.44,No
5640-VYKKC,Male,1,Yes,Yes,27,No,No phone service,Fiber optic,No,Yes,Yes,Yes,Yes,Yes,Month-to-month,Yes,Credit card (automatic),111.09,2982.8,No
9501-THIUR,Male,0,Yes,No,71,Yes,Yes,Fiber optic,No,No,No,Yes,No,Yes,One year,No,Credit card (automatic),97.8,6926.74,No
5728-QVPKN,Male,0,Yes,No,33,Yes,Yes,Fiber optic,No,Yes,No,No,No,No,One year,Yes,Credit card (automatic),83.06,2755.86,No
3779-DKLOX,Female,0,No,No,62,Yes,No,Fiber optic,No,No,No,No,Yes,No,One year,No,Electronic check,84.57,5271.99,No
4758-HNPBQ,Female,0,No,No,3,Yes,No,Fiber optic,Yes,No,No,Yes,Yes,No,Month-to-month,No,Mailed check,103.4,260.2,No
2637-NEJQA,Female,0,Yes,No,45,Yes,No,Fiber optic,No,No,No,No,No,Yes,One year,No,Bank transfer (automatic),85.52,3858.05,No
1651-FGPIE,Male,0,Yes,No,12,Yes,Yes,DSL,Yes,No,Yes,Yes,No,Yes,Month-to-month,No,Electronic check,73.86,884.16,Yes
9127-AZCDZ,Male,0,No,No,48,Yes,Yes,Fiber optic,No,No,No,Yes,Yes,No,Two year,Yes,Mailed check,89.12,4251.48,No
3387-OVCQT,Female,0,No,No,20,Yes,Yes,No,No internet service,No internet service,No internet service,No internet service,No internet service,No internet service,Two year,No,Mailed check,30.21,628.21,No
4417-THGDB,Male,0,No,No,22,Yes,Yes,DSL,No,No,No,No,Yes,Yes,One year,No,Bank transfer (automatic),70.45,1546.91,No
3273-TZRMD,Female,0,Yes,No,5,Yes,No,Fiber optic,No,No,Yes,Yes,No,Yes,Month-to-month,Yes,Credit card (automatic),101.26,519.69,No
9221-NBVJJ,Male,0,No,No,64,Yes,No,DSL,No,No,No,Yes,Yes,Yes,One year,Yes,Bank transfer (automatic),77.56,4966.4,No
4633-FXWEZ,Female,1,Yes,No,72,Yes,No,No,No internet service,No internet service,No internet service,No internet service,No internet service,No internet service,Month-to-month,No,Mailed check,24.17,1702.4,No
4279-UERDU,Male,0,Yes,No,67,Yes,Yes,DSL,No,No,No,No,Yes,Yes,Two year,Yes,Electronic check,58.87,3957.88,No
4630-WGQGH,Male,0,No,No,58,Yes,Yes,DSL,No,Yes,No,No,No,Yes,Month-to-month,Yes,Credit card (automatic),64.99,3771.01,No
9173-SMZRQ,Female,0,No,No,15,Yes,No,Fiber optic,No,Yes,No,No,No,Yes,Month-to-month,Yes,Bank transfer (automatic),90.75,1327.17,Yes
1517-JXJEU,Male,0,Yes,Yes,33,Yes,No,DSL,Yes,No,No,No,No,No,Two year,No,Electronic check,54.02,1775.71,No
2658-BKCVL,Male,0,Yes,No,26,Yes,No,No,No internet service,No internet service,No internet service,No internet service,No internet service,No internet service,One year,Yes,Mailed check,28.3,720.53,No
3911-TKQKA,Male,0,Yes,No,24,Yes,No,Fiber optic,No,Yes,No,No,No,No,Two year,No,Electronic check,84.94,2017.15,No
5103-RJSAJ,Male,0,No,No,28,No,No phone service,DSL,No,No,No,No,Yes,No,Month-to-month,Yes,Credit card (automatic),54.64,1540.42,Yes
6932-ZEGOI,Male,0,Yes,No,32,Yes,Yes,No,No internet service,No internet service,No internet service,No internet service,No internet service,No internet service,Month-to-month,Yes,Bank transfer (automatic),21.73,699.04,Yes
3674-EQXMV,Male,0,No,No,55,Yes,Yes,DSL,No,No,No,No,No,Yes,One year,No,Electronic check,52.74,2909.64,No
3600-UZFZB,Female,0,No,No,9,Yes,Yes,No,No internet service,No internet service,No internet service,No internet service,No internet service,No internet service,Month-to-month,Yes,Mailed check,21.0,177.08,No
5610-ZBHYJ,Male,0,No,No,18,Yes,No,Fiber optic,Yes,No,Yes,No,No,No,Two year,No,Electronic check,87.48,1551.25,No
7500-RFEMS,Female,0,No,No,70,Yes,Yes,Fiber optic,No,Yes,Yes,No,No,Yes,One year,No,Mailed check,98.35,6857.11,No
6867-MKTSB,Female,0,No,No,16,Yes,Yes,Fiber optic,No,No,No,No,No,Yes,One year,No,Bank transfer (automatic),91.4,1444.45,Yes
9941-BVIYX,Female,0,Yes,Yes,44,Yes,Yes,DSL,No,No,No,Yes,Yes,Yes,Month-to-month,Yes,Bank transfer (automatic),72.27,3161.15,No
7619-RNMZO,Female,0,No,No,67,Yes,No,No,No internet service,No internet service,No internet service,No internet service,No internet service,No internet service,Month-to-month,Yes,Credit card (automatic),23.66,1597.2,No
1557-MGCCE,Female,1,No,No,59,Yes,No,No,No internet service,No internet service,No internet service,No internet service,No internet service,No internet service,One year,No,Credit card (automatic),30.28,1779.36,No
3874-FVDRS,Female,0,Yes,Yes,49,Yes,No,Fiber optic,Yes,No,No,No,No,Yes,Two year,Yes,Electronic check,95.54,4707.18,No
6846-HKZXW,Male,0,No,No,38,Yes,No,No,No internet service,No internet service,No internet service,No internet service,No internet service,No internet service,Two year,No,Electronic check,24.73,952.38,No
4648-QGNYE,Female,0,Yes,Yes,33,Yes,No,DSL,No,Yes,Yes,No,Yes,Yes,One year,No,Mailed check,83.74,2789.51,No
9564-FNFDX,Male,0,Yes,No,5,Yes,Yes,DSL,No,Yes,No,Yes,No,No,One year,No,Bank transfer (automatic),57.75,309.54,No
7586-GCZXB,Male,0,Yes,No,19,No,No phone service,Fiber optic,No,No,Yes,Yes,No,No,One year,No,Electronic check,85.29,1626.04,No
2218-IGUHH,Male,0,Yes,Yes,3,Yes,No,Fiber optic,No,No,Yes,No,Yes,Yes,Month-to-month,Yes,Bank transfer (automatic),98.55,289.48,Yes
2138-CWNZV,Male,0,Yes,Yes,2,Yes,No,Fiber optic,No,No,Yes,No,No,Yes,Month-to-month,Yes,Mailed check,95.02,161.95,Yes
5864-ROVMX,Female,0,No,No,4,No,No phone service,Fiber optic,No,Yes,No,No,No,No,Two year,No,Electronic check,84.23,349.72,Yes
4083-WFQNK,Female,0,No,No,54,Yes,No,DSL,No,No,No,No,No,No,Two year,No,Electronic check,52.27,2820.32,No
1445-ZEKNY,Female,0,No,No,37,Yes,Yes,Fiber optic,No,No,No,Yes,Yes,Yes,One year,No,Credit card (automatic),93.49,3425.7,No
8779-KRLFQ,Female,0,No,No,68,Yes,No,Fiber optic,No,Yes,No,Yes,Yes,Yes,Two year,No,Electronic check,110.79,7535.27,No
6701-XFWEC,Female,0,Yes,Yes,3,Yes,Yes,DSL,No,Yes,No,No,No,No,One year,Yes,Electronic check,54.33,158.58,Yes
4243-WYGXD,Female,1,No,No,24,Yes,No,Fiber optic,No,No,Yes,Yes,Yes,No,Two year,Yes,Bank transfer (automatic),99.69,2430.58,No
7309-SUHNR,Male,0,No,Yes,15,Yes,Yes,Fiber optic,No,No,Yes,No,Yes,No,Month-to-month,No,Electronic check,92.27,1387.44,Yes
6224-ZBQXK,Female,0,No,No,14,Yes,No,DSL,Yes,No,No,No,No,Yes,Month-to-month,Yes,Credit card (automatic),59.83,818.67,No
7528-YGAML,Female,1,No,No,26,Yes,No,Fiber optic,No,No,No,Yes,No,No,Month-to-month,Yes,Electronic check,88.77,2297.17,Yes
9989-OUYZV,Female,0,Yes,No,56,Yes,No,Fiber optic,Yes,No,Yes,Yes,No,No,Month-to-month,Yes,Electronic check,89.59,5048.23,No
5098-CWTFL,Male,0,Yes,No,72,Yes,No,DSL,No,No,Yes,No,No,No,Month-to-month,Yes,Electronic check,52.21,3782.09,No
7518-UXDAX,Male,0,No,No,6,Yes,No,Fiber optic,Yes,No,Yes,Yes,Yes,No,Month-to-month,No,Electronic check,96.93,601.87,Yes
4739-JKGCN,Male,0,Yes,Yes,26,Yes,Yes,Fiber optic,No,Yes,No,No,Yes,Yes,Two year,Yes,Credit card (automatic),100.7,2587.64,No
1530-JANOO,Male,0,No,No,24,Yes,No,Fiber optic,Yes,No,Yes,No,No,No,Two year,No,Electronic check,87.22,2119.4,No
1910-BOQEX,Female,1,No,No,70,Yes,No,Fiber optic,Yes,No,Yes,No,No,Yes,Two year,No,Bank transfer (automatic),97.17,6815.44,No
6211-OTDPC,Male,0,No,No,72,Yes,Yes,Fiber optic,Yes,Yes,No,No,Yes,No,Two year,Yes,Credit card (automatic),93.86,6733.99,No
6121-JCDEK,Male,0,Yes,Yes,11,No,No phone service,No,No internet service,No internet service,No internet service,No internet service,No internet service,No internet service,Month-to-month,Yes,Electronic check,18.88,222.23,No
9141-XXBVP,Female,0,Yes,No,17,Yes,Yes,No,No internet service,No internet service,No internet service,No internet service,No internet service,No internet service,Month-to-month,Yes,Credit card (automatic),27.27,463.59,No
6849-UVAYZ,Female,1,Yes,Yes,32,Yes,No,Fiber optic,No,Yes,No,No,No,No,Month-to-month,Yes,Credit card (automatic),88.61,2859.64,Yes
9768-CPVMG,Female,0,Yes,No,15,Yes,Yes,Fiber optic,Yes,Yes,Yes,Yes,Yes,No,Month-to-month,No,Electronic check,114.63,1699.63,Yes
5898-VBARX,Female,0,No,Yes,8,Yes,Yes,DSL,Yes,No,Yes,No,No,Yes,Two year,No,Bank transfer (automatic),67.79,531.02,No
1683-KLPND,Male,0,Yes,No,72,Yes,No,Fiber optic,Yes,No,Yes,No,No,No,Month-to-month,Yes,Credit card (automatic),98.03,7046.43,No
2585-NBXBC,Male,0,Yes,No,1,Yes,Yes,No,No internet service,No internet service,No internet service,No internet service,No internet service,No internet service,Two year,Yes,Electronic check,21.63,53.52,No
3252-OJKPH,Female,0,Yes,No,3,Yes,Yes,Fiber optic,Yes,No,No,Yes,No,Yes,Month-to-month,Yes,Mailed check,94.99,317.07,Yes
5542-DLAXM,Male,0,Yes,Yes,3,Yes,No,DSL,Yes,Yes,Yes,Yes,No,No,Month-to-month,No,Credit card (automatic),77.01,232.73,Yes
6712-KRKRH,Male,0,No,No,37,Yes,Yes,DSL,No,No,Yes,No,No,Yes,Two year,No,Credit card (automatic),70.01,2583.74,No
9503-JNWQC,Female,0,Yes,Yes,68,Yes,No,Fiber optic,No,No,No,Yes,No,No,Month-to-month,No,Credit card (automatic),85.43,5798.04,No
3147-JPEZM,Female,0,No,No,72,Yes,No,Fiber optic,No,No,No,No,No,No,Month-to-month,Yes,Mailed check,76.21,5517.79,No
3007-IBLKM,Female,0,No,No,70,Yes,Yes,Fiber optic,No,Yes,No,Yes,No,No,Month-to-month,Yes,Credit card (automatic),91.86,6452.03,No
2720-NLNWK,Female,0,Yes,Yes,11,Yes,No,No,No internet service,No internet service,No internet service,No internet service,No internet service,No internet service,Month-to-month,Yes,Electronic check,21.41,271.04,No
3089-VRKFC,Female,0,No,Yes,56,Yes,Yes,No,No internet service,No internet service,No internet service,No internet service,No internet service,No internet service,Month-to-month,No,Electronic check,29.86,1657.48,No
9707-TZWUU,Female,1,No,No,2,Yes,Yes,No,No internet service,No internet service,No internet service,No internet service,No internet service,No internet service,Month-to-month,No,Electronic check,28.67,78.21,Yes
6269-IGJUO,Male,0,No,No,3,Yes,No,No,No internet service,No internet service,No internet service,No internet service,No internet service,No internet service,Month-to-month,No,Bank transfer (automatic),20.34,33.11,No
6533-TUBXC,Male,0,Yes,Yes,72,No,No phone service,Fiber optic,No,No,No,No,No,No,Month-to-month,No,Electronic check,76.92,5534.75,No
2316-CYINV,Male,0,No,No,69,Yes,No,Fiber optic,No,No,No,Yes,No,No,Month-to-month,No,Bank transfer (automatic),87.81,6020.91,Yes
4812-VOPIV,Female,0,No,No,3,Yes,No,Fiber optic,No,No,Yes,No,Yes,No,One year,No,Credit card (automatic),94.87,279.7,No
3350-XBPDM,Male,0,No,No,72,Yes,No,Fiber optic,No,No,No,No,Yes,No,One year,Yes,Credit card (automatic),86.89,6281.51,No
7424-NRIQG,Male,0,No,No,1,Yes,No,Fiber optic,Yes,No,No,Yes,No,No,Month-to-month,No,Bank transfer (automatic),88.25,82.45,Yes
4470-CPOJE,Female,0,Yes,Yes,31,Yes,No,DSL,Yes,No,Yes,No,No,No,One year,No,Credit card (automatic),64.95,2041.08,No
4202-MKCST,Male,0,No,No,17,Yes,No,DSL,No,No,No,Yes,No,No,Month-to-month,No,Electronic check,58.0,997.8,No
3390-ANIKR,Female,0,Yes,Yes,16,Yes,No,Fiber optic,No,No,No,Yes,No,Yes,One year,No,Credit card (automatic),90.15,1431.1,No
1593-VKXAL,Male,0,Yes,Yes,28,Yes,Yes,DSL,No,Yes,No,No,No,No,Two year,Yes,Electronic check,62.88,1776.69,No
9871-RQPFV,Female,0,Yes,No,6,Yes,No,DSL,No,No,No,No,No,Yes,Month-to-month,Yes,Bank transfer (automatic),59.86,371.15,No
6284-HDCHM,Female,0,No,No,17,Yes,Yes,Fiber optic,Yes,No,No,No,No,Yes,Two year,No,Mailed check,95.61,1629.2,No
9811-OUJDL,Female,0,Yes,Yes,0,Yes,No,DSL,No,Yes,No,Yes,No,No,Month-to-month,Yes,Credit card (automatic),59.04,0.0,No
9671-EKGVO,Female,0,No,No,65,Yes,No,DSL,No,No,Yes,Yes,Yes,Yes,Month-to-month,No,Bank transfer (automatic),75.57,4912.0,No
3204-QEVOM,Female,0,No,No,10,Yes,Yes,DSL,Yes,Yes,Yes,No,No,No,Month-to-month,Yes,Bank transfer (automatic),59.75,598.25,No
5793-RBASJ,Male,0,No,No,4,No,No phone service,No,No internet service,No internet service,No internet service,No internet service,No internet service,No internet service,Month-to-month,Yes,Electronic check,18.78,88.17,Yes
3467-PUZXK,Female,0,No,No,14,Yes,Yes,DSL,No,No,No,Yes,No,No,One year,No,Mailed check,56.59,781.31,No
6701-WNEOE,Male,0,No,No,4,No,No phone service,No,No internet service,No internet service,No internet service,No internet service,No internet service,No internet service,Month-to-month,No,Electronic check,18.25,24.02,Yes
2955-ZBFEO,Female,1,Yes,No,61,Yes,Yes,Fiber optic,Yes,No,No,No,No,Yes,Month-to-month,Yes,Credit card (automatic),90.53,5520.02,No
4762-JEESC,Female,0,No,No,50,Yes,No,DSL,Yes,No,No,No,Yes,Yes,Month-to-month,Yes,Bank transfer (automatic),72.31,3609.19,No
9532-IOTPJ,Female,0,Yes,Yes,45,Yes,Yes,DSL,No,No,No,No,No,No,Month-to-month,No,Mailed check,54.2,2427.6,No
7276-XSFEO,Female,1,No,No,2,Yes,No,Fiber optic,No,No,Yes,Yes,Yes,No,Month-to-month,Yes,Credit card (automatic),95.51,169.57,Yes
1535-JWZPX,Male,0,Yes,No,11,No,No phone service,DSL,No,Yes,No,No,No,No,Month-to-month,Yes,Credit card (automatic),48.8,530.97,No
6020-MRKFH,Male,0,No,Yes,56,Yes,No,Fiber optic,No,Yes,Yes,No,Yes,No,Month-to-month,No,Electronic check,96.97,5404.32,Yes
2298-XJUYS,Female,0,Yes,Yes,14,No,No phone service,No,No internet service,No internet service,No internet service,No internet service,No internet service,No internet service,One year,Yes,Electronic check,19.28,299.93,No
2906-SXRXW,Female,0,Yes,Yes,20,Yes,No,Fiber optic,No,No,No,No,No,Yes,Month-to-month,Yes,Bank transfer (automatic),91.54,1848.88,No
9650-BUTZX,Female,0,Yes,Yes,0,Yes,No,No,No internet service,No internet service,No internet service,No internet service,No internet service,No internet service,Month-to-month,Yes,Electronic check,23.06,3.91,Yes
7405-JRBKA,Female,0,No,No,34,Yes,No,DSL,No,No,Yes,No,Yes,No,Two year,No,Credit card (automatic),61.97,2124.65,No
1983-ESDMX,Male,0,Yes,No,50,Yes,No,No,No internet service,No internet service,No internet service,No internet service,No internet service,No internet service,Month-to-month,No,Mailed check,30.44,1515.51,No
3287-XJSKF,Female,0,No,No,72,Yes,No,No,No internet service,No internet service,No internet service,No internet service,No internet service,No internet service,Month-to-month,Yes,Electronic check,18.25,1297.64,No
5001-QDCGK,Female,0,Yes,No,17,Yes,No,Fiber optic,No,Yes,Yes,No,No,No,Two year,No,Electronic check,88.42,1514.86,No
2391-PRIND,Male,0,Yes,No,2,Yes,No,Fiber optic,Yes,No,No,No,No,No,One year,Yes,Mailed check,91.92,215.83,No
7916-KHEUK,Male,0,No,No,8,Yes,No,DSL,No,Yes,No,Yes,No,No,Month-to-month,Yes,Electronic check,63.67,474.04,Yes
5158-RSRXK,Female,0,No,No,63,Yes,Yes,DSL,No,Yes,No,No,No,Yes,One year,No,Bank transfer (automatic),63.45,4000.19,No
7146-UWRQH,Male,1,Yes,No,20,Yes,Yes,Fiber optic,No,Yes,Yes,Yes,Yes,Yes,Month-to-month,Yes,Electronic check,109.37,2177.94,Yes
5200-PZDUV,Male,0,Yes,Yes,25,Yes,Yes,Fiber optic,Yes,No,No,No,No,Yes,Month-to-month,No,Credit card (automatic),98.36,2478.63,Yes
4906-XHUMI,Female,0,No,No,15,Yes,No,No,No internet service,No internet service,No internet service,No internet service,No internet service,No internet service,Month-to-month,Yes,Electronic check,18.48,249.23,No
5805-MPHVL,Female,0,No,Yes,55,Yes,No,Fiber optic,No,No,No,Yes,Yes,No,Two year,No,Bank transfer (automatic),92.62,5070.86,No
3918-QCGWE,Female,0,No,No,67,Yes,No,DSL,Yes,No,Yes,No,No,No,Month-to-month,Yes,Credit card (automatic),62.88,4189.99,No
6838-DTCWH,Male,1,Yes,Yes,2,Yes,No,DSL,No,Yes,No,Yes,No,Yes,One year,No,Credit card (automatic),68.72,143.53,Yes
5329-AAAPP,Male,0,No,No,10,Yes,No,DSL,No,No,No,No,No,No,Month-to-month,Yes,Electronic check,49.69,484.17,No
1407-FMLBC,Male,0,No,No,46,Yes,Yes,Fiber optic,Yes,No,No,Yes,Yes,No,Two year,No,Credit card (automatic),96.4,4480.12,No
9976-NVZXY,Female,0,No,No,16,Yes,Yes,No,No internet service,No internet service,No internet service,No internet service,No internet service,No internet service,Month-to-month,No,Electronic check,28.89,440.12,No
1371-JQKYG,Female,0,No,Yes,4,Yes,Yes,Fiber optic,Yes,Yes,Yes,No,Yes,Yes,One year,Yes,Electronic check,107.9,450.87,Yes
6777-ITSGP,Female,0,No,No,14,Yes,No,Fiber optic,Yes,Yes,No,No,Yes,Yes,Month-to-month,Yes,Electronic check,106.23,1479.26,Yes
3894-VSBOZ,Female,0,Yes,No,69,Yes,No,No,No internet service,No internet service,No internet service,No internet service,No internet service,No internet service,One year,No,Mailed check,23.79,1669.1,No
5101-DPRLA,Female,0,No,No,67,Yes,No,DSL,No,Yes,No,No,No,No,Month-to-month,Yes,Electronic check,54.9,3656.18,No
6265-ODHYE,Male,0,Yes,No,69,No,No phone service,No,No internet service,No internet service,No internet service,No internet service,No internet service,No internet service,Two year,No,Electronic check,19.72,1393.79,No
7410-LMGKR,Female,1,No,No,41,No,No phone service,Fiber optic,No,No,No,Yes,Yes,No,Month-to-month,No,Electronic check,86.26,3539.37,Yes
5098-EEGDE,Male,0,No,No,24,Yes,Yes,No,No internet service,No internet service,No internet service,No internet service,No internet service,No internet service,Month-to-month,Yes,Electronic check,30.18,717.94,No
9786-IZEKF,Male,1,No,No,27,Yes,No,Fiber optic,Yes,No,No,No,No,No,Two year,Yes,Credit card (automatic),86.94,2345.0,No
1905-VZWOX,Female,0,Yes,Yes,15,Yes,No,No,No internet service,No internet service,No internet service,No internet service,No internet service,No internet service,Month-to-month,No,Bank transfer (automatic),21.89,342.33,Yes
3723-SUHTF,Male,0,Yes,No,22,Yes,Yes,DSL,No,No,No,Yes,Yes,No,One year,Yes,Mailed check,67.16,1463.54,No
3927-KKMPQ,Female,1,Yes,No,2,No,No phone service,DSL,No,No,No,No,Yes,Yes,Month-to-month,No,Electronic check,60.93,120.97,Yes
8044-WUBVT,Male,0,No,No,1,Yes,No,Fiber optic,No,No,No,No,Yes,No,One year,Yes,Credit card (automatic),87.83,71.73,Yes
4293-ABZOU,Female,0,No,No,72,Yes,Yes,Fiber optic,No,No,No,No,No,Yes,Two year,Yes,Electronic check,84.53,6078.55,No
5555-JFIUI,Female,0,Yes,No,71,Yes,No,Fiber optic,No,Yes,No,No,No,Yes,Month-to-month,No,Electronic check,90.91,6431.06,No
8743-RVEVG,Female,1,Yes,No,14,Yes,No,No,No internet service,No internet service,No internet service,No internet service,No internet service,No internet service,Two year,Yes,Electronic check,24.5,364.55,No
5640-DSUOS,Female,0,Yes,Yes,22,Yes,No,DSL,No,Yes,No,No,Yes,No,One year,Yes,Credit card (automatic),64.87,1430.69,Yes
7430-RRRBC,Male,0,No,No,18,No,No phone service,DSL,No,No,No,No,No,No,Two year,No,Credit card (automatic),44.36,804.79,No
6580-GMLOL,Female,0,No,No,66,Yes,No,Fiber optic,Yes,No,No,No,No,Yes,Month-to-month,No,Electronic check,89.7,5903.18,Yes
2872-NHREP,Female,0,No,No,59,Yes,No,DSL,Yes,No,No,No,No,No,Month-to-month,No,Electronic check,50.21,2948.51,Yes
5549-TVIFM,Male,0,No,No,57,Yes,No,No,No internet service,No internet service,No internet service,No internet service,No internet service,No internet service,Month-to-month,Yes,Electronic check,24.26,1358.49,Yes
2447-WKHXA,Female,0,Yes,Yes,29,Yes,No,Fiber optic,No,No,No,Yes,No,No,Month-to-month,Yes,Mailed check,92.87,2672.13,No
1058-TXHUW,Female,0,Yes,No,26,Yes,Yes,Fiber optic,Yes,No,No,No,Yes,No,Two year,No,Mailed check,95.85,2481.05,No
4107-TFFUW,Female,1,Yes,No,33,Yes,Yes,Fiber optic,No,No,No,No,No,Yes,One year,Yes,Bank transfer (automatic),90.64,2974.28,No
7205-XRKNA,Male,0,Yes,No,32,Yes,No,DSL,No,No,No,Yes,No,Yes,Two year,No,Mailed check,68.06,2158.39,No
9022-ZQOZW,Male,0,No,No,34,Yes,No,No,No internet service,No internet service,No internet service,No internet service,No internet service,No internet service,Month-to-month,Yes,Credit card (automatic),27.14,896.42,No
1187-MIMNZ,Female,0,No,No,36,Yes,No,Fiber optic,No,No,No,No,No,Yes,Month-to-month,Yes,Bank transfer (automatic),87.82,3154.29,Yes
5913-HCCFU,Male,0,No,No,15,Yes,Yes,DSL,No,Yes,Yes,No,Yes,No,Month-to-month,No,Bank transfer (automatic),74.78,1138.45,No
7286-UCFLG,Female,0,No,No,28,Yes,No,No,No internet service,No internet service,No internet service,No internet service,No internet service,No internet service,Two year,Yes,Bank transfer (automatic),24.46,639.65,No
8135-KBBOH,Female,0,Yes,No,18,Yes,Yes,DSL,No,Yes,Yes,Yes,Yes,No,Month-to-month,Yes,Credit card (automatic),72.53,1292.41,No
4189-KJRWX,Male,0,No,No,16,No,No phone service,No,No internet service,No internet service,No internet service,No internet service,No internet service,No internet service,Two year,No,Credit card (automatic),21.94,345.68,No
4413-NIIZF,Male,0,Yes,Yes,63,Yes,No,DSL,No,No,No,No,No,No,Month-to-month,Yes,Credit card (automatic),54.06,3429.73,Yes
2206-YUIHG,Male,0,No,No,3,Yes,No,No,No internet service,No internet service,No internet service,No internet service,No internet service,No internet service,One year,Yes,Bank transfer (automatic),26.0,78.55,No
4554-IHGWH,Female,1,Yes,No,1,Yes,No,Fiber optic,No,No,No,No,No,No,One year,No,Mailed check,84.75,109.97,No
9527-QASUZ,Male,0,Yes,No,9,No,No phone service,Fiber optic,Yes,No,Yes,Yes,No,No,Month-to-month,No,Mailed check,89.5,775.59,No
2120-UIDCA,Female,0,Yes,Yes,6,Yes,No,No,No internet service,No internet service,No internet service,No internet service,No internet service,No internet service,Two year,No,Electronic check,23.41,112.77,No
8102-XUNZE,Male,0,Yes,No,30,Yes,No,Fiber optic,No,No,No,No,No,No,One year,No,Mailed check,83.51,2534.91,No
3782-IPJFB,Female,0,Yes,No,4,Yes,Yes,No,No internet service,No internet service,No internet service,No internet service,No internet service,No internet service,One year,Yes,Credit card (automatic),28.36,100.32,No
9706-VCLPN,Female,0,Yes,Yes,20,Yes,No,DSL,Yes,Yes,No,No,Yes,No,Two year,Yes,Electronic check,63.27,1216.37,No
7092-SLSOT,Female,0,Yes,Yes,30,No,No phone service,No,No internet service,No internet service,No internet service,No internet service,No internet service,No internet service,Two year,Yes,Electronic check,28.68,907.34,No
9761-BXUFR,Female,0,Yes,No,14,Yes,Yes,Fiber optic,No,Yes,No,Yes,No,Yes,Month-to-month,No,Bank transfer (automatic),97.91,1361.55,No
3537-ABCMX,Male,1,Yes,No,36,Yes,No,Fiber optic,No,No,No,Yes,No,No,Month-to-month,No,Electronic check,89.63,3245.26,Yes
8392-LNHJY,Male,1,Yes,Yes,2,Yes,No,No,No internet service,No internet service,No internet service,No internet service,No internet service,No internet service,Month-to-month,Yes,Electronic check,24.02,60.39,Yes
5909-SGTAC,Male,0,Yes,Yes,6,Yes,No,DSL,No,No,Yes,Yes,No,No,One year,Yes,Bank transfer (automatic),54.8,307.0,No
6306-JMCJJ,Male,1,Yes,No,12,Yes,No,Fiber optic,No,Yes,No,Yes,No,No,One year,Yes,Electronic check,84.63,1037.38,No
3445-ZHEFW,Male,0,Yes,No,68,Yes,Yes,DSL,No,No,Yes,No,Yes,No,Two year,Yes,Bank transfer (automatic),65.96,4507.31,No
7815-PBQER,Female,0,No,No,15,Yes,No,DSL,Yes,Yes,No,No,Yes,No,One year,Yes,Credit card (automatic),68.56,1023.28,No
4557-MKQPI,Female,0,No,No,47,Yes,Yes,DSL,No,No,Yes,No,Yes,No,One year,No,Bank transfer (automatic),61.44,2909.59,No
3105-KPHQZ,Female,0,No,Yes,0,Yes,No,Fiber optic,No,No,No,No,No,Yes,Month-to-month,Yes,Credit card (automatic),85.33,0.0,No
2828-EHKLV,Male,0,No,No,0,Yes,No,No,No internet service,No internet service,No internet service,No internet service,No internet service,No internet service,Two year,Yes,Bank transfer (automatic),23.5,,No
9143-GKDZP,Male,1,Yes,Yes,4,Yes,No,Fiber optic,No,No,No,No,Yes,Yes,Two year,Yes,Mailed check,99.9,425.28,No
9331-SDGZO,Male,0,No,Yes,58,Yes,Yes,Fiber optic,Yes,Yes,Yes,No,No,No,Month-to-month,Yes,Mailed check,101.28,5857.36,Yes
3727-GVKPA,Male,0,Yes,No,3,Yes,No,DSL,Yes,No,No,No,No,Yes,Two year,Yes,Mailed check,64.69,195.08,No
2204-TGQTC,Female,1,No,No,2,Yes,Yes,DSL,No,Yes,No,Yes,Yes,No,Two year,Yes,Bank transfer (automatic),70.45,173.27,No
2285-JRHXD,Male,0,Yes,Yes,18,Yes,Yes,Fiber optic,No,No,No,No,No,No,Month-to-month,Yes,Credit card (automatic),77.88,1392.5,No
2103-HVLRJ,Female,0,No,No,13,Yes,No,DSL,No,Yes,No,Yes,No,No,Month-to-month,No,Mailed check,57.15,773.54,No
4048-BNZCG,Female,0,No,Yes,7,Yes,No,DSL,Yes,Yes,No,Yes,No,No,Two year,No,Electronic check,70.68,473.46,No
8999-NXPPL,Male,0,No,No,68,Yes,Yes,Fiber optic,Yes,No,Yes,No,No,No,One year,Yes,Electronic check,89.88,6061.84,No
5320-YDTIN,Male,1,Yes,Yes,33,Yes,No,Fiber optic,No,Yes,Yes,No,Yes,No,Two year,Yes,Electronic check,97.98,3225.53,No
5473-USBDC,Female,0,Yes,Yes,10,Yes,No,DSL,Yes,No,Yes,Yes,No,Yes,Two year,Yes,Mailed check,67.58,668.69,No
2425-MTOHJ,Male,0,No,No,16,Yes,No,Fiber optic,No,No,Yes,No,No,No,Two year,Yes,Mailed check,87.27,1381.74,Yes
2162-LKMQT,Male,0,Yes,Yes,72,Yes,Yes,DSL,Yes,No,Yes,Yes,Yes,No,Month-to-month,No,Credit card (automatic),65.51,4720.56,No
4502-GKLYH,Female,1,Yes,Yes,70,Yes,No,No,No internet service,No internet service,No internet service,No internet service,No internet service,No internet service,Two year,Yes,Electronic check,25.04,1738.11,No
4547-JGOFQ,Female,0,No,No,2,Yes,Yes,DSL,No,No,Yes,No,No,Yes,One year,No,Credit card (automatic),58.94,132.97,Yes
9683-YSJVV,Male,0,No,No,6,Yes,No,Fiber optic,No,No,Yes,No,No,Yes,One year,No,Bank transfer (automatic),97.02,578.49,No
5215-STESZ,Male,0,No,No,36,Yes,Yes,Fiber optic,No,No,No,Yes,Yes,Yes,Two year,No,Electronic check,93.95,3358.74,No
9212-MQBUL,Male,1,Yes,No,1,Yes,Yes,Fiber optic,Yes,No,Yes,No,No,No,Month-to-month,No,Electronic check,88.03,101.58,Yes
2166-SYDSP,Male,0,No,No,55,Yes,Yes,DSL,No,No,Yes,No,Yes,No,One year,Yes,Electronic check,65.87,3642.64,No
6560-TXNQR,Female,0,No,No,17,No,No phone service,DSL,No,No,Yes,No,No,Yes,One year,Yes,Bank transfer (automatic),63.03,1096.74,Yes
3077-ESKHC,Female,0,Yes,Yes,12,Yes,No,DSL,No,Yes,Yes,Yes,Yes,Yes,One year,No,Electronic check,81.24,947.78,No
5504-OLGXG,Male,0,Yes,Yes,5,No,No phone service,Fiber optic,No,No,No,Yes,Yes,No,Two year,No,Bank transfer (automatic),85.54,459.26,No
7492-HCCUL,Male,1,Yes,Yes,5,Yes,No,Fiber optic,No,No,No,No,No,Yes,Month-to-month,No,Credit card (automatic),90.33,423.43,No
2920-FWDHY,Male,0,Yes,No,14,Yes,Yes,DSL,No,Yes,No,No,No,No,Month-to-month,No,Credit card (automatic),54.07,733.61,No
3271-OKHJH,Female,0,No,No,38,Yes,Yes,Fiber optic,No,Yes,Yes,No,No,No,Two year,No,Electronic check,85.52,3237.6,No
7448-HVVOK,Male,1,No,No,6,Yes,Yes,DSL,No,Yes,Yes,No,Yes,No,Month-to-month,No,Bank transfer (automatic),72.23,443.05,Yes
6119-HFVEQ,Female,0,No,Yes,50,Yes,Yes,DSL,No,Yes,No,No,Yes,No,Month-to-month,No,Bank transfer (automatic),57.69,2882.46,No
7122-XRHLR,Female,0,No,No,66,Yes,No,Fiber optic,No,Yes,Yes,No,No,Yes,One year,Yes,Mailed check,93.66,6214.32,No
1234-RNSYB,Female,0,Yes,No,60,Yes,No,No,No internet service,No internet service,No internet service,No internet service,No internet service,No internet service,Two year,Yes,Electronic check,32.47,1911.33,No
7881-XVLSE,Female,1,Yes,Yes,4,Yes,No,DSL,No,Yes,No,No,Yes,No,Month-to-month,No,Bank transfer (automatic),63.74,255.91,Yes
1172-GJXEI,Female,0,No,No,72,No,No phone service,DSL,No,No,No,No,No,Yes,One year,No,Credit card (automatic),52.59,3803.74,No
5785-RNLIA,Male,0,Yes,No,55,Yes,Yes,Fiber optic,No,No,Yes,Yes,Yes,Yes,Two year,Yes,Mailed check,104.35,5743.07,No
3418-FSCGK,Female,0,Yes,Yes,19,Yes,No,Fiber optic,No,Yes,Yes,Yes,Yes,Yes,Month-to-month,Yes,Electronic check,110.64,2084.31,Yes
8097-OHLLO,Male,0,No,No,2,Yes,No,No,No internet service,No internet service,No internet service,No internet service,No internet service,No internet service,One year,Yes,Bank transfer (automatic),30.32,72.78,No
9679-BFPNW,Female,0,No,Yes,21,Yes,Yes,Fiber optic,Yes,Yes,No,No,No,No,Month-to-month,Yes,Mailed check,88.63,1860.98,Yes
1151-BQRJB,Female,0,No,No,8,Yes,Yes,DSL,Yes,No,Yes,No,Yes,No,Two year,No,Electronic check,70.56,578.57,No
5889-WBHSY,Female,1,Yes,Yes,8,Yes,No,No,No internet service,No internet service,No internet service,No internet service,No internet service,No internet service,Month-to-month,Yes,Electronic check,35.74,297.08,No
9292-UKDPA,Female,0,No,No,11,Yes,Yes,Fiber optic,No,Yes,Yes,No,No,No,One year,Yes,Electronic check,85.55,943.39,No
8961-WPZSV,Male,0,No,Yes,65,Yes,No,Fiber optic,Yes,No,Yes,No,Yes,No,One year,Yes,Credit card (automatic),94.21,6137.32,No
1685-PFXRQ,Female,0,Yes,No,72,Yes,No,No,No internet service,No internet service,No internet service,No internet service,No internet service,No internet service,One year,Yes,Bank transfer (automatic),28.97,2126.66,No
3167-ZIHME,Female,0,No,Yes,27,Yes,Yes,Fiber optic,No,Yes,No,No,Yes,Yes,Two year,Yes,Bank transfer (automatic),102.51,2793.91,No
4207-VYMUZ,Male,0,Yes,Yes,11,Yes,Yes,DSL,No,Yes,No,No,No,Yes,Month-to-month,Yes,Bank transfer (automatic),56.03,636.06,No
7249-VIDCW,Female,0,No,Yes,25,Yes,Yes,No,No internet service,No internet service,No internet service,No internet service,No internet service,No internet service,One year,Yes,Electronic check,25.11,634.87,No
3163-QPCRT,Female,0,No,No,11,Yes,Yes,No,No internet service,No internet service,No internet service,No internet service,No internet service,No internet service,One year,Yes,Electronic check,27.13,289.71,No
9745-OLILV,Female,0,Yes,Yes,10,Yes,No,DSL,No,No,Yes,No,No,Yes,Month-to-month,No,Mailed check,62.13,629.6,Yes
6286-MBETP,Male,0,No,No,28,Yes,No,No,No internet service,No internet service,No internet service,No internet service,No internet service,No internet service,One year,Yes,Credit card (automatic),27.05,752.75,No
4513-OKLCG,Female,0,No,No,6,Yes,No,Fiber optic,No,No,No,No,No,Yes,One year,Yes,Bank transfer (automatic),90.15,547.23,Yes
1434-KXSIC,Male,0,Yes,No,72,Yes,Yes,Fiber optic,Yes,Yes,Yes,No,Yes,No,Month-to-month,Yes,Credit card (automatic),108.8,7827.81,No
3725-NOAMS,Female,0,No,No,4,Yes,No,No,No internet service,No internet service,No internet service,No internet service,No internet service,No internet service,Month-to-month,Yes,Electronic check,19.62,86.35,No
6826-RULHZ,Male,0,No,No,63,No,No phone service,No,No internet service,No internet service,No internet service,No internet service,No internet service,No internet service,Month-to-month,Yes,Electronic check,19.9,1254.32,Yes
8078-OHVMA,Male,1,No,No,4,Yes,Yes,No,No internet service,No internet service,No internet service,No internet service,No internet service,No internet service,Month-to-month,No,Electronic check,27.55,102.03,Yes
7490-ZKDCQ,Male,0,No,No,43,No,No phone service,No,No internet service,No internet service,No internet service,No internet service,No internet service,No internet service,One year,Yes,Credit card (automatic),20.67,879.81,No
5260-PUZPC,Male,0,Yes,Yes,61,Yes,Yes,No,No internet service,No internet service,No internet service,No internet service,No internet service,No internet service,Two year,No,Credit card (automatic),23.71,1429.47,No
7748-EUUFK,Female,1,Yes,Yes,12,Yes,No,No,No internet service,No internet service,No internet service,No internet service,No internet service,No internet service,Month-to-month,No,Credit card (automatic),30.58,383.07,Yes
9661-KJSBO,Female,0,No,No,15,Yes,No,Fiber optic,Yes,No,No,No,Yes,No,Month-to-month,Yes,Mailed check,90.52,1319.63,No
1450-OOWJK,Male,0,Yes,Yes,51,Yes,No,DSL,No,Yes,Yes,No,No,No,Month-to-month,No,Electronic check,60.36,3060.76,No
9904-RMYMZ,Female,0,No,No,1,Yes,No,Fiber optic,No,No,Yes,No,No,No,Two year,Yes,Mailed check,84.38,100.3,No
7075-DKQXR,Male,1,No,No,10,Yes,No,DSL,No,No,No,No,Yes,No,Month-to-month,Yes,Bank transfer (automatic),61.41,643.35,No
6623-UWXIZ,Male,1,No,No,4,Yes,Yes,DSL,No,Yes,No,No,No,No,Month-to-month,Yes,Electronic check,56.3,215.57,Yes
3976-SMMIK,Female,0,No,No,67,Yes,No,No,No internet service,No internet service,No internet service,No internet service,No internet service,No internet service,One year,No,Electronic check,21.35,1428.08,No
9569-EZCYM,Male,0,Yes,Yes,3,Yes,Yes,DSL,No,Yes,No,No,Yes,Yes,Two year,No,Mailed check,65.9,201.44,No
3344-EARVH,Male,0,Yes,Yes,59,Yes,Yes,No,No internet service,No internet service,No internet service,No internet service,No internet service,No internet service,Month-to-month,Yes,Mailed check,24.93,1488.44,No
8976-CUFYD,Female,0,Yes,Yes,64,Yes,Yes,DSL,No,Yes,No,No,No,No,Month-to-month,Yes,Credit card (automatic),51.48,3244.72,No
5675-DJPYJ,Female,0,Yes,No,9,Yes,Yes,Fiber optic,Yes,No,No,Yes,No,No,Two year,Yes,Bank transfer (automatic),93.94,820.09,No
6404-TXJZG,Female,0,No,No,2,Yes,No,Fiber optic,No,No,No,Yes,No,No,One year,No,Credit card (automatic),81.06,146.85,Yes
3516-SHOZS,Male,0,No,No,0,Yes,Yes,DSL,No,No,No,No,Yes,Yes,Month-to-month,Yes,Electronic check,70.69,0.07,No
7056-URBPM,Male,0,No,No,55,Yes,No,Fiber optic,Yes,No,Yes,No,Yes,Yes,Two year,No,Bank transfer (automatic),114.61,6306.61,No
6909-YYYFU,Male,0,Yes,Yes,8,Yes,No,DSL,No,No,Yes,No,No,Yes,Month-to-month,No,Electronic check,58.72,489.25,Yes
2296-DIPUW,Male,0,Yes,Yes,24,Yes,Yes,No,No internet service,No internet service,No internet service,No internet service,No internet service,No internet service,One year,Yes,Mailed check,25.62,577.35,No
8616-WAQTH,Female,0,No,No,60,No,No phone service,DSL,No,No,No,Yes,No,Yes,Month-to-month,No,Mailed check,62.58,3763.19,No
8259-TAMSF,Female,0,No,No,28,Yes,Yes,DSL,No,No,No,No,No,No,Month-to-month,No,Credit card (automatic),51.66,1434.37,No
6616-IGRXR,Male,0,No,No,29,Yes,Yes,Fiber optic,Yes,Yes,Yes,No,No,Yes,Month-to-month,Yes,Bank transfer (automatic),98.63,2901.36,No
6486-VORFY,Male,0,No,No,23,Yes,Yes,Fiber optic,No,No,No,Yes,No,No,Month-to-month,No,Bank transfer (automatic),85.89,1988.57,Yes
4313-SXMEO,Female,0,Yes,No,65,Yes,No,DSL,No,No,Yes,No,Yes,Yes,Month-to-month,Yes,Electronic check,70.49,4603.06,No
1103-FYVUV,Female,0,No,Yes,56,Yes,No,DSL,Yes,No,No,No,No,Yes,Two year,No,Credit card (automatic),63.76,3579.97,No
7540-ONKLM,Male,0,Yes,Yes,9,Yes,No,Fiber optic,No,No,No,No,No,No,Month-to-month,No,Credit card (automatic),79.19,670.02,No
2971-BSIVH,Male,0,No,Yes,17,Yes,No,No,No internet service,No internet service,No internet service,No internet service,No internet service,No internet service,Month-to-month,No,Electronic check,18.94,340.31,No
9788-MCLPT,Female,0,No,No,29,Yes,No,Fiber optic,Yes,Yes,Yes,No,No,Yes,Two year,Yes,Bank transfer (automatic),103.14,2966.18,No
7574-BAXZG,Male,0,No,No,55,Yes,No,Fiber optic,Yes,Yes,Yes,No,No,No,Month-to-month,No,Electronic check,97.76,5411.39,Yes
1198-RYBKH,Male,0,No,No,62,Yes,No,Fiber optic,Yes,No,No,No,No,No,Month-to-month,No,Bank transfer (automatic),84.25,5231.45,No
2368-RGVWQ,Female,0,Yes,Yes,45,Yes,No,No,No internet service,No internet service,No internet service,No internet service,No internet service,No internet service,One year,Yes,Mailed check,31.7,1424.82,No
9840-VOWDK,Male,0,No,No,70,Yes,Yes,Fiber optic,Yes,Yes,No,Yes,No,Yes,Month-to-month,No,Credit card (automatic),96.7,6768.58,Yes
8193-FECAB,Female,0,No,Yes,4,Yes,Yes,Fiber optic,No,No,No,No,No,Yes,Two year,No,Electronic check,92.01,335.66,Yes
6167-RVOUX,Female,0,No,No,2,Yes,Yes,DSL,Yes,No,No,No,Yes,Yes,One year,No,Electronic check,67.31,114.43,No
5520-IZKNG,Female,0,No,No,38,Yes,No,DSL,Yes,No,Yes,No,Yes,Yes,One year,Yes,Credit card (automatic),72.38,2768.25,No
1734-PBNHH,Male,0,Yes,No,33,Yes,No,DSL,Yes,No,Yes,No,No,Yes,Month-to-month,Yes,Credit card (automatic),63.54,2055.68,No
8797-AEAUX,Male,0,No,No,72,Yes,No,No,No internet service,No internet service,No internet service,No internet service,No internet service,No internet service,Month-to-month,Yes,Credit card (automatic),19.78,1464.0,No
9245-NDFGR,Female,0,Yes,Yes,29,No,No phone service,Fiber optic,Yes,Yes,Yes,No,Yes,No,Month-to-month,Yes,Credit card (automatic),104.1,3056.99,No
4487-EFLWL,Female,1,Yes,No,59,Yes,No,DSL,No,Yes,No,No,No,No,One year,Yes,Credit card (automatic),56.47,3322.36,No
2581-RCDIK,Male,0,Yes,Yes,0,Yes,No,DSL,No,Yes,Yes,No,No,Yes,Month-to-month,No,Electronic check,66.27,21.02,Yes
6563-YYQCP,Female,0,No,No,72,Yes,Yes,Fiber optic,No,No,Yes,Yes,Yes,No,Two year,No,Mailed check,99.54,7152.55,No
8329-OKDDQ,Male,0,No,Yes,12,Yes,Yes,DSL,No,No,No,Yes,No,Yes,Month-to-month,No,Credit card (automatic),55.28,675.36,No
5589-FYDNB,Male,0,No,Yes,68,Yes,No,Fiber optic,No,Yes,Yes,Yes,No,No,Two year,Yes,Credit card (automatic),92.71,6287.89,No
4992-QVBYN,Male,0,No,No,43,Yes,Yes,Fiber optic,No,Yes,Yes,Yes,No,No,Month-to-month,No,Bank transfer (automatic),90.44,3908.72,No
1879-LBDBQ,Female,0,No,No,70,Yes,No,Fiber optic,No,No,Yes,Yes,No,Yes,Month-to-month,Yes,Mailed check,101.59,7096.04,No
8081-QRXWP,Female,0,No,No,61,Yes,Yes,DSL,No,Yes,Yes,No,No,Yes,One year,No,Credit card (automatic),64.27,3914.93,No
7969-UQHAP,Male,0,Yes,Yes,31,Yes,No,DSL,No,No,Yes,No,No,Yes,Month-to-month,No,Mailed check,66.52,2094.94,No
3737-WEUAA,Male,0,Yes,Yes,69,Yes,Yes,No,No internet service,No internet service,No internet service,No internet service,No internet service,No internet service,Month-to-month,Yes,Electronic check,27.05,1853.77,Yes
9259-ZUTEP,Male,0,No,No,3,Yes,Yes,No,No internet service,No internet service,No internet service,No internet service,No internet service,No internet service,Two year,No,Bank transfer (automatic),20.11,59.37,No
9704-IKYIZ,Female,0,No,No,25,No,No phone service,Fiber optic,No,Yes,No,No,No,Yes,Month-to-month,Yes,Bank transfer (automatic),85.18,2143.56,Yes
9144-FVMCI,Male,0,Yes,No,72,Yes,Yes,No,No internet service,No internet service,No internet service,No internet service,No internet service,No internet service,Month-to-month,No,Bank transfer (automatic),21.9,1537.7,No
3742-CHWEG,Male,0,No,No,16,Yes,No,DSL,No,No,No,Yes,Yes,Yes,Two year,Yes,Electronic check,77.51,1236.35,No
2439-JQFVN,Female,0,Yes,Yes,61,Yes,No,Fiber optic,Yes,No,No,Yes,No,No,One year,Yes,Bank transfer (automatic),87.98,5360.81,No
7279-WANII,Female,0,Yes,Yes,11,Yes,No,No,No internet service,No internet service,No internet service,No internet service,No internet service,No internet service,Two year,Yes,Credit card (automatic),25.16,314.12,No
5296-PTBEA,Female,0,Yes,No,7,Yes,No,DSL,No,No,No,No,No,No,One year,No,Credit card (automatic),55.57,426.82,No
2645-KLCHK,Female,0,Yes,No,23,Yes,No,DSL,Yes,No,No,No,Yes,No,Month-to-month,No,Electronic check,56.35,1281.94,No
8370-JDNEU,Female,0,No,No,67,Yes,Yes,DSL,No,No,No,Yes,Yes,Yes,One year,Yes,Mailed check,74.06,4966.5,No
7978-XAQYI,Male,0,No,No,32,Yes,No,DSL,Yes,No,Yes,No,Yes,No,Month-to-month,No,Electronic check,62.03,1998.72,No
9365-HIQPD,Male,1,Yes,Yes,3,No,No phone service,Fiber optic,No,No,No,No,Yes,No,Month-to-month,Yes,Credit card (automatic),82.37,239.32,Yes
5524-TXVYL,Female,1,Yes,No,60,Yes,No,No,No internet service,No internet service,No internet service,No internet service,No internet service,No internet service,Month-to-month,Yes,Electronic check,21.56,1287.8,No
6311-OOOIX,Female,0,No,Yes,27,Yes,Yes,DSL,No,No,No,No,Yes,Yes,Two year,Yes,Mailed check,62.7,1707.76,No
7669-ULKOI,Female,0,No,No,63,Yes,No,Fiber optic,No,No,No,No,No,No,Month-to-month,Yes,Mailed check,75.97,4773.62,No
8163-NWYIK,Female,1,No,No,65,Yes,No,DSL,Yes,No,No,Yes,No,Yes,Month-to-month,Yes,Credit card (automatic),65.39,4267.77,No
9134-RLSZJ,Male,0,Yes,Yes,21,Yes,Yes,Fiber optic,No,No,No,No,No,No,Month-to-month,Yes,Electronic check,84.0,1781.26,No
8185-DXKMI,Male,0,No,No,19,Yes,No,Fiber optic,Yes,No,No,No,Yes,Yes,Month-to-month,No,Credit card (automatic),96.57,1819.96,No
5558-LXJUJ,Male,0,No,No,1,Yes,No,Fiber optic,No,No,No,No,No,Yes,Month-to-month,No,Electronic check,87.39,83.88,Yes
7998-SXEUX,Male,1,Yes,Yes,4,Yes,Yes,DSL,Yes,Yes,No,No,No,No,Month-to-month,No,Electronic check,55.54,229.21,Yes
8426-RBBCZ,Male,0,No,No,55,No,No phone service,DSL,No,Yes,No,Yes,No,Yes,Month-to-month,No,Credit card (automatic),59.93,3312.86,No
7573-EDWTW,Female,0,Yes,Yes,7,Yes,No,No,No internet service,No internet service,No internet service,No internet service,No internet service,No internet service,Two year,No,Mailed check,25.49,196.7,Yes
8582-QMQLT,Female,0,No,No,8,Yes,Yes,Fiber optic,Yes,No,No,Yes,Yes,No,Month-to-month,Yes,Electronic check,94.7,776.86,Yes
7118-ZGUFS,Male,0,No,No,22,Yes,No,Fiber optic,No,Yes,Yes,No,Yes,Yes,One year,No,Mailed check,100.44,2191.89,No
7362-ZJNNH,Female,0,No,No,8,Yes,No,No,No internet service,No internet service,No internet service,No internet service,No internet service,No internet service,Two year,No,Bank transfer (automatic),33.01,242.77,No
6468-MUQCU,Female,0,Yes,Yes,34,No,No phone service,Fiber optic,No,No,Yes,Yes,No,Yes,Two year,Yes,Mailed check,93.37,3172.01,No
6979-KMXJP,Male,0,Yes,Yes,19,Yes,No,DSL,No,No,Yes,Yes,No,Yes,Two year,Yes,Electronic check,64.86,1215.87,Yes
1408-LAZII,Female,0,Yes,No,54,Yes,Yes,Fiber optic,No,No,Yes,No,No,No,Month-to-month,Yes,Electronic check,81.81,4420.19,No
8308-ZATAI,Male,0,No,No,29,Yes,Yes,DSL,No,No,Yes,No,No,No,One year,Yes,Credit card (automatic),57.78,1681.35,No
5326-ARPGW,Female,1,No,No,11,Yes,Yes,No,No internet service,No internet service,No internet service,No internet service,No internet service,No internet service,Month-to-month,Yes,Credit card (automatic),21.74,235.54,Yes
2876-QZIRU,Male,0,Yes,Yes,39,Yes,Yes,Fiber optic,No,No,Yes,No,Yes,No,Month-to-month,Yes,Credit card (automatic),92.59,3651.64,Yes
3068-YUHKK,Male,1,Yes,Yes,2,Yes,Yes,No,No internet service,No internet service,No internet service,No internet service,No internet service,No internet service,Two year,Yes,Electronic check,22.86,27.64,No
3959-USKZP,Male,1,Yes,Yes,64,Yes,No,No,No internet service,No internet service,No internet service,No internet service,No internet service,No internet service,Two year,Yes,Electronic check,27.84,1749.22,No
4952-SJMTZ,Male,0,No,No,27,Yes,No,DSL,No,No,Yes,No,Yes,No,One year,Yes,Credit card (automatic),61.06,1648.36,No
1949-IXFAD,Female,0,No,No,12,Yes,No,Fiber optic,No,No,Yes,No,No,No,Month-to-month,Yes,Bank transfer (automatic),79.7,929.85,Yes
6663-SXKNA,Female,0,Yes,Yes,12,No,No phone service,DSL,No,No,No,No,No,No,Two year,Yes,Bank transfer (automatic),42.55,545.62,No
3752-JTSRI,Male,0,Yes,Yes,41,No,No phone service,No,No internet service,No internet service,No internet service,No internet service,No internet service,No internet service,Month-to-month,Yes,Mailed check,18.25,727.27,No
7737-STOFV,Female,0,No,No,62,No,No phone service,Fiber optic,No,No,Yes,No,No,No,Two year,No,Bank transfer (automatic),83.76,5177.27,No
7085-ERRKW,Female,0,Yes,Yes,6,Yes,Yes,No,No internet service,No internet service,No internet service,No internet service,No internet service,No internet service,Two year,No,Electronic check,24.68,166.04,No
4305-VAODN,Male,0,No,No,61,Yes,No,DSL,No,No,No,No,No,No,One year,Yes,Electronic check,45.42,2800.41,No
8108-KQVWJ,Male,0,No,No,14,Yes,No,DSL,No,No,No,Yes,No,Yes,One year,Yes,Electronic check,61.19,831.88,No
6055-RAOWH,Female,0,Yes,Yes,1,Yes,No,Fiber optic,No,Yes,Yes,Yes,Yes,No,Two year,Yes,Mailed check,106.2,102.33,No
6669-KKSKS,Female,0,No,No,10,Yes,No,DSL,Yes,Yes,Yes,No,Yes,Yes,One year,Yes,Bank transfer (automatic),80.29,833.54,No
4379-AICTK,Male,0,No,No,49,Yes,Yes,No,No internet service,No internet service,No internet service,No internet service,No internet service,No internet service,Two year,No,Mailed check,18.25,893.66,No
2521-IVFBB,Male,0,No,No,1,No,No phone service,Fiber optic,No,Yes,Yes,No,Yes,Yes,Month-to-month,Yes,Mailed check,103.35,108.23,Yes
7885-BYGEE,Female,0,No,Yes,66,Yes,No,Fiber optic,Yes,Yes,No,No,Yes,No,Month-to-month,Yes,Electronic check,87.01,5741.24,No
4565-HOOXX,Male,1,Yes,Yes,55,Yes,No,No,No internet service,No internet service,No internet service,No internet service,No internet service,No internet service,One year,No,Credit card (automatic),26.32,1464.73,No
2434-ACKTP,Female,0,No,No,4,Yes,No,DSL,No,Yes,No,Yes,Yes,No,One year,Yes,Credit card (automatic),68.28,298.73,No
4447-JUUMK,Male,0,No,No,1,Yes,Yes,Fiber optic,No,Yes,No,No,No,Yes,One year,Yes,Credit card (automatic),94.76,63.64,No
4724-XHUHC,Male,0,Yes,Yes,63,Yes,Yes,Fiber optic,Yes,No,Yes,No,No,Yes,Month-to-month,Yes,Mailed check,101.32,6405.83,No
9387-KGGWP,Female,0,No,No,41,Yes,No,No,No internet service,No internet service,No internet service,No internet service,No internet service,No internet service,Month-to-month,Yes,Electronic check,29.21,1180.08,No
4960-XAAYL,Female,0,No,No,46,Yes,No,DSL,No,No,No,No,Yes,Yes,Month-to-month,Yes,Electronic check,71.7,3296.27,No
9066-GWQYE,Male,0,Yes,No,0,Yes,No,DSL,No,No,Yes,No,Yes,No,Month-to-month,Yes,Mailed check,60.68,5.36,Yes
5287-XNZCC,Male,1,No,Yes,60,Yes,No,Fiber optic,No,No,No,No,No,No,Month-to-month,No,Mailed check,83.81,5042.8,Yes
2126-HIMHV,Female,0,No,No,6,No,No phone service,Fiber optic,Yes,No,Yes,No,No,No,Two year,Yes,Electronic check,86.32,485.95,No
3948-JFLMN,Female,0,No,No,27,Yes,Yes,DSL,No,No,Yes,No,No,No,Two year,Yes,Mailed check,50.55,1359.68,No
9461-EFHZT,Male,0,Yes,Yes,16,Yes,No,Fiber optic,Yes,No,No,No,Yes,Yes,Month-to-month,Yes,Credit card (automatic),105.99,1712.4,No
7028-VWUGK,Male,0,No,No,1,Yes,No,Fiber optic,Yes,Yes,No,No,Yes,No,One year,Yes,Mailed check,100.63,103.15,No
8996-PJDKG,Female,1,Yes,No,0,No,No phone service,DSL,No,No,Yes,Yes,No,Yes,One year,No,Bank transfer (automatic),62.75,6.99,No
4785-ITWRI,Female,0,Yes,No,37,Yes,Yes,Fiber optic,No,Yes,No,No,No,No,Two year,Yes,Credit card (automatic),81.18,2990.24,No
8175-KICND,Male,0,Yes,No,71,Yes,No,Fiber optic,Yes,No,No,No,No,Yes,Two year,Yes,Mailed check,89.61,6367.38,No
4047-QNLNW,Male,0,No,Yes,7,Yes,Yes,Fiber optic,No,Yes,No,No,No,No,Month-to-month,Yes,Electronic check,85.49,624.94,Yes
6192-UBEEY,Female,0,No,No,22,Yes,No,No,No internet service,No internet service,No internet service,No internet service,No internet service,No internet service,One year,No,Electronic check,24.39,533.31,No
6465-AIVIF,Male,0,Yes,Yes,67,Yes,Yes,DSL,Yes,No,No,No,Yes,Yes,One year,Yes,Electronic check,77.54,5177.33,No
4052-TZQCV,Male,0,Yes,Yes,23,Yes,No,Fiber optic,No,No,No,No,No,No,Two year,Yes,Credit card (automatic),81.35,1861.28,No
5507-JCHAC,Male,0,No,No,1,No,No phone service,No,No internet service,No internet service,No internet service,No internet service,No internet service,No internet service,Month-to-month,No,Mailed check,27.68,0.0,Yes
9853-PHZIU,Female,0,Yes,No,30,Yes,No,Fiber optic,No,No,No,No,Yes,No,Month-to-month,Yes,Bank transfer (automatic),90.93,2705.52,No
2607-HLJPK,Male,0,No,No,60,No,No phone service,Fiber optic,No,Yes,No,Yes,Yes,Yes,Month-to-month,No,Bank transfer (automatic),95.21,5701.17,No
6783-WBQJM,Female,1,No,Yes,39,Yes,No,Fiber optic,Yes,Yes,No,No,No,Yes,Two year,Yes,Mailed check,94.53,3683.15,No
5559-MCGNR,Female,0,Yes,Yes,3,Yes,Yes,DSL,No,Yes,No,No,Yes,No,One year,No,Credit card (automatic),63.97,194.45,Yes
1324-NYRJZ,Male,0,Yes,Yes,3,Yes,No,No,No internet service,No internet service,No internet service,No internet service,No internet service,No internet service,Two year,Yes,Mailed check,29.32,60.93,No
2959-UMYJB,Male,0,No,No,33,Yes,Yes,No,No internet service,No internet service,No internet service,No internet service,No internet service,No internet service,Month-to-month,Yes,Bank transfer (automatic),29.31,986.4,No
6378-OHHWT,Male,1,Yes,No,57,Yes,No,Fiber optic,No,No,No,No,No,No,Month-to-month,No,Electronic check,85.91,4893.49,No
5427-VBFAL,Female,0,Yes,Yes,17,Yes,No,No,No internet service,No internet service,No internet service,No internet service,No internet service,No internet service,Month-to-month,No,Electronic check,26.03,476.16,Yes
2299-PZBVM,Female,0,Yes,Yes,60,Yes,No,No,No internet service,No internet service,No internet service,No internet service,No internet service,No internet service,Month-to-month,No,Credit card (automatic),27.02,1630.79,No
1092-GNCYI,Female,0,Yes,Yes,65,Yes,No,DSL,No,No,No,No,No,No,Month-to-month,Yes,Bank transfer (automatic),47.46,3072.93,No
7035-XKYFK,Male,1,No,No,15,No,No phone service,DSL,Yes,No,Yes,Yes,No,Yes,One year,Yes,Bank transfer (automatic),68.1,1021.6,No
3462-DIBYA,Male,0,Yes,Yes,55,Yes,Yes,DSL,No,No,Yes,Yes,Yes,No,Two year,No,Credit card (automatic),64.12,3553.47,No
4514-UVUIJ,Male,0,Yes,Yes,27,Yes,No,Fiber optic,No,No,No,No,Yes,No,One year,Yes,Electronic check,91.29,2481.01,No
4919-XGEET,Male,0,No,No,64,No,No phone service,No,No internet service,No internet service,No internet service,No internet service,No internet service,No internet service,Month-to-month,No,Mailed check,18.25,1218.0,No
4238-OIBWC,Female,1,No,No,7,Yes,No,No,No internet service,No internet service,No internet service,No internet service,No internet service,No internet service,One year,Yes,Bank transfer (automatic),25.73,164.76,No
5129-GWIIV,Female,0,Yes,Yes,6,Yes,No,DSL,No,No,Yes,No,No,No,One year,Yes,Bank transfer (automatic),56.76,314.0,No
1664-KTYAX,Female,0,Yes,Yes,12,Yes,Yes,Fiber optic,No,No,No,No,No,No,One year,Yes,Bank transfer (automatic),75.66,922.27,No
1345-YYSYE,Male,0,No,No,16,Yes,No,Fiber optic,No,No,Yes,Yes,No,No,Month-to-month,Yes,Credit card (automatic),88.19,1363.65,Yes
5492-RAFOD,Female,0,No,No,28,Yes,No,Fiber optic,No,Yes,Yes,No,Yes,No,Month-to-month,Yes,Electronic check,95.69,2680.14,Yes
8679-KORMF,Male,0,Yes,No,20,Yes,No,Fiber optic,No,Yes,No,No,Yes,No,Month-to-month,Yes,Bank transfer (automatic),97.09,1943.22,Yes
6008-LCARZ,Male,0,No,No,41,Yes,No,Fiber optic,No,No,No,No,No,Yes,Month-to-month,Yes,Mailed check,93.94,3837.64,No
8976-GXCOG,Female,0,Yes,Yes,5,No,No phone service,DSL,No,Yes,No,No,No,No,Month-to-month,Yes,Bank transfer (automatic),49.61,240.14,No
2711-KHJMS,Female,0,No,No,12,Yes,Yes,DSL,No,Yes,Yes,No,No,No,Month-to-month,Yes,Credit card (automatic),58.49,685.58,Yes
4823-FKKYZ,Male,0,Yes,No,38,Yes,Yes,Fiber optic,No,No,Yes,No,Yes,No,Month-to-month,No,Mailed check,97.24,3689.08,Yes
9072-EGEGR,Female,0,Yes,No,16,Yes,No,Fiber optic,Yes,Yes,No,No,No,No,One year,No,Bank transfer (automatic),97.23,1557.24,No
8546-VYWRO,Male,0,Yes,Yes,72,Yes,No,No,No internet service,No internet service,No internet service,No internet service,No internet service,No internet service,Month-to-month,Yes,Credit card (automatic),18.57,1321.45,No
3179-ZSGZC,Male,0,No,No,7,No,No phone service,Fiber optic,Yes,Yes,Yes,Yes,Yes,Yes,Month-to-month,No,Electronic check,108.2,807.4,Yes
3588-YHVSB,Male,0,Yes,Yes,62,Yes,Yes,DSL,No,Yes,Yes,No,No,No,One year,Yes,Electronic check,63.24,3912.96,No
1231-STUXS,Male,1,No,No,9,Yes,Yes,DSL,No,No,Yes,No,Yes,Yes,Month-to-month,Yes,Electronic check,76.91,670.5,Yes
7894-AFACM,Male,0,Yes,No,57,Yes,Yes,Fiber optic,No,Yes,No,Yes,No,Yes,Month-to-month,Yes,Bank transfer (automatic),88.77,5045.25,Yes
5153-KZDAV,Female,0,No,No,72,Yes,No,DSL,Yes,Yes,No,No,Yes,No,Month-to-month,No,Credit card (automatic),74.33,5338.08,No
9127-CFGET,Male,0,Yes,No,7,Yes,No,Fiber optic,Yes,No,No,No,No,No,Month-to-month,Yes,Credit card (automatic),87.63,640.17,No
5930-FQBPX,Male,0,Yes,Yes,72,Yes,No,No,No internet service,No internet service,No internet service,No internet service,No internet service,No internet service,Month-to-month,Yes,Credit card (automatic),25.77,1863.48,No
5474-JSGLK,Male,0,No,No,55,Yes,Yes,Fiber optic,Yes,No,Yes,No,Yes,No,Two year,Yes,Credit card (automatic),101.95,5613.98,No
7827-YFBIF,Male,0,Yes,Yes,72,No,No phone service,Fiber optic,Yes,Yes,Yes,Yes,No,No,One year,Yes,Mailed check,96.16,6910.81,No
7287-QMORC,Male,0,No,No,57,No,No phone service,Fiber optic,Yes,No,Yes,Yes,Yes,Yes,One year,Yes,Electronic check,99.55,5678.6,No
9553-TRZHF,Female,0,No,No,12,No,No phone service,Fiber optic,No,No,Yes,No,No,No,One year,Yes,Electronic check,77.81,927.65,No
6573-HQHOY,Female,0,Yes,No,2,Yes,Yes,No,No internet service,No internet service,No internet service,No internet service,No internet service,No internet service,One year,No,Mailed check,27.78,79.51,No
9391-TPTEY,Male,0,No,No,59,No,No phone service,Fiber optic,No,No,No,No,Yes,Yes,Month-to-month,Yes,Electronic check,88.55,5274.45,No
2117-ELABD,Female,0,Yes,No,40,Yes,No,No,No internet service,No internet service,No internet service,No internet service,No internet service,No internet service,One year,No,Credit card (automatic),29.07,1133.65,No
8756-OJMMQ,Male,1,Yes,Yes,30,Yes,No,DSL,Yes,No,Yes,No,Yes,Yes,Month-to-month,Yes,Mailed check,75.4,2241.5,Yes
2090-GUDEU,Female,0,No,No,10,Yes,No,DSL,No,No,No,No,Yes,Yes,Two year,No,Mailed check,61.35,596.74,No
4967-FOLJZ,Female,0,Yes,No,11,Yes,No,Fiber optic,Yes,No,Yes,Yes,No,No,One year,No,Mailed check,97.6,1076.37,No
9105-KHWNC,Male,1,Yes,Yes,7,Yes,No,Fiber optic,No,No,No,Yes,Yes,No,Two year,No,Bank transfer (automatic),95.64,695.74,No
6458-IBJSY,Female,0,No,Yes,9,Yes,No,No,No internet service,No internet service,No internet service,No internet service,No internet service,No internet service,Month-to-month,Yes,Bank transfer (automatic),22.99,216.98,No
5841-EMTKC,Female,0,No,No,63,Yes,No,Fiber optic,No,No,Yes,No,No,No,One year,Yes,Electronic check,86.19,5449.97,No
7295-WSZQC,Female,0,Yes,Yes,11,Yes,No,DSL,Yes,No,Yes,No,Yes,Yes,Month-to-month,No,Mailed check,76.12,862.8,No
5126-ITYTP,Female,0,No,Yes,16,Yes,No,No,No internet service,No internet service,No internet service,No internet service,No internet service,No internet service,Month-to-month,No,Mailed check,21.07,307.16,No
3690-RFFCZ,Male,0,Yes,No,72,Yes,No,Fiber optic,No,No,No,No,No,Yes,Two year,Yes,Electronic check,89.09,6401.75,No
2521-IJUMX,Male,0,No,No,58,Yes,Yes,Fiber optic,No,Yes,Yes,No,No,Yes,Month-to-month,Yes,Electronic check,100.65,5838.68,No
3263-MWMJF,Male,0,No,No,26,Yes,Yes,DSL,No,No,No,No,Yes,No,Month-to-month,No,Electronic check,55.51,1430.41,Yes
8742-BCYQT,Male,0,No,No,69,Yes,No,Fiber optic,No,No,No,No,Yes,No,Month-to-month,No,Credit card (automatic),85.62,5919.58,No
1990-INMLP,Female,1,No,No,21,Yes,Yes,Fiber optic,Yes,No,No,No,No,No,Month-to-month,No,Electronic check,87.57,1853.64,No
2535-ILVPF,Male,0,No,No,5,Yes,Yes,DSL,No,No,No,No,Yes,No,Month-to-month,No,Credit card (automatic),57.26,294.1,No
2259-DJUKP,Female,0,Yes,No,29,Yes,No,DSL,No,No,No,No,No,No,Month-to-month,Yes,Credit card (automatic),48.13,1388.92,No
1312-TKGJU,Male,0,No,No,13,Yes,Yes,Fiber optic,No,No,No,No,Yes,No,Month-to-month,No,Electronic check,92.87,1193.76,No
2042-IPVRP,Male,0,Yes,Yes,25,Yes,Yes,Fiber optic,No,Yes,No,Yes,Yes,No,One year,No,Mailed check,93.76,2334.47,No
2622-ITVAV,Male,0,No,No,10,Yes,Yes,Fiber optic,Yes,No,No,No,No,No,Two year,Yes,Electronic check,80.34,788.94,Yes
8838-FXKOM,Male,1,Yes,Yes,57,Yes,Yes,Fiber optic,Yes,No,No,Yes,Yes,Yes,Month-to-month,No,Bank transfer (automatic),105.53,6027.75,No
4601-LSECQ,Female,0,Yes,Yes,35,Yes,No,Fiber optic,No,Yes,No,Yes,No,No,One year,No,Bank transfer (automatic),90.3,3194.91,No
1178-CPADH,Male,0,Yes,No,43,Yes,No,Fiber optic,Yes,No,No,No,No,Yes,Two year,Yes,Mailed check,91.38,3942.61,No
9250-HUWDX,Male,0,No,No,19,Yes,Yes,DSL,Yes,Yes,Yes,No,Yes,Yes,Month-to-month,Yes,Electronic check,79.14,1486.87,No
8000-NIYLC,Male,0,Yes,No,72,No,No phone service,No,No internet service,No internet service,No internet service,No internet service,No internet service,No internet service,Month-to-month,No,Mailed check,21.16,1495.29,No
4178-SYEAH,Female,0,Yes,Yes,58,Yes,No,Fiber optic,No,Yes,Yes,Yes,No,No,Month-to-month,No,Electronic check,96.5,5591.61,Yes
2663-QKJBM,Male,0,No,Yes,2,Yes,Yes,DSL,No,No,Yes,No,Yes,Yes,Month-to-month,No,Credit card (automatic),69.5,159.47,No
4880-KPRJX,Male,0,No,No,65,Yes,Yes,DSL,Yes,No,No,No,No,Yes,One year,No,Mailed check,65.77,4305.39,No
3725-ZVUTO,Female,0,No,No,67,No,No phone service,Fiber optic,No,No,Yes,No,Yes,No,Two year,No,Electronic check,93.1,6214.09,No
4842-QASTX,Male,1,No,No,1,Yes,Yes,Fiber optic,Yes,Yes,No,Yes,No,No,Month-to-month,Yes,Electronic check,96.25,93.17,Yes
5085-RJQQP,Male,0,No,No,19,Yes,No,Fiber optic,No,Yes,Yes,No,No,Yes,Month-to-month,Yes,Mailed check,90.73,1729.26,Yes
6367-JYHSF,Female,0,No,No,2,Yes,Yes,No,No internet service,No internet service,No internet service,No internet service,No internet service,No internet service,Month-to-month,No,Mailed check,20.82,49.42,No
2002-QAVAH,Male,0,Yes,No,17,Yes,No,No,No internet service,No internet service,No internet service,No internet service,No internet service,No internet service,Month-to-month,No,Electronic check,26.64,438.9,No
8204-JPSUZ,Female,0,No,No,2,Yes,No,Fiber optic,No,No,No,Yes,Yes,No,One year,Yes,Electronic check,95.54,164.31,No
4395-ZADOX,Female,0,Yes,No,54,Yes,No,Fiber optic,No,No,No,No,Yes,No,One year,Yes,Electronic check,87.67,4708.28,No
8550-RDIGV,Female,1,No,No,9,Yes,No,Fiber optic,No,Yes,No,No,Yes,No,Month-to-month,No,Credit card (automatic),94.26,835.84,Yes
7715-YAJSR,Female,0,Yes,Yes,2,Yes,No,Fiber optic,Yes,No,No,No,Yes,No,Two year,No,Credit card (automatic),91.91,189.08,No
6081-ZQNWN,Male,1,Yes,No,56,Yes,No,Fiber optic,No,No,No,No,No,No,One year,No,Credit card (automatic),82.66,4631.11,No
3281-TYMOK,Male,0,Yes,No,17,Yes,Yes,DSL,No,No,No,No,Yes,No,Two year,Yes,Electronic check,57.91,1034.47,No
2165-VSBMS,Male,1,Yes,No,58,Yes,Yes,DSL,No,No,Yes,No,No,Yes,One year,Yes,Mailed check,57.24,3340.38,No
2447-QGONA,Female,0,Yes,No,6,Yes,No,No,No internet service,No internet service,No internet service,No internet service,No internet service,No internet service,Two year,No,Mailed check,23.73,167.15,No
9976-FYCTH,Female,0,No,No,2,Yes,No,No,No internet service,No internet service,No internet service,No internet service,No internet service,No internet service,Month-to-month,Yes,Electronic check,22.23,44.52,Yes
4788-WHYSK,Female,0,No,No,59,Yes,Yes,DSL,No,No,No,Yes,No,No,Month-to-month,Yes,Credit card (automatic),52.41,3122.83,No
9032-TVHEL,Female,1,No,No,55,Yes,Yes,DSL,Yes,Yes,No,Yes,Yes,Yes,Two year,No,Electronic check,72.88,4024.13,No
1249-SRMQC,Male,0,No,No,12,Yes,Yes,Fiber optic,No,No,Yes,No,No,No,Two year,Yes,Electronic check,86.16,1016.34,No
3036-ZYGRB,Male,0,Yes,Yes,12,Yes,Yes,No,No internet service,No internet service,No internet service,No internet service,No internet service,No internet service,Two year,Yes,Mailed check,25.64,321.26,No
3448-YTSND,Male,0,No,No,60,Yes,Yes,DSL,Yes,Yes,Yes,No,Yes,No,One year,No,Electronic check,66.2,3959.22,No
6503-YXFPP,Male,0,Yes,No,16,Yes,Yes,DSL,No,No,No,No,No,Yes,One year,Yes,Electronic check,62.21,949.74,No
4007-VPNXK,Female,0,No,No,60,Yes,Yes,DSL,No,No,No,No,Yes,Yes,Two year,Yes,Credit card (automatic),68.12,4086.63,No
4234-JLUMU,Female,0,No,No,25,Yes,Yes,DSL,Yes,No,Yes,Yes,No,Yes,One year,Yes,Bank transfer (automatic),71.16,1757.78,No
2622-RNHQO,Male,0,No,No,17,Yes,No,No,No internet service,No internet service,No internet service,No internet service,No internet service,No internet service,One year,Yes,Electronic check,28.63,533.42,No
9317-ETDES,Female,1,Yes,No,17,Yes,No,No,No internet service,No internet service,No internet service,No internet service,No internet service,No internet service,One year,No,Bank transfer (automatic),30.0,498.49,No
3745-QHDJE,Female,0,No,No,20,Yes,Yes,DSL,No,No,No,No,No,No,Two year,No,Electronic check,54.0,1087.29,No
6890-PQDUA,Female,0,Yes,No,9,Yes,No,DSL,No,Yes,Yes,Yes,No,No,Month-to-month,Yes,Bank transfer (automatic),66.4,591.67,No
1284-FCSGB,Female,0,No,No,18,Yes,No,DSL,Yes,Yes,No,Yes,No,No,Month-to-month,Yes,Bank transfer (automatic),67.12,1226.61,Yes
1120-WEWHS,Male,0,Yes,Yes,47,Yes,Yes,DSL,No,Yes,Yes,Yes,No,No,One year,No,Electronic check,66.95,3140.96,No
4283-ZVBHV,Male,0,Yes,No,30,Yes,Yes,Fiber optic,Yes,No,Yes,No,No,No,Two year,Yes,Electronic check,89.77,2702.28,No
2336-OYFFM,Female,1,No,No,12,Yes,No,DSL,No,Yes,No,No,No,No,Month-to-month,No,Mailed check,55.53,657.58,Yes
4188-FKFTM,Female,0,No,No,12,Yes,No,No,No internet service,No internet service,No internet service,No internet service,No internet service,No internet service,Month-to-month,No,Electronic check,32.33,374.56,No
7080-IDADR,Male,0,Yes,Yes,21,No,No phone service,DSL,No,No,Yes,No,Yes,Yes,Month-to-month,Yes,Credit card (automatic),54.41,1132.84,No
6305-VZPVC,Male,0,No,No,23,Yes,No,No,No internet service,No internet service,No internet service,No internet service,No internet service,No internet service,Month-to-month,Yes,Electronic check,28.99,707.47,Yes
1034-BJJAI,Female,0,Yes,Yes,9,Yes,Yes,DSL,No,Yes,No,No,Yes,No,Month-to-month,Yes,Electronic check,67.24,606.3,No
8717-RUJQA,Female,0,Yes,Yes,36,Yes,No,DSL,No,No,No,No,No,No,Two year,No,Electronic check,49.05,1756.42,No
2425-HNQBG,Male,0,No,No,42,No,No phone service,DSL,No,No,No,Yes,Yes,No,Month-to-month,No,Electronic check,62.95,2617.72,Yes
3103-JWGNZ,Male,0,No,No,24,Yes,Yes,DSL,No,No,No,No,No,No,Month-to-month,No,Mailed check,45.99,1087.03,Yes
3041-BHSMA,Female,0,Yes,No,20,Yes,No,Fiber optic,Yes,Yes,No,No,Yes,Yes,One year,No,Mailed check,104.48,2078.66,No
8206-RUYLT,Male,0,No,No,15,Yes,Yes,Fiber optic,No,Yes,Yes,Yes,Yes,Yes,Month-to-month,Yes,Credit card (automatic),110.92,1635.89,No
9615-EMIEH,Male,0,No,No,65,Yes,No,DSL,No,No,Yes,No,No,Yes,Two year,Yes,Bank transfer (automatic),61.86,4020.08,No
2921-CEGMS,Male,0,Yes,No,7,Yes,No,Fiber optic,No,No,No,No,Yes,No,Month-to-month,Yes,Mailed check,90.26,647.14,Yes
4246-ZZYGT,Male,0,Yes,Yes,5,Yes,Yes,Fiber optic,No,Yes,No,Yes,No,Yes,One year,Yes,Electronic check,89.31,451.51,No
8750-KPUED,Male,0,Yes,Yes,34,Yes,No,DSL,No,No,No,Yes,No,Yes,Two year,Yes,Electronic check,64.72,2237.41,No
8938-UVWBT,Female,1,No,Yes,24,Yes,Yes,DSL,No,Yes,No,No,No,No,Two year,Yes,Bank transfer (automatic),59.57,1427.74,No
7325-HHBQX,Male,1,No,No,18,Yes,No,Fiber optic,No,Yes,Yes,No,Yes,No,Month-to-month,Yes,Bank transfer (automatic),96.63,1741.94,Yes
7377-CQLAO,Male,0,Yes,No,2,Yes,No,Fiber optic,No,Yes,No,No,No,No,Two year,No,Electronic check,82.39,163.79,No
7188-BLWSA,Male,1,Yes,Yes,1,Yes,No,DSL,No,No,No,No,No,No,Month-to-month,Yes,Electronic check,54.21,83.03,No
2095-MECVN,Female,0,No,No,62,Yes,Yes,No,No internet service,No internet service,No internet service,No internet service,No internet service,No internet service,Two year,Yes,Electronic check,23.02,1444.24,No
1046-GMWIN,Male,1,No,No,66,Yes,Yes,No,No internet service,No internet service,No internet service,No internet service,No internet service,No internet service,One year,Yes,Credit card (automatic),30.72,2041.86,No
5300-HYOTK,Female,0,No,Yes,72,Yes,No,Fiber optic,Yes,No,No,No,No,Yes,One year,Yes,Electronic check,93.19,6725.43,No
4673-UHTLB,Female,0,Yes,Yes,72,Yes,Yes,DSL,No,Yes,Yes,Yes,No,Yes,Month-to-month,Yes,Mailed check,67.86,4885.68,No
7850-VGWGG,Female,0,Yes,No,25,Yes,Yes,DSL,No,Yes,Yes,No,No,Yes,Month-to-month,No,Mailed check,69.12,1697.45,No
7087-VZWKP,Female,0,Yes,Yes,55,Yes,No,Fiber optic,No,Yes,Yes,No,No,No,Two year,Yes,Mailed check,87.88,4823.23,Yes
6665-XPZEN,Male,0,No,No,7,Yes,Yes,No,No internet service,No internet service,No internet service,No internet service,No internet service,No internet service,Month-to-month,No,Credit card (automatic),27.6,198.67,Yes
2312-OQZLZ,Female,0,No,No,69,Yes,Yes,DSL,No,No,No,No,No,No,Month-to-month,Yes,Mailed check,49.55,3380.63,No
2383-TKPWV,Female,0,Yes,Yes,3,Yes,No,DSL,No,No,No,No,No,Yes,Month-to-month,Yes,Credit card (automatic),55.7,187.31,Yes
9469-BPTLG,Female,0,No,No,4,Yes,No,DSL,No,Yes,Yes,No,No,No,Month-to-month,Yes,Mailed check,56.45,255.67,Yes
5978-CJNZE,Female,0,Yes,Yes,46,Yes,No,Fiber optic,No,No,No,No,No,Yes,One year,Yes,Bank transfer (automatic),89.95,4120.26,No
8831-KHHAS,Female,0,Yes,No,24,Yes,No,Fiber optic,No,No,Yes,Yes,No,No,Month-to-month,No,Mailed check,88.64,2123.79,No
7667-EPNCF,Male,0,No,No,10,Yes,No,Fiber optic,Yes,No,Yes,No,No,No,Month-to-month,Yes,Bank transfer (automatic),91.79,880.19,Yes
9808-JUMRQ,Female,0,Yes,No,2,Yes,No,DSL,No,No,No,No,No,Yes,One year,Yes,Mailed check,54.92,84.62,No
6750-RQCXT,Male,0,No,Yes,72,Yes,Yes,DSL,No,No,No,No,No,Yes,One year,No,Electronic check,62.47,4505.52,No
6156-BFPFZ,Female,0,Yes,Yes,11,Yes,Yes,Fiber optic,No,Yes,No,No,No,No,Month-to-month,Yes,Electronic check,84.27,952.13,Yes
2366-HQPYL,Male,0,No,No,41,No,No phone service,Fiber optic,No,No,Yes,Yes,No,No,Two year,No,Bank transfer (automatic),85.66,3511.12,No
8268-HORDK,Female,0,Yes,Yes,60,Yes,No,DSL,Yes,Yes,Yes,No,No,Yes,Month-to-month,Yes,Electronic check,69.68,4187.82,No
3821-JENMZ,Male,0,No,No,66,Yes,No,Fiber optic,Yes,Yes,Yes,Yes,Yes,No,Month-to-month,No,Bank transfer (automatic),112.66,7435.44,Yes
2274-WTMEH,Male,0,No,No,19,Yes,No,Fiber optic,No,No,No,No,Yes,No,Two year,No,Electronic check,94.78,1777.8,No
5486-PKCNV,Male,1,Yes,Yes,32,No,No phone service,Fiber optic,No,No,Yes,Yes,No,Yes,Month-to-month,Yes,Mailed check,91.23,2926.2,Yes
3177-IVJMN,Male,0,Yes,No,71,Yes,No,No,No internet service,No internet service,No internet service,No internet service,No internet service,No internet service,Month-to-month,Yes,Bank transfer (automatic),27.6,1955.16,No
4074-RNANV,Female,0,Yes,Yes,28,Yes,Yes,No,No internet service,No internet service,No internet service,No internet service,No internet service,No internet service,Month-to-month,No,Bank transfer (automatic),27.46,796.14,No
1602-CYOST,Male,0,No,Yes,10,Yes,No,Fiber optic,Yes,Yes,No,No,Yes,No,Month-to-month,No,Bank transfer (automatic),99.66,1019.07,No
6176-JYQYM,Female,1,Yes,Yes,20,Yes,No,Fiber optic,No,No,Yes,No,Yes,Yes,Month-to-month,Yes,Electronic check,103.68,2072.59,Yes
5103-YRGTA,Female,0,No,No,7,Yes,No,Fiber optic,Yes,No,Yes,Yes,Yes,Yes,Month-to-month,No,Electronic check,110.38,790.13,Yes
7451-QIATP,Female,0,Yes,Yes,11,No,No phone service,DSL,No,No,No,No,Yes,No,One year,Yes,Electronic check,54.18,591.19,No
1517-NIHSF,Male,0,No,No,57,No,No phone service,DSL,Yes,No,No,No,Yes,Yes,Two year,Yes,Credit card (automatic),59.71,3429.08,No
1120-TYYZF,Female,0,No,No,12,Yes,No,Fiber optic,No,No,No,No,No,Yes,Two year,Yes,Electronic check,86.9,1034.41,Yes
8406-ZYMSY,Female,0,Yes,No,7,Yes,No,No,No internet service,No internet service,No internet service,No internet service,No internet service,No internet service,Month-to-month,Yes,Mailed check,24.12,162.75,No
5022-ECPMS,Male,0,Yes,Yes,55,Yes,Yes,Fiber optic,Yes,Yes,No,No,Yes,No,Two year,Yes,Electronic check,97.61,5370.5,No
3052-PFQQF,Male,0,Yes,Yes,24,Yes,Yes,Fiber optic,No,Yes,Yes,No,No,Yes,One year,Yes,Mailed check,90.84,2159.95,No
6109-LPSEB,Female,0,Yes,Yes,2,Yes,No,No,No internet service,No internet service,No internet service,No internet service,No internet service,No internet service,Month-to-month,No,Bank transfer (automatic),24.77,70.66,No
5230-LPXJZ,Male,0,Yes,Yes,1,Yes,Yes,No,No internet service,No internet service,No internet service,No internet service,No internet service,No internet service,Two year,No,Bank transfer (automatic),27.72,27.89,No
8474-KYXYY,Male,1,Yes,Yes,55,Yes,No,No,No internet service,No internet service,No internet service,No internet service,No internet service,No internet service,One year,Yes,Bank transfer (automatic),24.18,1319.3,No
6341-TTSTY,Male,0,No,No,0,Yes,Yes,Fiber optic,No,No,No,No,No,Yes,Month-to-month,Yes,Bank transfer (automatic),86.36,5.37,Yes
2810-MLYHM,Male,0,Yes,No,56,No,No phone service,No,No internet service,No internet service,No internet service,No internet service,No internet service,No internet service,Month-to-month,Yes,Credit card (automatic),23.11,1244.39,No
6572-TAZDW,Female,0,Yes,Yes,34,No,No phone service,Fiber optic,Yes,No,Yes,No,No,Yes,One year,No,Credit card (automatic),87.58,2986.96,No
1936-MOZIP,Male,0,Yes,Yes,14,Yes,Yes,Fiber optic,No,No,No,Yes,No,No,Two year,Yes,Electronic check,85.11,1162.89,Yes
9703-KVATY,Female,0,No,No,11,Yes,Yes,DSL,No,Yes,No,Yes,No,No,One year,No,Electronic check,56.89,588.39,No
8159-AJHZB,Male,0,Yes,No,5,Yes,No,DSL,No,No,No,Yes,No,No,One year,No,Credit card (automatic),55.14,287.92,No
9506-GZKIQ,Male,0,No,No,1,Yes,No,Fiber optic,Yes,Yes,No,Yes,Yes,Yes,Two year,No,Bank transfer (automatic),116.75,101.24,No
8910-XWPWI,Female,0,Yes,No,2,Yes,Yes,Fiber optic,No,No,No,No,No,Yes,Month-to-month,Yes,Credit card (automatic),90.66,178.55,Yes
5100-ADGYM,Female,0,No,No,59,Yes,No,Fiber optic,No,No,Yes,Yes,No,No,Two year,Yes,Electronic check,91.28,5434.07,No
2667-BQLWZ,Female,1,Yes,No,11,Yes,No,Fiber optic,No,No,No,No,No,Yes,Month-to-month,No,Mailed check,89.9,999.42,Yes
3031-VCBHW,Female,0,No,No,2,No,No phone service,No,No internet service,No internet service,No internet service,No internet service,No internet service,No internet service,Month-to-month,Yes,Mailed check,22.87,54.75,No
1593-TIUDV,Male,0,No,No,16,Yes,Yes,Fiber optic,No,No,No,No,Yes,Yes,One year,Yes,Mailed check,93.36,1465.51,Yes
9023-HSXXT,Female,0,No,No,3,Yes,Yes,No,No internet service,No internet service,No internet service,No internet service,No internet service,No internet service,One year,Yes,Credit card (automatic),24.61,78.28,No
6132-BHEKV,Male,1,No,No,0,Yes,No,DSL,No,No,No,Yes,Yes,Yes,Month-to-month,No,Bank transfer (automatic),72.18,35.98,No
2219-OZEJM,Male,1,Yes,No,7,Yes,Yes,DSL,Yes,Yes,No,No,No,Yes,Two year,Yes,Credit card (automatic),70.24,496.95,No
1231-BBBHD,Female,0,No,No,46,Yes,No,DSL,Yes,No,No,No,Yes,No,Two year,No,Electronic check,62.58,2882.52,No
1114-URCBN,Female,0,No,No,23,Yes,No,DSL,Yes,No,No,No,No,No,Month-to-month,Yes,Electronic check,56.31,1306.96,Yes
5461-NUQWF,Male,0,Yes,No,13,Yes,Yes,Fiber optic,No,No,No,No,Yes,No,Month-to-month,Yes,Mailed check,87.83,1141.93,Yes
7416-XMLHG,Female,0,No,Yes,27,Yes,Yes,DSL,No,Yes,No,Yes,No,No,Month-to-month,No,Electronic check,58.7,1562.92,No
8163-KDYZV,Female,1,No,No,21,Yes,No,DSL,Yes,Yes,No,Yes,No,No,Month-to-month,Yes,Bank transfer (automatic),57.09,1217.11,No
7535-FINIJ,Male,1,No,No,21,Yes,No,DSL,No,Yes,No,Yes,No,No,Two year,Yes,Electronic check,57.54,1207.95,No
6271-KAWGJ,Male,0,Yes,No,45,Yes,Yes,Fiber optic,No,Yes,No,Yes,No,No,Two year,Yes,Electronic check,91.81,4155.94,No
1400-PYLJK,Male,1,Yes,No,8,Yes,No,No,No internet service,No internet service,No internet service,No internet service,No internet service,No internet service,One year,Yes,Bank transfer (automatic),30.46,246.53,No
1588-IQVIE,Male,0,No,No,12,Yes,No,No,No internet service,No internet service,No internet service,No internet service,No internet service,No internet service,Month-to-month,No,Electronic check,24.26,258.54,Yes
4048-JKKQL,Male,0,Yes,No,18,No,No phone service,DSL,No,No,Yes,Yes,Yes,No,One year,Yes,Electronic check,62.29,1071.22,No
4554-YLJVP,Male,1,Yes,Yes,7,Yes,Yes,Fiber optic,No,No,Yes,No,Yes,No,One year,Yes,Bank transfer (automatic),88.92,617.08,No
9910-OFINU,Male,0,Yes,Yes,11,Yes,No,No,No internet service,No internet service,No internet service,No internet service,No internet service,No internet service,Month-to-month,Yes,Mailed check,25.43,303.53,Yes
6098-YFWCE,Male,1,No,No,26,Yes,Yes,Fiber optic,No,Yes,No,Yes,Yes,No,Month-to-month,Yes,Electronic check,94.16,2465.41,Yes
7303-BBQOE,Female,0,No,No,17,Yes,No,Fiber optic,No,No,Yes,No,No,Yes,Month-to-month,Yes,Mailed check,91.36,1538.14,No
1577-HNPHR,Female,0,Yes,Yes,71,Yes,Yes,DSL,Yes,No,No,Yes,Yes,Yes,Month-to-month,No,Mailed check,74.51,5267.26,No
9797-UKDPH,Female,0,No,No,14,Yes,Yes,DSL,No,No,Yes,No,No,No,One year,No,Bank transfer (automatic),55.58,762.06,No
1062-TKUAV,Female,0,Yes,Yes,5,Yes,Yes,No,No internet service,No internet service,No internet service,No internet service,No internet service,No internet service,Month-to-month,No,Mailed check,27.13,105.19,No
2420-VBSNH,Female,0,Yes,No,64,Yes,Yes,No,No internet service,No internet service,No internet service,No internet service,No internet service,No internet service,One year,Yes,Bank transfer (automatic),25.71,1673.09,No
8507-LOUTF,Male,0,No,No,0,No,No phone service,Fiber optic,No,No,No,No,Yes,No,One year,Yes,Electronic check,76.9,0.0,Yes
9408-HLNIC,Female,1,Yes,Yes,65,Yes,No,Fiber optic,No,No,No,No,No,Yes,Two year,No,Bank transfer (automatic),86.68,5626.57,No
1966-NRQOD,Female,0,Yes,Yes,72,Yes,No,Fiber optic,No,Yes,Yes,Yes,No,Yes,Two year,Yes,Bank transfer (automatic),96.01,6923.56,No
7901-DAPDO,Male,0,Yes,Yes,5,Yes,No,Fiber optic,Yes,Yes,Yes,No,No,Yes,Month-to-month,No,Electronic check,96.43,495.21,Yes
9622-JPYCN,Male,0,Yes,No,72,Yes,No,Fiber optic,Yes,No,No,No,No,No,Month-to-month,No,Credit card (automatic),81.56,5880.05,No
6475-FYHAF,Female,0,Yes,No,17,Yes,No,DSL,No,Yes,Yes,No,Yes,No,Month-to-month,No,Credit card (automatic),67.94,1140.25,Yes
3541-UCCMV,Male,0,Yes,No,1,No,No phone service,No,No internet service,No internet service,No internet service,No internet service,No internet service,No internet service,Two year,No,Electronic check,23.3,23.93,No
2247-KJOJT,Female,1,No,No,1,Yes,Yes,Fiber optic,No,No,No,No,No,No,Month-to-month,No,Electronic check,79.79,100.99,Yes
6587-FFIKJ,Female,0,Yes,No,36,Yes,No,DSL,No,No,No,Yes,Yes,Yes,Month-to-month,Yes,Mailed check,72.44,2596.16,Yes
2732-HDBLZ,Male,0,No,No,15,Yes,No,Fiber optic,No,Yes,No,Yes,Yes,No,Month-to-month,Yes,Mailed check,102.4,1511.88,Yes
2741-NSVEA,Male,0,No,Yes,32,Yes,Yes,DSL,No,Yes,No,Yes,No,No,One year,Yes,Electronic check,54.17,1737.86,Yes
4821-MEFRH,Male,0,Yes,Yes,27,Yes,Yes,No,No internet service,No internet service,No internet service,No internet service,No internet service,No internet service,Two year,Yes,Mailed check,26.21,754.58,No
1748-EXIKX,Female,0,No,No,63,Yes,No,Fiber optic,No,Yes,Yes,No,Yes,No,Two year,Yes,Bank transfer (automatic),94.86,5965.77,No
7198-OHYGZ,Male,0,No,No,13,Yes,No,Fiber optic,No,Yes,Yes,No,Yes,No,One year,No,Electronic check,97.75,1268.54,Yes
1061-EFFPD,Male,0,No,No,3,Yes,No,No,No internet service,No internet service,No internet service,No internet service,No internet service,No internet service,Month-to-month,Yes,Electronic check,25.47,54.43,No
3567-ZKTKW,Male,1,No,No,15,Yes,No,Fiber optic,Yes,No,Yes,No,No,No,Two year,No,Mailed check,93.52,1352.8,Yes
5302-LFTAX,Male,0,No,No,12,Yes,No,DSL,No,No,No,No,Yes,No,Month-to-month,No,Electronic check,60.7,714.71,No
6022-EOPUA,Female,0,Yes,Yes,39,Yes,Yes,No,No internet service,No internet service,No internet service,No internet service,No internet service,No internet service,One year,Yes,Electronic check,32.9,1255.66,No
1714-ZTIWY,Male,1,Yes,Yes,42,Yes,Yes,No,No internet service,No internet service,No internet service,No internet service,No internet service,No internet service,One year,Yes,Electronic check,20.41,829.0,No
5842-ONEXG,Female,1,Yes,No,27,Yes,Yes,Fiber optic,No,No,No,No,No,No,Two year,No,Electronic check,79.74,2132.68,No
8058-BOKVF,Male,0,Yes,Yes,8,Yes,Yes,DSL,Yes,Yes,No,No,Yes,No,Month-to-month,No,Bank transfer (automatic),73.61,574.69,Yes
8612-XGZBZ,Male,1,No,Yes,4,Yes,No,Fiber optic,Yes,No,No,No,Yes,No,Two year,No,Electronic check,93.51,368.34,Yes
5905-DNYBX,Male,0,Yes,Yes,26,Yes,No,Fiber optic,No,No,No,Yes,Yes,Yes,Two year,No,Mailed check,111.11,2900.71,No
5449-ZJGXV,Male,0,No,No,21,Yes,No,No,No internet service,No internet service,No internet service,No internet service,No internet service,No internet service,One year,Yes,Mailed check,31.68,702.54,No
7368-FHKAH,Female,0,No,No,67,Yes,No,DSL,No,No,No,No,Yes,Yes,One year,Yes,Electronic check,68.96,4603.12,No
4466-CNBZO,Female,0,No,No,61,Yes,No,No,No internet service,No internet service,No internet service,No internet service,No internet service,No internet service,Two year,No,Credit card (automatic),26.78,1653.02,No
3446-DQVOB,Male,1,Yes,Yes,2,Yes,No,Fiber optic,Yes,No,Yes,No,No,Yes,Month-to-month,Yes,Credit card (automatic),96.48,202.29,Yes
2145-JKREV,Female,0,No,Yes,31,Yes,No,DSL,No,Yes,No,No,No,Yes,Month-to-month,No,Mailed check,64.41,2024.49,Yes
5628-BUMNG,Male,0,Yes,No,5,Yes,Yes,Fiber optic,No,Yes,No,No,No,No,One year,No,Electronic check,85.84,379.2,Yes
5447-XRBMU,Male,0,No,No,72,Yes,Yes,DSL,No,No,No,No,No,Yes,Month-to-month,Yes,Credit card (automatic),58.05,4171.83,Yes
9481-FKPUO,Male,0,No,No,2,Yes,Yes,Fiber optic,No,Yes,No,No,Yes,No,Month-to-month,Yes,Bank transfer (automatic),99.43,171.04,Yes
3209-MQHES,Male,0,No,No,1,Yes,No,DSL,No,No,Yes,No,No,No,Month-to-month,Yes,Bank transfer (automatic),51.14,93.19,No
8051-BRLYT,Female,1,Yes,Yes,34,Yes,No,No,No internet service,No internet service,No internet service,No internet service,No internet service,No internet service,Month-to-month,Yes,Electronic check,27.56,924.4,Yes
5079-NBYOM,Female,0,Yes,Yes,60,Yes,Yes,Fiber optic,No,Yes,Yes,Yes,Yes,No,Month-to-month,No,Electronic check,99.05,5931.2,Yes
1218-GKVKB,Female,1,Yes,No,5,Yes,No,Fiber optic,Yes,Yes,No,Yes,No,Yes,One year,No,Electronic check,101.66,532.12,Yes
1184-AGLWJ,Male,0,No,No,13,No,No phone service,No,No internet service,No internet service,No internet service,No internet service,No internet service,No internet service,One year,No,Electronic check,18.25,196.87,No
8866-GRKAX,Female,0,Yes,No,2,Yes,No,DSL,No,No,Yes,Yes,No,Yes,One year,No,Credit card (automatic),69.32,134.48,No
1985-KCQBU,Male,0,No,No,0,Yes,No,DSL,Yes,No,No,No,Yes,No,Month-to-month,No,Credit card (automatic),63.25,16.72,No
9644-THAFT,Female,0,Yes,No,61,Yes,No,DSL,No,Yes,No,No,No,No,Month-to-month,No,Electronic check,58.5,3582.67,No
1563-QFODL,Female,0,Yes,Yes,13,Yes,No,Fiber optic,Yes,No,Yes,No,No,Yes,Month-to-month,No,Electronic check,99.49,1324.39,Yes
7747-GSURR,Male,0,Yes,Yes,55,Yes,No,DSL,No,No,Yes,No,No,Yes,One year,No,Bank transfer (automatic),68.18,3742.03,No
8295-ZQKYR,Male,0,Yes,Yes,20,Yes,No,DSL,No,No,No,Yes,Yes,No,Month-to-month,Yes,Credit card (automatic),61.37,1213.06,No
2706-PLWHD,Male,0,No,Yes,72,Yes,Yes,Fiber optic,No,No,No,Yes,Yes,Yes,Two year,Yes,Bank transfer (automatic),96.12,6901.93,No
5308-YMGTR,Female,0,Yes,Yes,4,Yes,No,Fiber optic,No,Yes,No,No,Yes,Yes,One year,No,Mailed check,101.6,412.15,Yes
4019-ZGHZZ,Male,0,No,No,41,Yes,No,Fiber optic,No,No,No,No,No,No,Month-to-month,Yes,Electronic check,78.49,3255.36,Yes
5668-GOYYA,Female,1,No,No,6,Yes,No,DSL,No,No,Yes,No,Yes,No,One year,Yes,Credit card (automatic),63.84,428.26,No
4074-XDBLT,Female,0,No,No,8,No,No phone service,No,No internet service,No internet service,No internet service,No internet service,No internet service,No internet service,Month-to-month,Yes,Credit card (automatic),21.66,188.42,No
3296-MSTYJ,Male,0,No,No,10,Yes,No,Fiber optic,No,Yes,Yes,Yes,No,Yes,Two year,Yes,Mailed check,102.96,1050.57,Yes
8577-ALPBW,Female,0,Yes,No,7,No,No phone service,Fiber optic,No,Yes,No,Yes,No,No,Month-to-month,Yes,Electronic check,86.8,588.02,Yes
6348-RNKZP,Female,0,Yes,Yes,34,Yes,No,Fiber optic,No,No,No,Yes,No,No,Two year,Yes,Bank transfer (automatic),86.2,2905.29,No
6389-DUIRR,Female,0,No,Yes,8,Yes,Yes,No,No internet service,No internet service,No internet service,No internet service,No internet service,No internet service,Two year,Yes,Credit card (automatic),20.89,147.04,No
3831-ZLMEI,Female,0,Yes,No,66,Yes,No,DSL,No,No,No,No,No,Yes,Month-to-month,Yes,Bank transfer (automatic),54.93,3609.17,No
1119-XTOIP,Male,0,Yes,Yes,22,Yes,No,Fiber optic,No,No,Yes,No,Yes,Yes,Month-to-month,No,Electronic check,107.34,2343.92,Yes
2763-AVDBS,Female,1,No,No,6,Yes,No,Fiber optic,No,No,Yes,No,Yes,No,Month-to-month,No,Mailed check,91.21,523.11,Yes
8305-LZHIS,Male,0,Yes,Yes,70,Yes,Yes,DSL,No,No,Yes,No,Yes,Yes,Two year,Yes,Mailed check,70.87,4966.72,No
2389-FSXNL,Male,0,No,No,67,Yes,No,DSL,Yes,No,No,No,Yes,No,Month-to-month,Yes,Mailed check,64.24,4289.58,No
4292-LKXIC,Male,0,Yes,Yes,9,No,No phone service,No,No internet service,No internet service,No internet service,No internet service,No internet service,No internet service,Month-to-month,Yes,Mailed check,18.25,182.83,No
9710-OKVDY,Male,0,Yes,Yes,12,Yes,No,No,No internet service,No internet service,No internet service,No internet service,No internet service,No internet service,Month-to-month,Yes,Bank transfer (automatic),30.09,356.88,Yes
4081-ZQIGI,Male,0,Yes,Yes,72,Yes,Yes,DSL,No,Yes,No,Yes,Yes,No,One year,Yes,Mailed check,63.01,4499.72,No
4564-CHNWM,Female,0,No,No,68,Yes,Yes,DSL,No,Yes,No,No,No,No,One year,Yes,Mailed check,53.88,3670.38,No
1467-JDLCS,Female,1,Yes,No,8,Yes,Yes,DSL,No,No,No,Yes,No,No,Month-to-month,Yes,Electronic check,61.62,497.12,Yes
9214-UWQEZ,Female,0,Yes,No,23,No,No phone service,Fiber optic,No,No,No,No,No,No,Two year,No,Electronic check,72.09,1656.18,No
6975-LCEDQ,Female,0,Yes,Yes,18,Yes,No,DSL,No,No,No,No,No,Yes,Two year,No,Bank transfer (automatic),57.71,1028.06,No
3701-XYFXW,Female,0,No,Yes,72,Yes,No,Fiber optic,Yes,No,No,No,No,Yes,Two year,Yes,Bank transfer (automatic),99.88,7212.09,No
6191-IOEEF,Female,0,Yes,Yes,20,Yes,No,DSL,No,No,Yes,No,No,No,Month-to-month,No,Bank transfer (automatic),56.13,1134.02,Yes
7816-VDEUY,Male,0,Yes,No,10,Yes,Yes,DSL,No,No,No,No,Yes,No,One year,Yes,Electronic check,61.84,636.71,No
5128-QLBGQ,Male,1,Yes,No,28,Yes,Yes,DSL,No,No,No,No,Yes,No,One year,Yes,Electronic check,57.46,1622.69,No
5777-WSBAY,Male,0,No,Yes,6,Yes,No,Fiber optic,No,No,Yes,No,No,Yes,Two year,Yes,Electronic check,103.13,629.59,Yes
7975-JKAXG,Male,1,No,No,0,Yes,No,No,No internet service,No internet service,No internet service,No internet service,No internet service,No internet service,Month-to-month,No,Electronic check,27.7,6.73,Yes
9255-OLNRC,Male,1,No,No,32,Yes,Yes,Fiber optic,No,No,No,No,No,Yes,Month-to-month,Yes,Mailed check,86.17,2777.72,No
2115-QYJYS,Female,0,No,No,23,Yes,No,DSL,No,No,No,No,No,Yes,One year,Yes,Electronic check,55.09,1245.96,No
9467-KWUPO,Male,0,No,No,71,Yes,Yes,DSL,Yes,No,No,Yes,No,No,Month-to-month,No,Electronic check,58.67,4115.57,No
9286-DJOLD,Male,0,Yes,Yes,63,Yes,Yes,Fiber optic,No,No,Yes,No,Yes,No,Month-to-month,No,Electronic check,85.19,5369.51,No
1541-XZXWT,Female,0,No,No,15,Yes,Yes,DSL,No,No,No,No,No,No,Two year,Yes,Bank transfer (automatic),52.54,799.95,No
6693-CWKYT,Male,0,No,No,15,Yes,Yes,DSL,No,Yes,Yes,No,Yes,No,One year,Yes,Electronic check,69.31,1047.37,Yes
8860-ICOWH,Female,0,Yes,No,2,Yes,No,Fiber optic,No,Yes,No,Yes,No,No,Month-to-month,No,Credit card (automatic),88.81,177.24,Yes
2099-BUKXV,Male,0,No,No,12,Yes,No,Fiber optic,No,Yes,Yes,Yes,No,Yes,Month-to-month,Yes,Electronic check,102.48,1226.9,Yes
4264-OMMKR,Female,0,Yes,Yes,18,Yes,No,DSL,No,No,No,Yes,No,Yes,Month-to-month,Yes,Electronic check,66.45,1222.53,No
2482-LPGRM,Male,0,Yes,No,40,Yes,No,No,No internet service,No internet service,No internet service,No internet service,No internet service,No internet service,Month-to-month,Yes,Electronic check,28.37,1121.64,Yes
8277-IYUHM,Male,0,Yes,Yes,31,Yes,No,DSL,No,Yes,No,Yes,No,Yes,Month-to-month,Yes,Bank transfer (automatic),63.46,1979.56,Yes
3299-GNDRV,Female,0,Yes,No,72,Yes,No,DSL,No,No,No,No,Yes,Yes,Month-to-month,No,Electronic check,70.6,5087.78,No
3624-SXXEE,Female,0,No,No,47,Yes,No,Fiber optic,No,No,No,Yes,No,No,Month-to-month,Yes,Electronic check,84.67,3974.86,No
7194-YTJWE,Male,0,No,No,4,Yes,Yes,No,No internet service,No internet service,No internet service,No internet service,No internet service,No internet service,Month-to-month,No,Electronic check,22.21,85.04,Yes
3795-FWGEU,Female,0,Yes,No,72,Yes,Yes,Fiber optic,No,No,Yes,No,No,No,Month-to-month,Yes,Mailed check,87.9,6322.55,No
8650-LULQH,Female,0,Yes,Yes,17,Yes,Yes,No,No internet service,No internet service,No internet service,No internet service,No internet service,No internet service,Month-to-month,Yes,Mailed check,22.63,393.86,No
2986-OVQGL,Female,0,Yes,Yes,23,Yes,Yes,No,No internet service,No internet service,No internet service,No internet service,No internet service,No internet service,One year,No,Credit card (automatic),20.12,465.14,No
8789-YNCHK,Female,0,No,No,17,Yes,Yes,Fiber optic,Yes,No,Yes,No,No,No,Two year,Yes,Bank transfer (automatic),86.65,1449.59,No
5269-IIZEE,Male,0,No,No,63,Yes,No,Fiber optic,No,Yes,No,Yes,No,Yes,Month-to-month,Yes,Credit card (automatic),103.72,6544.68,No
7892-XMQZX,Male,1,No,No,22,Yes,Yes,Fiber optic,No,Yes,Yes,No,Yes,Yes,Two year,No,Mailed check,108.25,2372.8,No
7774-NMCQR,Male,0,Yes,No,4,Yes,No,No,No internet service,No internet service,No internet service,No internet service,No internet service,No internet service,Month-to-month,Yes,Mailed check,25.95,114.35,Yes
5760-ZVFMW,Female,0,No,Yes,47,Yes,Yes,DSL,No,No,No,No,Yes,No,One year,Yes,Electronic check,55.97,2622.67,No
8354-EIWUC,Male,0,No,No,1,No,No phone service,No,No internet service,No internet service,No internet service,No internet service,No internet service,No internet service,One year,No,Mailed check,20.1,0.0,No
9542-VCGHT,Female,0,No,No,12,Yes,Yes,No,No internet service,No internet service,No internet service,No internet service,No internet service,No internet service,One year,Yes,Credit card (automatic),26.74,291.69,No
5718-EUNFD,Female,0,No,No,14,Yes,No,Fiber optic,Yes,Yes,No,Yes,No,No,Month-to-month,Yes,Credit card (automatic),92.43,1256.82,No
6027-BMUQW,Male,0,Yes,No,25,Yes,No,No,No internet service,No internet service,No internet service,No internet service,No internet service,No internet service,Month-to-month,Yes,Bank transfer (automatic),26.16,649.63,No
7931-ZBKZI,Male,0,Yes,No,70,Yes,No,Fiber optic,Yes,No,Yes,Yes,Yes,No,One year,Yes,Electronic check,100.58,7086.47,No
7134-XPMMM,Male,0,No,No,45,Yes,Yes,Fiber optic,Yes,Yes,Yes,Yes,Yes,No,Two year,Yes,Mailed check,105.93,4783.56,Yes
3621-LCOKV,Male,0,No,Yes,41,Yes,Yes,Fiber optic,No,No,Yes,No,No,No,Month-to-month,No,Mailed check,82.73,3354.08,Yes
7252-KZRML,Male,0,Yes,Yes,1,Yes,Yes,Fiber optic,No,No,Yes,No,Yes,No,Month-to-month,No,Bank transfer (automatic),89.45,99.08,No
3017-FYCGV,Male,0,No,No,43,Yes,Yes,Fiber optic,No,No,No,No,No,No,Two year,Yes,Electronic check,82.55,3564.57,No
6804-NEUGG,Male,0,No,No,63,Yes,Yes,No,No internet service,No internet service,No internet service,No internet service,No internet service,No internet service,Month-to-month,Yes,Electronic check,24.06,1523.65,No
8048-CEYLU,Male,0,Yes,Yes,46,Yes,Yes,DSL,Yes,No,Yes,No,Yes,No,Month-to-month,Yes,Credit card (automatic),63.76,2934.49,Yes
6107-OVNGS,Female,0,No,No,13,Yes,No,Fiber optic,No,Yes,No,No,Yes,Yes,Month-to-month,Yes,Electronic check,97.14,1304.53,Yes
9923-KZGRK,Male,0,No,No,59,Yes,No,Fiber optic,No,No,Yes,No,No,No,One year,No,Electronic check,87.89,5170.81,No
6525-IELDV,Female,1,Yes,No,0,Yes,No,No,No internet service,No internet service,No internet service,No internet service,No internet service,No internet service,Two year,No,Bank transfer (automatic),20.27,0.0,No
7665-FPUOJ,Female,0,No,No,39,Yes,Yes,DSL,No,No,No,No,Yes,Yes,Month-to-month,No,Bank transfer (automatic),66.43,2579.39,Yes
1054-LSHKC,Male,0,No,No,38,Yes,Yes,No,No internet service,No internet service,No internet service,No internet service,No internet service,No internet service,One year,Yes,Electronic check,24.9,929.92,No
6031-YBUHS,Male,0,No,No,12,Yes,No,No,No internet service,No internet service,No internet service,No internet service,No internet service,No internet service,Month-to-month,Yes,Credit card (automatic),21.03,270.08,No
5108-ZLKJJ,Female,0,Yes,Yes,63,Yes,No,Fiber optic,Yes,Yes,No,No,Yes,Yes,Month-to-month,No,Electronic check,106.08,6706.73,No
3420-HTZDU,Female,0,No,Yes,17,Yes,Yes,No,No internet service,No internet service,No internet service,No internet service,No internet service,No internet service,One year,Yes,Credit card (automatic),24.53,405.47,No
8823-HHQAX,Male,0,Yes,Yes,17,Yes,Yes,DSL,No,No,No,No,Yes,Yes,One year,Yes,Electronic check,70.75,1218.68,No
6397-HBGQW,Male,0,Yes,Yes,65,Yes,Yes,DSL,No,No,Yes,Yes,Yes,No,Month-to-month,No,Electronic check,67.27,4358.57,No
6554-QUBEW,Female,0,Yes,Yes,13,Yes,No,Fiber optic,No,Yes,Yes,Yes,No,No,Month-to-month,Yes,Mailed check,94.58,1230.59,Yes
1656-TNZGJ,Female,0,No,No,57,Yes,No,Fiber optic,Yes,No,No,No,No,No,Month-to-month,Yes,Electronic check,85.54,4877.07,No
3741-YQBPJ,Female,0,Yes,No,12,Yes,Yes,Fiber optic,No,No,No,No,Yes,Yes,Two year,Yes,Electronic check,100.36,1217.05,No
8533-UUJAX,Female,0,Yes,No,54,Yes,No,Fiber optic,No,No,No,No,Yes,Yes,One year,No,Electronic check,95.68,5200.85,No
4753-PUBLR,Male,0,Yes,Yes,22,Yes,Yes,Fiber optic,No,No,No,No,Yes,Yes,One year,Yes,Credit card (automatic),93.98,2084.32,Yes
6121-XVRFK,Female,0,Yes,Yes,33,Yes,No,Fiber optic,No,No,No,No,No,No,One year,No,Bank transfer (automatic),82.86,2755.4,No
6866-IWVOC,Male,0,Yes,Yes,63,Yes,Yes,No,No internet service,No internet service,No internet service,No internet service,No internet service,No internet service,Month-to-month,No,Bank transfer (automatic),26.01,1640.31,No
8853-MBRHL,Male,0,Yes,No,66,Yes,No,Fiber optic,Yes,No,Yes,No,No,No,One year,No,Bank transfer (automatic),87.03,5722.45,No
8516-UQUTC,Female,0,Yes,Yes,14,Yes,Yes,No,No internet service,No internet service,No internet service,No internet service,No internet service,No internet service,One year,No,Electronic check,20.2,256.29,No
8675-OWIFV,Female,0,No,No,72,Yes,Yes,Fiber optic,No,No,Yes,No,Yes,Yes,Month-to-month,Yes,Credit card (automatic),100.61,7290.32,No
9127-RBSOY,Female,0,No,No,67,Yes,Yes,DSL,No,Yes,No,No,No,Yes,Month-to-month,Yes,Bank transfer (automatic),56.83,3775.58,No
1256-IAZIU,Female,0,Yes,No,0,Yes,Yes,Fiber optic,No,Yes,No,Yes,Yes,Yes,Month-to-month,Yes,Credit card (automatic),101.48,0.0,Yes
9834-QJCOH,Male,0,Yes,No,29,Yes,No,No,No internet service,No internet service,No internet service,No internet service,No internet service,No internet service,Two year,No,Mailed check,24.34,700.91,No
4346-BZNUW,Female,0,No,No,19,Yes,Yes,Fiber optic,No,No,No,Yes,Yes,No,Month-to-month,No,Bank transfer (automatic),98.55,1898.14,No
1131-JNGVP,Male,0,No,No,43,Yes,No,DSL,No,Yes,Yes,No,No,No,Month-to-month,Yes,Bank transfer (automatic),60.04,2579.41,No
2042-LARNZ,Male,0,No,No,68,Yes,No,Fiber optic,Yes,No,No,Yes,No,Yes,Month-to-month,Yes,Bank transfer (automatic),95.52,6545.36,No
6932-JYKQQ,Male,0,Yes,Yes,42,Yes,Yes,DSL,No,Yes,No,No,Yes,No,Month-to-month,Yes,Mailed check,66.51,2794.36,Yes
7254-UUTEA,Male,0,No,Yes,61,Yes,Yes,DSL,No,No,No,No,Yes,No,Two year,No,Electronic check,62.42,3814.76,No
2555-ZAZYC,Male,1,Yes,No,4,Yes,No,Fiber optic,No,No,No,No,No,No,One year,No,Electronic check,73.4,283.79,Yes
2456-MYLFG,Female,0,No,No,2,Yes,No,Fiber optic,No,No,No,No,Yes,No,Month-to-month,Yes,Electronic check,85.0,138.26,No
2656-PMCUP,Male,0,No,No,6,Yes,No,Fiber optic,No,No,Yes,No,No,No,Month-to-month,Yes,Credit card (automatic),82.84,487.49,Yes
7598-KMICY,Female,0,Yes,Yes,13,Yes,No,No,No internet service,No internet service,No internet service,No internet service,No internet service,No internet service,Month-to-month,Yes,Bank transfer (automatic),18.25,218.47,Yes
4875-XSPLK,Male,0,No,No,61,No,No phone service,DSL,No,Yes,No,No,No,No,One year,No,Mailed check,47.51,2883.26,No
6729-IGPSK,Male,0,Yes,No,21,Yes,No,Fiber optic,No,No,No,Yes,Yes,No,Month-to-month,Yes,Mailed check,92.25,1923.48,Yes
3890-BPHCD,Male,1,Yes,Yes,44,Yes,No,DSL,Yes,No,No,No,No,Yes,One year,Yes,Credit card (automatic),62.72,2743.39,No
1344-RLVIW,Male,0,Yes,No,13,Yes,No,No,No internet service,No internet service,No internet service,No internet service,No internet service,No internet service,Two year,Yes,Credit card (automatic),25.74,336.46,No
5531-OAYSZ,Female,0,No,No,72,Yes,Yes,Fiber optic,No,Yes,No,No,Yes,No,Month-to-month,Yes,Electronic check,91.1,6546.33,No
4661-CNCAO,Female,0,Yes,Yes,61,Yes,No,Fiber optic,Yes,Yes,No,No,Yes,Yes,Month-to-month,Yes,Electronic check,106.53,6469.66,No
4105-LRMHM,Male,0,Yes,No,19,Yes,No,Fiber optic,Yes,No,Yes,No,Yes,Yes,Two year,No,Bank transfer (automatic),106.48,2046.36,No
6008-DQLRJ,Male,0,No,No,0,Yes,No,DSL,No,No,No,No,No,No,Month-to-month,Yes,Bank transfer (automatic),46.75,0.0,Yes
2110-YNFHH,Male,0,No,No,65,Yes,Yes,No,No internet service,No internet service,No internet service,No internet service,No internet service,No internet service,One year,Yes,Bank transfer (automatic),28.61,1850.44,No
3550-LFABL,Female,0,No,Yes,3,Yes,No,Fiber optic,Yes,Yes,Yes,Yes,No,No,Month-to-month,Yes,Credit card (automatic),103.92,325.95,No
9689-JCLAK,Male,1,Yes,No,5,Yes,Yes,DSL,No,No,No,Yes,Yes,No,Two year,Yes,Mailed check,55.18,286.29,No
3052-QYRZO,Male,0,No,No,1,Yes,No,Fiber optic,No,No,Yes,No,No,No,Month-to-month,No,Credit card (automatic),91.99,93.09,No
7795-PHZBL,Male,1,Yes,No,16,Yes,Yes,No,No internet service,No internet service,No internet service,No internet service,No internet service,No internet service,Month-to-month,Yes,Mailed check,20.35,298.48,Yes
4881-NCNOV,Female,0,No,No,8,Yes,No,DSL,No,Yes,Yes,Yes,No,No,Two year,Yes,Mailed check,70.16,575.97,No
4690-LKGBQ,Female,0,Yes,No,26,Yes,Yes,No,No internet service,No internet service,No internet service,No internet service,No internet service,No internet service,Two year,No,Mailed check,20.75,512.96,No
8568-BZXHT,Female,0,Yes,Yes,68,Yes,No,Fiber optic,No,No,No,No,No,Yes,Month-to-month,No,Bank transfer (automatic),97.14,6585.59,Yes
6196-DDOBO,Male,0,Yes,No,17,Yes,Yes,No,No internet service,No internet service,No internet service,No internet service,No internet service,No internet service,Month-to-month,No,Credit card (automatic),31.96,562.02,Yes
8477-POBZZ,Female,0,No,No,26,Yes,Yes,Fiber optic,Yes,No,Yes,No,No,Yes,One year,No,Bank transfer (automatic),95.75,2481.8,No
8785-ZIETY,Female,0,Yes,Yes,28,No,No phone service,Fiber optic,No,Yes,No,Yes,No,No,Two year,Yes,Credit card (automatic),85.83,2392.92,No
5723-UQAGC,Male,1,No,No,24,Yes,No,DSL,No,No,No,No,Yes,No,Month-to-month,No,Electronic check,54.55,1290.74,No
5780-EXGJP,Male,0,No,No,72,Yes,No,No,No internet service,No internet service,No internet service,No internet service,No internet service,No internet service,One year,Yes,Bank transfer (automatic),25.87,1882.61,No
4590-IWFIR,Male,0,Yes,No,11,Yes,Yes,Fiber optic,Yes,No,No,No,Yes,No,Two year,No,Credit card (automatic),90.76,992.35,No
8085-XNJSX,Female,0,Yes,No,58,No,No phone service,DSL,No,Yes,No,Yes,Yes,No,One year,No,Bank transfer (automatic),67.14,3894.18,No
5799-SABDR,Female,0,No,No,26,Yes,Yes,Fiber optic,No,No,No,No,No,No,Month-to-month,No,Mailed check,85.07,2234.6,Yes
3089-TMJDH,Male,0,Yes,Yes,60,Yes,No,DSL,Yes,No,No,No,Yes,No,One year,Yes,Electronic check,66.32,3959.41,No
5541-XDKDC,Female,0,No,No,2,Yes,Yes,Fiber optic,No,No,Yes,Yes,No,No,Month-to-month,Yes,Electronic check,88.89,198.3,No
6067-LKQZN,Male,0,Yes,No,27,Yes,No,DSL,Yes,Yes,No,Yes,Yes,No,Month-to-month,Yes,Mailed check,69.35,1881.64,Yes
5696-RRUVN,Male,0,No,No,27,Yes,No,No,No internet service,No internet service,No internet service,No internet service,No internet service,No internet service,One year,No,Electronic check,19.76,523.62,No
6612-JTNNR,Female,0,Yes,No,47,Yes,Yes,No,No internet service,No internet service,No internet service,No internet service,No internet service,No internet service,Month-to-month,No,Credit card (automatic),26.45,1278.35,Yes
7037-BLYKN,Male,0,No,No,28,Yes,No,No,No internet service,No internet service,No internet service,No internet service,No internet service,No internet service,Month-to-month,No,Electronic check,28.54,765.87,Yes
6542-EQSHA,Male,0,No,No,65,Yes,No,Fiber optic,No,Yes,No,No,No,Yes,Month-to-month,Yes,Electronic check,93.15,6053.25,Yes
9553-CSHAW,Male,0,Yes,No,55,Yes,Yes,No,No internet service,No internet service,No internet service,No internet service,No internet service,No internet service,One year,No,Credit card (automatic),20.74,1138.36,No
6407-FLVXW,Female,0,No,No,23,Yes,No,No,No internet service,No internet service,No internet service,No internet service,No internet service,No internet service,Month-to-month,Yes,Bank transfer (automatic),23.58,532.45,No
4052-QVLJE,Male,0,Yes,Yes,13,Yes,Yes,Fiber optic,Yes,No,No,No,No,Yes,Two year,No,Mailed check,91.84,1199.35,No
2463-SLIXS,Male,0,Yes,Yes,4,Yes,No,DSL,No,No,No,No,No,No,One year,No,Electronic check,52.76,207.01,No
5371-XIKKH,Female,0,Yes,No,57,Yes,Yes,No,No internet service,No internet service,No internet service,No internet service,No internet service,No internet service,Month-to-month,Yes,Credit card (automatic),28.72,1668.37,No
2409-ROMSY,Male,0,Yes,Yes,15,Yes,Yes,DSL,No,No,No,No,No,Yes,Month-to-month,Yes,Electronic check,56.89,901.86,Yes
8657-LOGVZ,Male,0,No,No,2,Yes,Yes,Fiber optic,No,No,No,Yes,No,Yes,Two year,Yes,Bank transfer (automatic),87.03,170.76,No
4652-GXXWI,Male,0,No,No,70,Yes,Yes,Fiber optic,No,Yes,No,No,Yes,No,Two year,No,Mailed check,87.25,6069.69,No
8941-EWYEM,Male,0,No,No,60,Yes,No,DSL,Yes,No,No,No,No,No,Month-to-month,No,Electronic check,53.59,3228.78,No
9271-ZMWAK,Female,0,Yes,Yes,72,No,No phone service,Fiber optic,No,No,Yes,No,No,Yes,One year,Yes,Bank transfer (automatic),85.05,6137.62,No
2951-USRZM,Male,1,Yes,Yes,32,Yes,Yes,DSL,No,No,Yes,No,No,Yes,Two year,Yes,Electronic check,64.63,2048.08,No
6135-YPOEC,Male,0,No,No,2,Yes,Yes,Fiber optic,No,Yes,Yes,Yes,No,No,Two year,No,Mailed check,94.97,221.04,No
3068-WEUTM,Female,0,Yes,No,9,Yes,No,DSL,No,No,No,No,No,No,Month-to-month,No,Mailed check,51.24,482.31,Yes
6178-YMOBM,Male,0,Yes,No,13,Yes,No,DSL,Yes,No,No,No,No,No,Month-to-month,Yes,Credit card (automatic),52.46,647.2,No
7521-CSOIX,Female,1,No,No,72,Yes,Yes,DSL,No,No,Yes,No,Yes,No,Month-to-month,Yes,Mailed check,60.85,4397.7,No
2157-ITMUG,Male,0,Yes,Yes,22,Yes,No,DSL,Yes,No,Yes,No,No,Yes,Month-to-month,Yes,Credit card (automatic),70.06,1542.21,Yes
9270-BYYVJ,Male,0,No,No,8,Yes,No,Fiber optic,Yes,No,No,No,Yes,Yes,Month-to-month,No,Electronic check,105.41,841.25,Yes
5652-DQUBU,Female,0,Yes,Yes,6,No,No phone service,No,No internet service,No internet service,No internet service,No internet service,No internet service,No internet service,Month-to-month,Yes,Bank transfer (automatic),18.25,126.5,No
4784-RUMWL,Female,0,Yes,No,10,Yes,Yes,Fiber optic,No,No,Yes,Yes,No,No,One year,Yes,Bank transfer (automatic),91.74,896.32,No
2585-CBXIP,Male,0,No,No,72,Yes,No,Fiber optic,Yes,Yes,No,Yes,Yes,No,Two year,No,Bank transfer (automatic),100.38,7222.31,No
3182-QNGXS,Male,0,No,No,47,No,No phone service,No,No internet service,No internet service,No internet service,No internet service,No internet service,No internet service,Month-to-month,Yes,Electronic check,23.67,1129.58,No
8589-NSQVU,Male,0,No,No,3,No,No phone service,DSL,Yes,No,No,No,No,Yes,Two year,Yes,Credit card (automatic),55.43,144.11,No
1422-OLBEE,Male,0,Yes,Yes,4,Yes,Yes,Fiber optic,No,No,No,No,Yes,No,Month-to-month,Yes,Electronic check,86.91,387.39,Yes
3120-PMNYU,Female,0,Yes,No,33,Yes,Yes,DSL,No,No,Yes,Yes,No,No,Month-to-month,No,Mailed check,63.96,2112.21,No
7379-MGPKL,Male,1,Yes,No,18,No,No phone service,DSL,Yes,No,No,No,Yes,No,Month-to-month,Yes,Electronic check,56.85,1034.81,Yes
2005-RJROU,Female,1,Yes,Yes,68,Yes,No,DSL,No,Yes,No,No,No,Yes,Month-to-month,No,Mailed check,61.56,4194.55,No
7934-JEXQI,Male,0,No,No,4,Yes,Yes,No,No internet service,No internet service,No internet service,No internet service,No internet service,No internet service,One year,No,Bank transfer (automatic),24.84,69.54,No
9161-DTKYR,Male,0,No,No,0,Yes,Yes,Fiber optic,No,No,No,No,Yes,Yes,Month-to-month,Yes,Electronic check,100.44,1.59,Yes
1177-MSITF,Female,0,No,No,58,Yes,No,DSL,Yes,Yes,No,No,No,No,Month-to-month,Yes,Electronic check,60.01,3481.97,No
9805-KGDNK,Female,0,No,Yes,7,Yes,Yes,No,No internet service,No internet service,No internet service,No internet service,No internet service,No internet service,Month-to-month,Yes,Mailed check,26.1,184.74,Yes
8551-VBGCN,Male,0,No,No,11,Yes,No,Fiber optic,No,Yes,No,No,No,No,Month-to-month,Yes,Mailed check,78.34,867.7,Yes
3486-AERYS,Male,0,No,No,25,Yes,No,DSL,Yes,No,No,No,No,No,Month-to-month,Yes,Credit card (automatic),56.58,1431.36,Yes
5779-HTHTB,Male,0,No,No,45,Yes,No,Fiber optic,No,No,No,No,No,No,Month-to-month,Yes,Electronic check,85.16,3844.9,No
5607-JNZNO,Female,0,Yes,Yes,9,Yes,Yes,DSL,No,Yes,No,No,No,No,Month-to-month,Yes,Electronic check,57.32,504.2,No
3714-PMGFI,Male,0,No,No,34,Yes,No,Fiber optic,No,No,Yes,No,No,No,Two year,Yes,Credit card (automatic),83.94,2873.08,No
6385-HWAEZ,Female,0,No,No,6,Yes,Yes,Fiber optic,No,Yes,No,No,No,No,Month-to-month,No,Bank transfer (automatic),93.61,547.92,Yes
3177-EJDYX,Male,0,No,Yes,6,Yes,No,Fiber optic,No,No,No,Yes,No,No,One year,No,Mailed check,82.04,446.7,No
8462-JTEYR,Female,1,Yes,No,0,Yes,Yes,Fiber optic,Yes,No,Yes,No,No,No,Month-to-month,Yes,Mailed check,95.94,,No
9398-AREYC,Male,1,No,No,65,Yes,Yes,Fiber optic,Yes,No,No,No,Yes,No,Month-to-month,No,Electronic check,91.62,5966.04,No
7401-JQZMU,Female,0,No,Yes,42,No,No phone service,DSL,Yes,No,Yes,No,No,Yes,Month-to-month,Yes,Credit card (automatic),60.08,2497.24,No
9483-KZPSB,Female,0,Yes,No,57,No,No phone service,DSL,Yes,Yes,Yes,Yes,Yes,No,Two year,Yes,Mailed check,73.58,4199.3,No
3755-LQHXI,Male,1,Yes,No,13,Yes,No,DSL,Yes,Yes,No,Yes,Yes,Yes,Two year,Yes,Bank transfer (automatic),82.27,1117.23,No
7515-RHKJC,Female,0,No,Yes,21,Yes,Yes,Fiber optic,No,Yes,No,No,No,Yes,One year,Yes,Electronic check,90.35,1883.81,No
4175-EHBIE,Male,0,No,No,5,Yes,No,No,No internet service,No internet service,No internet service,No internet service,No internet service,No internet service,Month-to-month,Yes,Bank transfer (automatic),28.51,173.81,Yes
7729-HZPOJ,Male,0,No,No,66,Yes,No,Fiber optic,No,No,No,Yes,No,Yes,Two year,No,Electronic check,99.05,6561.0,No
2897-QVXCM,Male,1,Yes,Yes,23,Yes,No,No,No internet service,No internet service,No internet service,No internet service,No internet service,No internet service,Month-to-month,Yes,Electronic check,28.22,650.84,No
7909-UNRLA,Female,0,Yes,No,7,Yes,Yes,DSL,No,No,Yes,No,Yes,No,Two year,Yes,Electronic check,58.77,417.85,No
4900-SPBEY,Female,0,Yes,Yes,57,Yes,No,DSL,Yes,Yes,Yes,Yes,No,No,One year,No,Electronic check,70.15,3973.64,No
5766-QDIOY,Male,0,Yes,Yes,23,No,No phone service,No,No internet service,No internet service,No internet service,No internet service,No internet service,No internet service,One year,Yes,Bank transfer (automatic),21.54,519.27,No
5939-NBETG,Female,0,Yes,No,62,Yes,Yes,No,No internet service,No internet service,No internet service,No internet service,No internet service,No internet service,Two year,Yes,Electronic check,25.92,1616.19,No
1591-YLGOD,Male,1,No,No,63,Yes,No,No,No internet service,No internet service,No internet service,No internet service,No internet service,No internet service,Two year,Yes,Mailed check,20.39,1290.45,No
8748-ZORXB,Male,0,No,No,19,Yes,No,DSL,No,No,Yes,No,Yes,Yes,One year,Yes,Electronic check,72.58,1401.86,No
3486-OJMSJ,Female,1,No,No,72,Yes,Yes,DSL,No,No,Yes,No,No,No,Month-to-month,Yes,Mailed check,56.63,4068.71,No
6989-KHABJ,Female,0,Yes,Yes,17,Yes,No,DSL,No,No,No,No,No,Yes,Month-to-month,Yes,Bank transfer (automatic),51.11,891.11,No
2675-DLXRM,Male,0,No,No,30,Yes,Yes,DSL,No,Yes,No,No,No,No,Two year,Yes,Electronic check,51.02,1529.7,No
4353-XOEBC,Male,1,No,No,57,Yes,Yes,Fiber optic,Yes,No,No,No,No,Yes,One year,Yes,Electronic check,98.87,5652.32,No
1926-ZNPUU,Male,0,No,No,8,Yes,Yes,No,No internet service,No internet service,No internet service,No internet service,No internet service,No internet service,One year,Yes,Credit card (automatic),27.41,179.56,No
9375-EITWL,Female,1,No,No,1,Yes,Yes,Fiber optic,No,No,Yes,No,Yes,Yes,One year,Yes,Credit card (automatic),100.45,50.45,No
7928-AOYQK,Female,0,Yes,No,7,Yes,No,DSL,No,Yes,No,Yes,Yes,No,One year,No,Electronic check,65.63,505.45,Yes
2884-SDECC,Female,0,Yes,Yes,29,Yes,Yes,DSL,No,No,Yes,No,Yes,Yes,Month-to-month,No,Electronic check,70.63,2073.77,Yes
1273-IWRUD,Male,0,Yes,No,55,Yes,Yes,No,No internet service,No internet service,No internet service,No internet service,No internet service,No internet service,Month-to-month,Yes,Mailed check,19.41,1072.55,No
2483-ETQKG,Male,0,Yes,No,4,No,No phone service,Fiber optic,No,Yes,Yes,No,No,No,Two year,Yes,Bank transfer (automatic),83.8,334.08,No
5731-ISPHA,Female,0,No,No,56,Yes,Yes,Fiber optic,No,No,No,No,Yes,Yes,Month-to-month,Yes,Bank transfer (automatic),96.95,5419.3,No
4679-TWOFO,Male,0,No,No,29,Yes,Yes,Fiber optic,Yes,No,Yes,Yes,No,No,Month-to-month,No,Credit card (automatic),96.02,2761.21,No
7726-CUURA,Male,0,Yes,No,3,Yes,Yes,Fiber optic,No,No,No,No,No,Yes,Month-to-month,Yes,Mailed check,90.37,246.78,Yes
2109-FIMCR,Female,0,No,Yes,15,Yes,No,Fiber optic,No,No,No,No,No,No,Two year,Yes,Mailed check,76.28,1133.22,No
1047-YORMH,Female,0,No,No,2,Yes,No,Fiber optic,No,No,No,No,No,No,Two year,Yes,Credit card (automatic),86.34,138.12,No
8363-QLMFU,Female,0,Yes,Yes,7,Yes,No,DSL,No,No,No,Yes,Yes,No,Month-to-month,Yes,Mailed check,67.56,457.41,No
5386-SLPGH,Male,0,Yes,Yes,51,Yes,No,DSL,No,No,No,No,No,Yes,Month-to-month,Yes,Bank transfer (automatic),61.02,3131.32,No
8327-YNXMG,Male,0,Yes,Yes,30,Yes,No,Fiber optic,No,No,No,No,No,No,Month-to-month,Yes,Credit card (automatic),78.9,2369.66,No
7286-GHCTO,Female,0,No,No,20,Yes,No,Fiber optic,No,No,No,Yes,No,Yes,One year,No,Electronic check,90.31,1780.99,Yes
4901-RGYZE,Male,0,No,Yes,19,No,No phone service,Fiber optic,No,Yes,No,No,No,Yes,One year,Yes,Credit card (automatic),86.97,1643.32,No
8631-ZWRJO,Female,0,Yes,No,5,Yes,No,No,No internet service,No internet service,No internet service,No internet service,No internet service,No internet service,Month-to-month,No,Electronic check,20.12,107.6,Yes
8220-WSPCW,Male,0,Yes,Yes,17,Yes,Yes,Fiber optic,Yes,No,Yes,Yes,Yes,No,Month-to-month,Yes,Bank transfer (automatic),97.17,1635.2,Yes
6616-MTUEQ,Male,0,No,No,54,No,No phone service,DSL,No,Yes,No,No,No,No,Month-to-month,Yes,Bank transfer (automatic),49.28,2632.18,Yes
6568-HLILW,Male,0,Yes,Yes,24,Yes,Yes,Fiber optic,No,No,Yes,No,Yes,No,Month-to-month,Yes,Mailed check,92.3,2197.73,No
5023-CSDIG,Male,0,No,Yes,2,No,No phone service,DSL,No,No,Yes,Yes,No,Yes,Month-to-month,No,Mailed check,65.78,135.48,Yes
4910-AFPGU,Female,1,Yes,Yes,64,Yes,No,Fiber optic,No,No,Yes,No,Yes,Yes,Month-to-month,No,Credit card (automatic),107.94,6940.15,No
7968-HFWWG,Female,0,No,No,12,Yes,No,Fiber optic,No,No,No,No,No,No,Two year,No,Credit card (automatic),78.39,923.23,Yes
2812-CTZML,Male,0,No,No,72,No,No phone service,No,No internet service,No internet service,No internet service,No internet service,No internet service,No internet service,Month-to-month,No,Credit card (automatic),20.24,1449.37,No
1425-VLTBK,Male,0,Yes,No,35,Yes,No,Fiber optic,No,No,No,No,Yes,Yes,Two year,No,Mailed check,89.17,3119.25,No
3613-VNKQU,Female,0,Yes,Yes,9,Yes,Yes,DSL,Yes,Yes,No,Yes,No,No,Two year,Yes,Credit card (automatic),68.08,606.51,No
2130-FELAH,Female,0,Yes,Yes,68,Yes,No,No,No internet service,No internet service,No internet service,No internet service,No internet service,No internet service,Month-to-month,Yes,Electronic check,26.36,1816.92,No
3120-RLNDS,Female,0,No,No,1,Yes,No,Fiber optic,Yes,No,No,No,Yes,No,Month-to-month,Yes,Mailed check,90.73,91.22,No
8200-UGSBS,Female,1,No,No,72,Yes,No,Fiber optic,No,Yes,Yes,No,No,Yes,Month-to-month,No,Electronic check,99.78,7167.98,Yes
5137-YSAFN,Male,0,No,Yes,32,Yes,Yes,No,No internet service,No internet service,No internet service,No internet service,No internet service,No internet service,Two year,Yes,Credit card (automatic),25.18,798.05,No
8496-RLMLH,Female,0,No,Yes,72,Yes,No,DSL,Yes,No,No,No,Yes,Yes,Month-to-month,Yes,Bank transfer (automatic),66.62,4790.33,No
1489-BZWFX,Male,0,Yes,Yes,30,Yes,No,Fiber optic,Yes,No,Yes,No,No,Yes,Month-to-month,Yes,Mailed check,94.61,2841.13,No
4752-JZJWV,Female,0,No,Yes,33,Yes,Yes,No,No internet service,No internet service,No internet service,No internet service,No internet service,No internet service,Month-to-month,Yes,Bank transfer (automatic),20.19,660.24,No
5938-RFKPX,Female,0,No,No,59,Yes,No,DSL,No,Yes,No,No,No,No,One year,Yes,Bank transfer (automatic),53.26,3162.05,No
4734-DGWZT,Female,1,No,No,13,Yes,Yes,Fiber optic,No,No,No,No,No,No,Month-to-month,Yes,Electronic check,79.29,1041.47,Yes
8832-YBYIC,Male,0,No,No,16,Yes,Yes,Fiber optic,No,Yes,No,No,No,Yes,One year,No,Mailed check,88.34,1393.03,No
9922-ZIGNH,Male,0,Yes,Yes,55,Yes,No,Fiber optic,Yes,No,Yes,Yes,No,No,Month-to-month,Yes,Electronic check,99.18,5453.74,No
8018-OUOJH,Female,0,Yes,Yes,55,Yes,No,DSL,No,Yes,No,Yes,Yes,Yes,Month-to-month,No,Credit card (automatic),78.9,4323.19,No
2229-GWQUK,Male,0,No,No,8,Yes,No,DSL,No,No,No,No,Yes,No,Month-to-month,Yes,Credit card (automatic),59.98,529.84,No
2295-SYCVO,Female,0,Yes,No,6,Yes,Yes,Fiber optic,No,No,No,No,Yes,No,Month-to-month,Yes,Mailed check,82.37,479.07,No
7055-CGUIS,Male,0,No,No,25,Yes,No,DSL,Yes,No,No,Yes,Yes,No,Month-to-month,No,Credit card (automatic),70.42,1728.34,No
4335-YOMDI,Female,0,No,No,67,Yes,Yes,Fiber optic,No,No,Yes,No,No,Yes,Month-to-month,Yes,Credit card (automatic),89.34,5975.63,Yes
8288-OXPVQ,Female,1,No,No,30,Yes,No,Fiber optic,Yes,No,Yes,Yes,No,Yes,Month-to-month,No,Credit card (automatic),106.45,3223.6,Yes
2864-QWZFC,Female,0,Yes,No,67,Yes,No,DSL,Yes,No,No,No,No,Yes,Two year,Yes,Credit card (automatic),67.76,4528.37,No
2700-FCYJA,Male,1,No,No,5,Yes,No,Fiber optic,No,Yes,No,No,No,No,Month-to-month,Yes,Bank transfer (automatic),89.85,428.13,Yes
5247-PSVMA,Male,0,No,No,10,Yes,Yes,DSL,Yes,Yes,No,No,Yes,No,Month-to-month,Yes,Credit card (automatic),75.23,749.47,Yes
7334-NLNOR,Male,0,No,No,72,Yes,No,No,No internet service,No internet service,No internet service,No internet service,No internet service,No internet service,One year,Yes,Electronic check,27.7,2006.59,No
5825-YRCWP,Female,0,Yes,Yes,7,Yes,No,DSL,No,No,Yes,No,No,No,One year,Yes,Credit card (automatic),56.63,405.34,No
8977-WEJHX,Female,0,No,No,4,Yes,No,Fiber optic,Yes,Yes,No,No,No,Yes,Month-to-month,Yes,Electronic check,100.39,386.31,Yes
7144-PPHCE,Male,0,Yes,Yes,46,Yes,Yes,Fiber optic,No,Yes,Yes,No,No,No,Two year,No,Credit card (automatic),92.17,4214.33,No
7934-JHIRJ,Male,0,Yes,Yes,0,Yes,No,Fiber optic,Yes,No,No,No,No,Yes,Month-to-month,No,Bank transfer (automatic),90.81,0.0,Yes
8280-EPJMF,Male,0,Yes,Yes,14,Yes,Yes,Fiber optic,No,Yes,Yes,No,Yes,No,Two year,Yes,Electronic check,92.52,1302.36,No
1598-ZYEPV,Female,0,No,No,28,Yes,Yes,DSL,No,No,No,No,No,No,Month-to-month,No,Bank transfer (automatic),48.36,1372.35,No
5768-DXNDP,Female,0,No,No,41,Yes,No,Fiber optic,Yes,Yes,No,No,Yes,No,Month-to-month,No,Credit card (automatic),96.62,4005.54,No
9027-MWLDW,Male,0,Yes,Yes,17,Yes,No,DSL,No,Yes,No,Yes,No,No,Month-to-month,No,Bank transfer (automatic),57.35,966.05,No
9770-MTNKJ,Male,1,No,No,67,Yes,No,No,No internet service,No internet service,No internet service,No internet service,No internet service,No internet service,One year,No,Electronic check,24.62,1652.69,No
1483-OYBQW,Female,1,Yes,No,9,Yes,Yes,DSL,No,No,Yes,Yes,Yes,No,Two year,Yes,Mailed check,66.45,607.36,No
2232-WPPPC,Male,0,No,No,59,No,No phone service,No,No internet service,No internet service,No internet service,No internet service,No internet service,No internet service,Two year,No,Electronic check,20.86,1251.64,No
7116-OKURI,Female,0,Yes,No,10,Yes,Yes,Fiber optic,No,No,No,No,Yes,Yes,Month-to-month,No,Credit card (automatic),94.85,944.79,Yes
9641-YUFXM,Male,0,No,No,16,Yes,Yes,No,No internet service,No internet service,No internet service,No internet service,No internet service,No internet service,Two year,Yes,Bank transfer (automatic),24.48,422.49,No
4088-DRGGK,Female,0,No,No,6,Yes,No,Fiber optic,No,No,No,Yes,No,Yes,Month-to-month,No,Credit card (automatic),96.08,574.54,Yes
7704-DOJNX,Female,0,No,No,5,Yes,No,Fiber optic,Yes,No,No,No,No,Yes,Two year,No,Credit card (automatic),88.56,437.47,No
7995-FRQNT,Male,0,No,No,7,No,No phone service,Fiber optic,No,Yes,No,Yes,Yes,No,Two year,Yes,Mailed check,89.01,642.54,No
3125-CYIQG,Male,0,No,No,16,Yes,Yes,No,No internet service,No internet service,No internet service,No internet service,No internet service,No internet service,Month-to-month,No,Mailed check,29.7,475.18,No
3821-LEDMF,Female,0,No,No,23,Yes,No,DSL,No,No,No,No,Yes,Yes,Month-to-month,No,Electronic check,61.12,1414.06,No
3896-WAMKP,Female,0,No,No,7,Yes,No,Fiber optic,Yes,No,Yes,Yes,No,No,Month-to-month,Yes,Credit card (automatic),91.94,616.43,Yes
8120-YSLHE,Female,1,No,No,62,Yes,No,Fiber optic,No,No,Yes,Yes,No,No,Month-to-month,No,Mailed check,86.25,5346.65,No
5268-SNBOW,Female,0,No,No,0,Yes,No,Fiber optic,No,No,No,Yes,No,No,Two year,Yes,Electronic check,90.11,,No
8982-CFJQS,Male,1,No,No,55,Yes,Yes,Fiber optic,No,No,No,No,Yes,No,Month-to-month,Yes,Electronic check,88.88,4881.55,No
1267-YGOPR,Male,0,Yes,No,9,Yes,No,DSL,No,No,No,Yes,Yes,Yes,One year,No,Electronic check,72.78,686.63,No
9940-DVTPQ,Female,0,No,No,2,Yes,No,No,No internet service,No internet service,No internet service,No internet service,No internet service,No internet service,Two year,No,Mailed check,27.76,71.41,No
6795-JGHTF,Female,0,No,No,22,Yes,Yes,DSL,No,No,No,No,Yes,No,One year,Yes,Bank transfer (automatic),63.51,1374.04,No
8184-ZFXRT,Male,0,Yes,No,28,No,No phone service,Fiber optic,No,No,No,No,Yes,Yes,Month-to-month,No,Credit card (automatic),89.71,2465.65,Yes
5864-FCILB,Female,1,Yes,No,8,No,No phone service,DSL,No,Yes,Yes,No,No,No,Month-to-month,Yes,Credit card (automatic),49.04,384.63,Yes
2362-HAOBQ,Male,0,No,No,66,Yes,Yes,Fiber optic,No,No,No,No,Yes,Yes,Month-to-month,No,Mailed check,97.84,6427.61,Yes
4051-ELACD,Female,0,Yes,No,52,Yes,No,Fiber optic,No,No,Yes,Yes,No,Yes,Two year,No,Mailed check,94.13,4893.61,No
1441-UPTAI,Female,0,Yes,Yes,36,Yes,No,No,No internet service,No internet service,No internet service,No internet service,No internet service,No internet service,Month-to-month,Yes,Credit card (automatic),20.49,740.61,Yes
3535-BDORX,Female,1,No,No,59,Yes,No,Fiber optic,Yes,Yes,No,Yes,No,No,Month-to-month,Yes,Mailed check,96.29,5690.97,Yes
5564-OILOA,Female,1,Yes,Yes,59,Yes,No,DSL,No,No,No,No,Yes,Yes,Month-to-month,Yes,Electronic check,63.23,3745.29,No
4462-OWLQY,Male,0,No,Yes,39,Yes,No,DSL,Yes,No,No,No,Yes,No,Two year,No,Electronic check,69.8,2753.3,No
4568-QNGSP,Female,0,No,No,67,Yes,Yes,Fiber optic,Yes,No,No,No,No,No,Month-to-month,Yes,Bank transfer (automatic),75.92,5060.45,No
3276-KLJOM,Female,0,Yes,No,10,Yes,No,DSL,No,Yes,Yes,No,Yes,Yes,Month-to-month,Yes,Electronic check,75.64,777.82,Yes
1036-DRDLX,Male,0,Yes,No,8,Yes,No,Fiber optic,No,Yes,Yes,No,Yes,Yes,Month-to-month,Yes,Bank transfer (automatic),104.11,881.6,Yes
9095-PKCDU,Male,0,Yes,Yes,26,Yes,Yes,No,No internet service,No internet service,No internet service,No internet service,No internet service,No internet service,Month-to-month,Yes,Electronic check,25.57,618.49,No
7174-QSZBY,Female,0,Yes,No,19,Yes,Yes,Fiber optic,No,No,Yes,No,No,Yes,Month-to-month,No,Bank transfer (automatic),94.38,1772.58,Yes
9859-QZVWU,Male,0,Yes,Yes,13,Yes,No,DSL,No,No,Yes,Yes,Yes,Yes,One year,Yes,Bank transfer (automatic),76.45,1031.08,No
7592-BGSND,Female,0,No,No,3,Yes,No,No,No internet service,No internet service,No internet service,No internet service,No internet service,No internet service,Two year,Yes,Mailed check,23.63,66.66,No
3798-ODEQX,Female,0,Yes,No,19,Yes,No,No,No internet service,No internet service,No internet service,No internet service,No internet service,No internet service,One year,Yes,Credit card (automatic),29.0,550.27,No
4732-GRKGE,Female,1,No,No,3,Yes,No,Fiber optic,Yes,No,No,No,No,Yes,Month-to-month,Yes,Mailed check,97.35,302.4,Yes
2973-ZVDCO,Female,0,No,No,32,Yes,No,No,No internet service,No internet service,No internet service,No internet service,No internet service,No internet service,Month-to-month,Yes,Mailed check,23.65,732.22,No
4057-DCUYZ,Female,0,Yes,No,8,Yes,Yes,DSL,Yes,No,No,No,No,Yes,One year,No,Mailed check,64.59,529.26,No
7591-JSZNQ,Male,0,Yes,No,67,Yes,No,Fiber optic,No,No,No,Yes,Yes,No,Two year,Yes,Electronic check,98.68,6608.89,No
9477-SYJGJ,Male,0,No,No,66,Yes,No,Fiber optic,No,Yes,Yes,No,Yes,Yes,Month-to-month,Yes,Mailed check,103.75,6888.35,Yes
8499-FKSUF,Male,0,Yes,Yes,41,Yes,No,DSL,No,Yes,Yes,No,No,No,Two year,Yes,Credit card (automatic),58.45,2399.81,No
8432-ATKVE,Male,0,No,No,12,Yes,No,DSL,No,Yes,No,No,Yes,Yes,Two year,Yes,Mailed check,77.83,919.2,No
8563-SYVRL,Female,1,Yes,No,71,Yes,Yes,No,No internet service,No internet service,No internet service,No internet service,No internet service,No internet service,Month-to-month,No,Bank transfer (automatic),27.63,1990.14,No
3539-RQXCO,Male,0,No,No,61,Yes,No,Fiber optic,No,Yes,No,Yes,No,Yes,Month-to-month,Yes,Mailed check,93.98,5732.55,No
8655-QJQKJ,Male,0,No,Yes,37,Yes,Yes,DSL,Yes,No,No,No,No,No,Month-to-month,No,Mailed check,52.1,1963.55,Yes
1768-FUBFY,Male,0,No,No,5,Yes,Yes,No,No internet service,No internet service,No internet service,No internet service,No internet service,No internet service,Two year,Yes,Mailed check,21.36,132.61,No
5761-XRUGC,Male,0,Yes,Yes,14,Yes,No,Fiber optic,No,Yes,No,No,No,Yes,One year,No,Bank transfer (automatic),94.63,1322.14,No
6541-KJSOF,Male,0,No,No,10,Yes,No,Fiber optic,No,No,Yes,No,No,No,One year,Yes,Electronic check,82.69,863.68,No
3841-VJGYA,Male,0,No,No,7,Yes,Yes,No,No internet service,No internet service,No internet service,No internet service,No internet service,No internet service,Month-to-month,Yes,Mailed check,23.09,173.41,No
8999-GTINE,Female,1,Yes,No,72,Yes,Yes,DSL,No,No,No,No,Yes,No,Month-to-month,Yes,Mailed check,57.55,4163.55,No
5360-RKFCD,Male,0,No,No,72,Yes,No,Fiber optic,No,Yes,No,Yes,Yes,Yes,Two year,Yes,Electronic check,107.64,7720.25,No
6172-XUZHA,Male,0,Yes,No,9,Yes,Yes,DSL,No,Yes,Yes,No,No,No,Month-to-month,No,Credit card (automatic),62.74,548.56,No
3937-YSRFD,Female,0,Yes,No,0,No,No phone service,DSL,No,Yes,Yes,Yes,Yes,No,Month-to-month,Yes,Electronic check,66.03,,No
4965-MKHYE,Female,0,Yes,Yes,30,Yes,Yes,DSL,No,Yes,No,No,No,Yes,One year,No,Electronic check,56.23,1693.3,No
9100-JFXWN,Female,0,Yes,Yes,62,Yes,No,No,No internet service,No internet service,No internet service,No internet service,No internet service,No internet service,Two year,Yes,Credit card (automatic),25.48,1548.54,No
5806-GXPOS,Male,0,Yes,Yes,72,Yes,Yes,Fiber optic,Yes,Yes,No,No,No,Yes,Month-to-month,Yes,Mailed check,102.8,7406.73,No
8402-DKZGG,Female,1,No,Yes,16,Yes,No,Fiber optic,No,Yes,No,No,No,No,One year,Yes,Electronic check,86.94,1369.22,Yes
3636-XYSCT,Male,0,No,No,53,Yes,Yes,Fiber optic,No,Yes,Yes,No,No,No,Month-to-month,Yes,Credit card (automatic),85.71,4545.14,No
2308-HGPXQ,Female,0,No,No,22,Yes,No,Fiber optic,No,No,Yes,Yes,No,Yes,Month-to-month,No,Credit card (automatic),93.16,2027.92,Yes
6906-SCUWO,Male,0,Yes,No,3,No,No phone service,Fiber optic,No,Yes,No,No,No,No,Two year,Yes,Electronic check,82.34,238.04,No
7158-RUKWO,Female,0,No,No,58,Yes,Yes,Fiber optic,No,No,Yes,No,No,No,One year,No,Credit card (automatic),88.38,5138.17,No
1970-ROEGE,Male,0,No,No,57,Yes,Yes,DSL,No,Yes,Yes,No,Yes,Yes,Month-to-month,No,Electronic check,80.1,4582.38,No
7280-GZSBK,Male,0,Yes,No,1,Yes,No,DSL,No,No,Yes,No,Yes,Yes,Month-to-month,Yes,Mailed check,65.86,68.33,Yes
1447-IIEDU,Male,0,No,No,56,No,No phone service,Fiber optic,No,No,No,No,No,Yes,Month-to-month,No,Electronic check,86.17,4841.7,Yes
6713-GMAIG,Female,0,No,No,67,Yes,Yes,DSL,No,Yes,Yes,No,No,No,Month-to-month,Yes,Mailed check,55.8,3750.77,No
4679-WLAAP,Male,0,No,No,33,Yes,Yes,DSL,No,No,Yes,Yes,Yes,Yes,Month-to-month,No,Bank transfer (automatic),84.23,2774.53,Yes
4307-WPDVC,Male,0,No,No,68,Yes,Yes,No,No internet service,No internet service,No internet service,No internet service,No internet service,No internet service,Month-to-month,No,Electronic check,22.93,1567.54,No
8617-PCWPJ,Male,0,No,No,15,Yes,Yes,DSL,No,No,Yes,No,Yes,Yes,Two year,Yes,Electronic check,75.06,1129.96,No
1468-NYPUO,Female,0,No,No,4,Yes,No,Fiber optic,No,No,No,Yes,No,No,Month-to-month,No,Credit card (automatic),79.69,330.72,Yes
4513-BTBON,Male,1,No,No,42,Yes,Yes,DSL,No,Yes,No,No,No,Yes,One year,No,Credit card (automatic),63.58,2688.5,No
8222-NDYIU,Male,0,Yes,Yes,60,Yes,No,DSL,Yes,No,Yes,No,Yes,No,Two year,No,Mailed check,63.49,3804.63,No
1113-GSFRK,Male,0,No,No,28,No,No phone service,Fiber optic,Yes,No,No,Yes,Yes,No,One year,No,Electronic check,90.29,2524.07,No
8046-STUDG,Male,0,Yes,Yes,35,Yes,No,No,No internet service,No internet service,No internet service,No internet service,No internet service,No internet service,Month-to-month,Yes,Electronic check,29.98,1086.4,No
1532-SUYRV,Female,0,No,No,72,No,No phone service,Fiber optic,No,Yes,No,No,Yes,Yes,Two year,Yes,Mailed check,94.01,6757.78,No
5474-OCMSJ,Female,0,No,No,21,Yes,Yes,DSL,Yes,No,No,Yes,No,No,One year,Yes,Mailed check,58.92,1242.94,No
7382-ZKUNO,Female,0,No,No,52,Yes,No,Fiber optic,No,No,Yes,Yes,No,No,Month-to-month,No,Bank transfer (automatic),84.98,4390.29,No
8124-IIPEX,Male,0,No,No,15,Yes,No,DSL,Yes,No,No,Yes,Yes,Yes,One year,Yes,Bank transfer (automatic),70.27,1004.05,No
5181-TQZOK,Female,0,No,No,4,Yes,No,No,No internet service,No internet service,No internet service,No internet service,No internet service,No internet service,Two year,No,Credit card (automatic),31.72,155.42,No
4007-KZTAX,Female,1,Yes,Yes,68,No,No phone service,No,No internet service,No internet service,No internet service,No internet service,No internet service,No internet service,One year,Yes,Bank transfer (automatic),18.25,1225.59,No
1315-MUPJA,Male,0,Yes,Yes,7,Yes,No,DSL,No,Yes,Yes,Yes,No,Yes,Month-to-month,Yes,Credit card (automatic),71.47,475.09,No
9650-WYAZB,Male,1,No,No,2,Yes,No,DSL,No,No,No,No,No,No,Month-to-month,No,Electronic check,46.45,88.39,Yes
5853-JZMKJ,Female,1,Yes,Yes,17,Yes,No,Fiber optic,No,No,No,No,No,Yes,Two year,Yes,Mailed check,84.66,1430.36,No
7199-QQUKM,Female,0,No,No,67,Yes,Yes,No,No internet service,No internet service,No internet service,No internet service,No internet service,No internet service,Two year,Yes,Bank transfer (automatic),23.02,1558.8,No
5015-JCCTE,Male,0,No,No,41,Yes,No,DSL,Yes,No,Yes,No,Yes,Yes,One year,Yes,Electronic check,79.68,3240.54,No
4522-GVSIV,Female,0,Yes,No,16,Yes,Yes,Fiber optic,Yes,Yes,Yes,Yes,Yes,No,Month-to-month,No,Electronic check,106.32,1689.58,Yes
6126-YZWBE,Female,0,No,Yes,66,Yes,No,DSL,Yes,Yes,No,Yes,No,No,Month-to-month,Yes,Electronic check,66.45,4384.11,No
4416-UOPCQ,Female,1,Yes,Yes,61,No,No phone service,Fiber optic,Yes,No,No,No,No,Yes,Month-to-month,No,Electronic check,86.25,5264.88,Yes
4717-JBTNM,Female,0,No,No,21,Yes,No,No,No internet service,No internet service,No internet service,No internet service,No internet service,No internet service,Month-to-month,Yes,Electronic check,23.95,495.74,Yes
7434-UIFSI,Female,0,Yes,Yes,72,Yes,No,DSL,Yes,No,No,No,Yes,No,Month-to-month,No,Credit card (automatic),60.33,4329.63,No
7629-JLLFA,Female,1,Yes,Yes,45,Yes,No,DSL,Yes,No,No,Yes,No,No,Month-to-month,Yes,Mailed check,64.01,2894.87,No
9726-ZVCGG,Male,0,Yes,Yes,68,Yes,Yes,Fiber optic,Yes,No,No,Yes,No,Yes,Two year,No,Credit card (automatic),98.5,6721.32,No
8427-WIJGZ,Male,0,No,No,13,Yes,No,Fiber optic,No,No,No,No,No,No,Month-to-month,Yes,Mailed check,82.36,1082.17,Yes
6491-SDRTD,Male,1,Yes,No,61,Yes,Yes,DSL,No,No,Yes,No,Yes,No,One year,Yes,Electronic check,65.62,4030.66,No
9613-DVWRI,Female,0,Yes,No,2,Yes,Yes,No,No internet service,No internet service,No internet service,No internet service,No internet service,No internet service,Month-to-month,Yes,Credit card (automatic),23.71,65.87,Yes
1880-GYTAV,Male,0,Yes,Yes,31,Yes,No,DSL,Yes,Yes,No,Yes,No,Yes,Two year,No,Electronic check,63.8,1985.2,No
1451-TMZQR,Male,0,No,No,7,Yes,No,No,No internet service,No internet service,No internet service,No internet service,No internet service,No internet service,One year,Yes,Electronic check,21.15,164.27,No
3782-SPRZL,Male,1,Yes,Yes,6,Yes,No,DSL,No,No,Yes,No,No,No,Month-to-month,No,Bank transfer (automatic),56.94,306.52,No
7405-GAPZP,Female,1,Yes,Yes,17,Yes,Yes,Fiber optic,No,Yes,Yes,No,Yes,No,Month-to-month,Yes,Mailed check,100.59,1717.68,Yes
4019-FZOPP,Male,0,Yes,No,4,Yes,Yes,DSL,No,No,Yes,Yes,No,No,Month-to-month,No,Mailed check,58.14,227.83,No
6937-ZMSVN,Female,1,No,No,64,Yes,No,DSL,Yes,Yes,Yes,No,Yes,No,Month-to-month,No,Bank transfer (automatic),72.79,4640.78,No
1050-LXBRA,Male,0,No,Yes,15,Yes,Yes,Fiber optic,No,No,Yes,Yes,No,No,Month-to-month,No,Electronic check,90.1,1375.22,No
9466-DCAMI,Male,0,Yes,No,59,Yes,No,DSL,Yes,Yes,Yes,Yes,Yes,No,One year,Yes,Bank transfer (automatic),79.79,4697.1,No
5123-SIPFB,Male,1,No,No,12,Yes,No,DSL,No,Yes,No,No,No,No,Month-to-month,Yes,Mailed check,54.34,633.93,No
8036-ITPZW,Male,0,Yes,Yes,72,Yes,Yes,Fiber optic,No,No,No,No,Yes,No,Month-to-month,Yes,Electronic check,86.01,6176.71,No
3698-BEXRC,Male,0,Yes,No,24,Yes,No,DSL,Yes,Yes,Yes,No,No,No,Month-to-month,No,Mailed check,63.73,1496.74,No
7214-AULYN,Female,0,No,No,63,Yes,No,Fiber optic,No,No,No,Yes,No,No,One year,Yes,Bank transfer (automatic),84.61,5349.91,No
5622-NYEZU,Female,0,No,No,5,Yes,No,Fiber optic,Yes,No,No,Yes,No,Yes,One year,No,Electronic check,100.87,523.12,No
3433-IYZTZ,Female,0,No,Yes,34,Yes,No,DSL,Yes,No,No,No,No,No,Month-to-month,Yes,Bank transfer (automatic),59.27,1998.51,No
2160-KKTDN,Female,0,No,No,72,Yes,No,No,No internet service,No internet service,No internet service,No internet service,No internet service,No internet service,Two year,Yes,Electronic check,23.1,1652.09,No
3740-GOIDX,Male,0,Yes,Yes,10,Yes,No,DSL,No,No,Yes,Yes,Yes,No,Two year,Yes,Electronic check,70.25,746.65,No
9525-ZYCVA,Female,0,No,No,21,Yes,No,Fiber optic,No,No,No,Yes,No,No,One year,Yes,Mailed check,89.56,1874.58,No
2521-GKXYP,Female,1,No,No,61,Yes,No,Fiber optic,Yes,Yes,Yes,No,No,No,Month-to-month,No,Bank transfer (automatic),90.02,5474.39,No
6557-UCQUN,Female,0,Yes,Yes,5,Yes,No,DSL,No,Yes,Yes,Yes,No,No,One year,Yes,Mailed check,67.28,355.37,No
5653-SNJWD,Female,0,No,No,10,Yes,No,Fiber optic,No,Yes,No,No,No,Yes,Month-to-month,No,Credit card (automatic),92.75,930.8,Yes
6198-PWLYZ,Male,0,Yes,No,3,Yes,No,Fiber optic,Yes,No,No,No,Yes,Yes,Month-to-month,No,Electronic check,103.01,318.59,No
4688-UVEHE,Male,1,Yes,Yes,37,No,No phone service,Fiber optic,Yes,Yes,Yes,Yes,Yes,No,Month-to-month,No,Electronic check,101.97,3766.12,No
5167-AJFHT,Female,0,No,Yes,62,Yes,Yes,DSL,Yes,No,No,No,Yes,No,Month-to-month,No,Mailed check,52.97,3292.33,No
5539-KXFEF,Female,0,Yes,Yes,8,No,No phone service,Fiber optic,No,Yes,No,No,Yes,No,One year,Yes,Credit card (automatic),88.53,713.11,No
5854-VKQCC,Female,1,No,No,1,Yes,No,Fiber optic,No,Yes,No,No,No,No,Month-to-month,No,Electronic check,88.1,129.28,Yes
3035-QRTGS,Male,0,Yes,No,2,Yes,Yes,DSL,Yes,No,No,No,Yes,Yes,Month-to-month,Yes,Electronic check,73.68,163.62,Yes
7222-FHNAD,Female,0,No,No,4,Yes,No,DSL,Yes,No,Yes,No,Yes,No,One year,Yes,Electronic check,65.58,261.3,No
3096-CYDGA,Female,0,Yes,Yes,5,Yes,Yes,Fiber optic,No,Yes,No,No,Yes,Yes,Month-to-month,No,Mailed check,99.76,474.59,No
5344-VSSZJ,Female,0,Yes,No,69,Yes,No,No,No internet service,No internet service,No internet service,No internet service,No internet service,No internet service,Month-to-month,Yes,Electronic check,25.07,1740.55,No
9890-DRCHS,Male,0,Yes,Yes,17,Yes,No,DSL,No,No,No,No,Yes,No,Month-to-month,No,Mailed check,59.98,1021.66,No
7513-QKSYK,Male,0,No,No,16,Yes,No,No,No internet service,No internet service,No internet service,No internet service,No internet service,No internet service,Month-to-month,No,Bank transfer (automatic),29.25,464.91,No
1490-OYGZD,Female,0,No,Yes,9,Yes,No,DSL,Yes,No,Yes,No,No,No,Month-to-month,No,Credit card (automatic),55.06,477.51,No
7863-DUZVE,Female,1,No,Yes,60,Yes,Yes,Fiber optic,No,Yes,No,No,Yes,Yes,Two year,Yes,Credit card (automatic),100.9,6022.28,No
9947-LHEKT,Male,0,Yes,No,14,Yes,Yes,No,No internet service,No internet service,No internet service,No internet service,No internet service,No internet service,One year,Yes,Credit card (automatic),25.26,327.44,No
1955-CNUQC,Male,0,No,No,20,Yes,No,DSL,No,No,Yes,Yes,Yes,No,Two year,No,Credit card (automatic),65.15,1315.64,No
9173-JNBLY,Male,0,Yes,No,38,Yes,No,Fiber optic,No,No,No,No,No,Yes,One year,Yes,Electronic check,91.64,3491.56,No
1798-AXYAE,Male,1,No,No,15,Yes,No,Fiber optic,Yes,No,Yes,Yes,No,No,Month-to-month,No,Credit card (automatic),92.61,1364.34,Yes
2336-GPPUY,Female,0,No,No,4,Yes,No,DSL,No,No,No,No,Yes,No,Month-to-month,No,Bank transfer (automatic),57.88,220.31,Yes
1767-WPFZB,Male,0,No,No,3,Yes,Yes,No,No internet service,No internet service,No internet service,No internet service,No internet service,No internet service,Two year,No,Credit card (automatic),27.73,132.85,No
2706-SLHHH,Female,0,No,No,67,Yes,No,No,No internet service,No internet service,No internet service,No internet service,No internet service,No internet service,Month-to-month,Yes,Credit card (automatic),26.26,1762.4,No
1633-HJUEU,Female,0,Yes,No,11,Yes,Yes,DSL,Yes,No,Yes,No,No,No,One year,Yes,Bank transfer (automatic),54.85,575.07,No
1096-BKCOB,Male,0,No,No,30,Yes,No,DSL,No,No,No,No,Yes,Yes,Month-to-month,Yes,Mailed check,63.57,1906.76,No
3517-FZGJL,Male,0,No,No,59,Yes,No,Fiber optic,No,Yes,No,No,Yes,No,Two year,No,Credit card (automatic),94.69,5588.81,No
6770-PUIWB,Male,0,Yes,No,4,Yes,No,Fiber optic,No,No,No,No,Yes,No,Month-to-month,No,Bank transfer (automatic),89.53,353.07,Yes
2181-CWKOC,Female,0,No,No,8,Yes,No,DSL,No,No,No,No,Yes,Yes,Two year,No,Electronic check,67.74,511.42,No
5483-AYTNA,Male,0,Yes,No,43,Yes,No,No,No internet service,No internet service,No internet service,No internet service,No internet service,No internet service,Month-to-month,No,Mailed check,27.53,1176.34,No
6294-ISUNR,Female,0,No,No,49,Yes,Yes,Fiber optic,No,No,Yes,No,Yes,No,Month-to-month,No,Credit card (automatic),96.77,4745.65,No
4129-EYJMG,Female,1,No,No,2,Yes,Yes,Fiber optic,No,Yes,No,No,Yes,No,Month-to-month,No,Electronic check,97.74,186.25,No
5234-JKDFI,Female,0,No,No,7,Yes,Yes,Fiber optic,Yes,No,No,No,No,No,Two year,No,Credit card (automatic),80.07,524.52,No
1253-TJGGM,Female,0,Yes,No,4,Yes,No,No,No internet service,No internet service,No internet service,No internet service,No internet service,No internet service,Month-to-month,No,Credit card (automatic),27.37,97.15,No
2365-URULJ,Male,0,Yes,Yes,55,Yes,No,DSL,No,Yes,Yes,Yes,Yes,No,Month-to-month,Yes,Credit card (automatic),74.68,4099.58,No
9052-DMGNK,Male,0,No,No,2,Yes,No,Fiber optic,Yes,No,Yes,No,No,No,Two year,No,Bank transfer (automatic),81.75,176.91,No
9660-VXTLQ,Female,1,Yes,Yes,18,Yes,Yes,Fiber optic,No,Yes,No,No,No,Yes,One year,No,Mailed check,91.59,1646.5,No
4654-MYFVP,Female,0,No,No,3,Yes,Yes,DSL,No,Yes,Yes,No,No,No,Two year,Yes,Electronic check,59.08,182.37,No
3382-KIAKD,Female,0,Yes,Yes,69,Yes,No,DSL,Yes,No,Yes,No,No,No,One year,No,Electronic check,61.23,4211.98,No
7133-HPHAS,Male,0,No,No,60,Yes,No,DSL,No,Yes,Yes,Yes,No,No,Month-to-month,Yes,Credit card (automatic),59.73,3596.46,No
9186-AFGKM,Male,0,Yes,Yes,24,Yes,Yes,No,No internet service,No internet service,No internet service,No internet service,No internet service,No internet service,Month-to-month,Yes,Credit card (automatic),28.13,638.42,No
7482-REFJD,Male,0,Yes,Yes,14,No,No phone service,No,No internet service,No internet service,No internet service,No internet service,No internet service,No internet service,Month-to-month,Yes,Electronic check,26.45,376.9,No
1440-NPIGS,Female,0,Yes,No,2,No,No phone service,Fiber optic,No,Yes,Yes,No,No,Yes,Month-to-month,No,Mailed check,95.43,194.45,Yes
8320-PTZLN,Male,0,No,No,5,Yes,No,DSL,No,No,No,Yes,Yes,Yes,Month-to-month,Yes,Bank transfer (automatic),69.94,331.1,No
4354-OQRDQ,Female,0,No,No,2,Yes,No,DSL,No,No,No,No,No,No,Two year,Yes,Bank transfer (automatic),52.82,122.45,No
5862-VPOSZ,Male,0,No,No,55,Yes,Yes,Fiber optic,No,No,No,No,No,Yes,Month-to-month,Yes,Electronic check,93.42,5132.16,Yes
1067-ZJOBG,Male,0,No,Yes,71,Yes,No,DSL,No,No,No,No,Yes,No,Two year,Yes,Mailed check,58.84,4168.7,No
7186-XPEMC,Male,0,Yes,Yes,64,Yes,No,No,No internet service,No internet service,No internet service,No internet service,No internet service,No internet service,Two year,Yes,Electronic check,23.76,1511.93,No
5384-AWMZM,Male,0,Yes,No,5,Yes,Yes,DSL,No,Yes,Yes,Yes,Yes,No,Month-to-month,Yes,Bank transfer (automatic),68.04,326.29,Yes
9619-APUBK,Male,0,Yes,Yes,68,Yes,Yes,No,No internet service,No internet service,No internet service,No internet service,No internet service,No internet service,Month-to-month,No,Mailed check,23.64,1618.24,No
6493-ZELFC,Female,0,Yes,Yes,72,Yes,Yes,DSL,No,No,No,No,No,No,Two year,No,Bank transfer (automatic),53.58,3832.57,No
5953-KPQZG,Female,0,Yes,Yes,71,Yes,No,Fiber optic,No,No,No,No,No,Yes,One year,Yes,Mailed check,82.84,5839.12,No
5771-TFFVU,Male,0,No,No,26,Yes,Yes,DSL,No,No,No,No,No,No,Month-to-month,No,Mailed check,55.15,1402.59,Yes
4141-KWQAF,Male,1,No,No,72,No,No phone service,DSL,Yes,Yes,No,No,No,No,Two year,Yes,Credit card (automatic),55.67,4010.4,No
6396-AFYET,Female,0,No,No,2,Yes,Yes,Fiber optic,Yes,No,No,No,No,Yes,Month-to-month,Yes,Credit card (automatic),99.99,210.68,Yes
5347-DCZXV,Female,1,Yes,Yes,3,Yes,No,DSL,No,Yes,No,No,Yes,No,One year,Yes,Bank transfer (automatic),63.94,186.25,No
3984-MEQKR,Male,0,No,Yes,52,Yes,No,DSL,No,No,No,No,Yes,No,Two year,No,Electronic check,66.05,3414.83,No
7438-WKBDB,Male,0,Yes,Yes,37,Yes,No,Fiber optic,No,Yes,No,No,No,No,One year,Yes,Electronic check,79.81,2919.28,No
3164-ZWUPC,Female,0,No,Yes,16,Yes,Yes,Fiber optic,No,No,No,Yes,Yes,No,One year,Yes,Bank transfer (automatic),86.72,1394.28,No
5585-YPVOC,Female,0,Yes,Yes,5,Yes,No,DSL,No,No,No,Yes,No,No,Month-to-month,No,Electronic check,51.89,255.91,No
8440-AHBPE,Male,0,Yes,No,57,Yes,Yes,No,No internet service,No internet service,No internet service,No internet service,No internet service,No internet service,One year,No,Bank transfer (automatic),26.07,1495.72,No
5051-AHNKG,Male,0,Yes,Yes,72,No,No phone service,Fiber optic,Yes,No,Yes,No,No,No,Month-to-month,No,Credit card (automatic),82.91,5959.97,No
1624-QKRUU,Male,1,Yes,Yes,0,Yes,Yes,Fiber optic,No,Yes,No,No,No,Yes,Two year,Yes,Credit card (automatic),97.49,18.21,No
3773-VTGIO,Male,0,No,Yes,60,Yes,Yes,DSL,No,Yes,No,No,No,Yes,Two year,No,Mailed check,66.8,4017.02,No
7799-HYMWD,Male,0,Yes,Yes,37,Yes,No,DSL,Yes,No,No,No,Yes,No,Month-to-month,Yes,Credit card (automatic),62.82,2349.32,No
8716-DVOOH,Female,0,No,No,36,Yes,No,DSL,No,No,Yes,No,No,No,Month-to-month,No,Mailed check,58.54,2088.61,No
8765-RWGNH,Female,0,Yes,Yes,19,Yes,No,No,No internet service,No internet service,No internet service,No internet service,No internet service,No internet service,One year,No,Mailed check,32.73,616.54,Yes
5575-VDUEJ,Female,0,No,No,6,Yes,Yes,DSL,Yes,Yes,No,Yes,No,Yes,Two year,No,Electronic check,75.4,459.59,No
1282-RDJWL,Male,0,No,No,19,Yes,No,No,No internet service,No internet service,No internet service,No internet service,No internet service,No internet service,One year,Yes,Credit card (automatic),24.14,460.17,No
1446-HBBGX,Female,0,Yes,Yes,50,Yes,No,DSL,Yes,No,No,No,Yes,No,Month-to-month,No,Bank transfer (automatic),60.71,3032.87,No
2675-VMYJL,Male,0,No,Yes,7,Yes,Yes,DSL,Yes,No,No,No,Yes,No,Month-to-month,No,Electronic check,53.38,366.17,Yes
4259-CXVVO,Female,0,No,No,15,Yes,Yes,No,No internet service,No internet service,No internet service,No internet service,No internet service,No internet service,One year,Yes,Bank transfer (automatic),26.02,365.81,No
6920-APXWY,Female,0,No,No,62,Yes,No,DSL,No,Yes,Yes,No,No,Yes,Month-to-month,Yes,Electronic check,69.57,4305.33,Yes
8041-WQDKB,Female,0,No,No,62,Yes,Yes,Fiber optic,Yes,Yes,No,No,No,No,Month-to-month,No,Electronic check,88.56,5523.49,Yes
1330-GCPPT,Female,0,No,No,44,Yes,No,No,No internet service,No internet service,No internet service,No internet service,No internet service,No internet service,One year,Yes,Electronic check,28.64,1224.23,No
2491-CZCGH,Female,0,Yes,Yes,71,Yes,No,No,No internet service,No internet service,No internet service,No internet service,No internet service,No internet service,Month-to-month,Yes,Bank transfer (automatic),23.39,1645.68,No
8987-UTRHD,Female,1,No,No,3,Yes,Yes,Fiber optic,No,No,Yes,No,No,Yes,Month-to-month,No,Electronic check,99.74,268.83,Yes
2571-KDZWD,Female,0,No,No,72,Yes,No,Fiber optic,No,Yes,No,No,Yes,No,Two year,Yes,Electronic check,92.65,6658.15,No
3148-KUJTC,Female,0,Yes,Yes,58,Yes,Yes,DSL,No,Yes,No,No,No,No,Two year,Yes,Electronic check,55.98,3260.16,No
8958-ZBOVA,Female,0,No,No,4,Yes,No,DSL,Yes,No,No,No,No,No,Month-to-month,Yes,Bank transfer (automatic),50.11,196.15,Yes
6242-AMKQG,Male,0,No,Yes,7,Yes,Yes,Fiber optic,Yes,No,No,Yes,Yes,No,Month-to-month,Yes,Electronic check,93.94,637.24,Yes
6140-QHXII,Female,0,Yes,Yes,2,Yes,No,DSL,No,No,No,No,No,Yes,One year,Yes,Mailed check,55.04,101.79,No
1160-QOZVB,Male,1,Yes,Yes,6,Yes,No,Fiber optic,Yes,No,Yes,No,No,No,Month-to-month,Yes,Electronic check,89.53,511.41,Yes
3889-ZVELF,Female,1,Yes,Yes,20,Yes,Yes,No,No internet service,No internet service,No internet service,No internet service,No internet service,No internet service,Month-to-month,Yes,Mailed check,23.36,450.01,No
7254-FCLFV,Female,0,No,No,2,Yes,Yes,No,No internet service,No internet service,No internet service,No internet service,No internet service,No internet service,Month-to-month,No,Electronic check,32.23,59.35,Yes
3349-QWLHK,Male,0,No,No,58,Yes,No,Fiber optic,No,No,No,Yes,Yes,Yes,Two year,Yes,Electronic check,92.57,5375.38,No
4511-HXLXG,Female,0,Yes,Yes,7,Yes,Yes,Fiber optic,No,Yes,No,No,Yes,No,One year,No,Mailed check,90.84,613.76,No
2990-DHEIF,Male,0,Yes,Yes,30,Yes,Yes,Fiber optic,Yes,Yes,Yes,No,No,Yes,Month-to-month,Yes,Electronic check,100.89,3040.8,Yes
9637-GYQSD,Female,0,No,No,33,Yes,No,Fiber optic,No,No,No,No,Yes,Yes,Month-to-month,No,Bank transfer (automatic),95.43,3170.6,Yes
8183-BRJDK,Male,1,No,No,42,Yes,Yes,DSL,No,Yes,No,Yes,No,Yes,Month-to-month,Yes,Mailed check,74.33,3112.21,No
9338-UHONF,Female,0,No,No,24,Yes,No,No,No internet service,No internet service,No internet service,No internet service,No internet service,No internet service,Two year,No,Electronic check,23.24,562.66,No
3368-RKFUS,Male,0,No,No,66,Yes,Yes,No,No internet service,No internet service,No internet service,No internet service,No internet service,No internet service,One year,No,Bank transfer (automatic),32.04,2116.45,No
4571-OHCOZ,Female,0,No,No,8,Yes,No,Fiber optic,No,No,No,Yes,Yes,No,Month-to-month,Yes,Bank transfer (automatic),90.08,758.56,Yes
4069-QJCAI,Male,0,No,No,3,Yes,No,DSL,No,No,No,Yes,No,Yes,Two year,Yes,Mailed check,62.52,209.68,No
3982-URUHV,Male,0,Yes,Yes,4,Yes,No,DSL,No,No,Yes,No,No,No,Month-to-month,Yes,Credit card (automatic),53.84,193.11,Yes
9642-MBVRX,Male,0,Yes,Yes,3,Yes,Yes,Fiber optic,No,No,Yes,No,No,Yes,One year,Yes,Electronic check,91.46,312.89,Yes
6671-PRDLN,Male,0,Yes,Yes,41,Yes,Yes,Fiber optic,Yes,No,Yes,No,Yes,Yes,Month-to-month,Yes,Electronic check,102.7,4225.28,Yes
8965-IVSRQ,Female,0,Yes,No,5,Yes,Yes,DSL,Yes,Yes,Yes,No,Yes,No,Month-to-month,No,Mailed check,72.87,358.77,No
4840-OSARE,Female,1,No,No,17,Yes,No,DSL,No,No,Yes,No,No,No,Two year,Yes,Bank transfer (automatic),57.54,970.74,No
2210-NDGDY,Female,0,No,No,32,Yes,Yes,Fiber optic,No,No,No,No,No,No,Month-to-month,Yes,Bank transfer (automatic),79.02,2491.28,No
8855-CPLBU,Male,0,No,No,0,Yes,No,Fiber optic,Yes,No,No,Yes,Yes,No,Month-to-month,No,Credit card (automatic),99.62,0.0,Yes
5357-TXJDO,Female,0,No,No,27,Yes,Yes,Fiber optic,Yes,Yes,No,No,No,Yes,One year,Yes,Electronic check,99.52,2710.18,Yes
3490-DXDTU,Female,0,No,No,7,Yes,No,No,No internet service,No internet service,No internet service,No internet service,No internet service,No internet service,One year,Yes,Electronic check,24.28,169.05,Yes
6124-FLCQG,Male,0,Yes,No,41,Yes,No,Fiber optic,No,No,Yes,No,No,No,One year,No,Mailed check,84.77,3492.07,No
7101-YORQU,Male,0,Yes,Yes,65,No,No phone service,No,No internet service,No internet service,No internet service,No internet service,No internet service,No internet service,Month-to-month,Yes,Mailed check,24.54,1645.1,No
2852-ZYWZY,Female,0,No,No,6,Yes,Yes,Fiber optic,No,No,Yes,No,Yes,Yes,Month-to-month,No,Electronic check,101.7,609.22,Yes
4067-JLJSC,Female,0,Yes,No,6,Yes,Yes,DSL,No,No,No,No,Yes,No,Month-to-month,Yes,Credit card (automatic),62.6,396.53,No
3614-KGKEP,Female,0,Yes,Yes,72,Yes,No,DSL,Yes,Yes,Yes,No,No,No,One year,Yes,Electronic check,65.29,4693.4,No
9723-SODAB,Male,0,No,No,29,Yes,Yes,DSL,No,Yes,Yes,No,No,Yes,One year,No,Electronic check,67.15,1940.96,No
4096-CKFFD,Male,0,Yes,No,14,Yes,No,No,No internet service,No internet service,No internet service,No internet service,No internet service,No internet service,Month-to-month,No,Electronic check,25.32,367.22,Yes
2036-VWBIN,Female,0,Yes,Yes,21,Yes,Yes,Fiber optic,Yes,Yes,Yes,No,No,Yes,Month-to-month,Yes,Credit card (automatic),101.95,2175.37,No
6059-AIQQD,Male,0,Yes,Yes,44,Yes,Yes,Fiber optic,No,No,No,No,Yes,Yes,Month-to-month,Yes,Credit card (automatic),98.64,4343.35,No
5803-KBMGT,Female,0,Yes,No,47,Yes,No,Fiber optic,No,No,Yes,Yes,No,No,Month-to-month,Yes,Mailed check,93.94,4405.07,No
8229-MWDDF,Female,1,Yes,Yes,57,Yes,No,No,No internet service,No internet service,No internet service,No internet service,No internet service,No internet service,One year,Yes,Electronic check,30.0,1667.29,No
7641-AXBRG,Male,0,No,Yes,61,Yes,Yes,No,No internet service,No internet service,No internet service,No internet service,No internet service,No internet service,Month-to-month,No,Bank transfer (automatic),26.68,1601.46,No
3316-DPBSA,Female,0,No,No,9,Yes,No,No,No internet service,No internet service,No internet service,No internet service,No internet service,No internet service,One year,Yes,Mailed check,27.1,292.2,No
2738-GHHSG,Male,0,No,Yes,38,No,No phone service,DSL,No,No,No,No,No,No,Month-to-month,No,Electronic check,44.58,1680.93,No
5264-TKJZI,Female,0,No,No,55,Yes,No,Fiber optic,Yes,No,No,No,Yes,No,One year,Yes,Mailed check,90.01,4965.35,No
9334-EXCOT,Female,0,No,No,43,No,No phone service,Fiber optic,Yes,No,No,No,No,Yes,Two year,No,Mailed check,81.71,3498.78,No
8588-VBBBS,Female,0,Yes,No,7,Yes,Yes,No,No internet service,No internet service,No internet service,No internet service,No internet service,No internet service,Two year,Yes,Bank transfer (automatic),21.7,162.47,No
3096-HIIES,Female,0,No,No,72,Yes,No,Fiber optic,No,No,No,No,Yes,Yes,Month-to-month,Yes,Electronic check,97.18,6989.06,No
3587-OWSGI,Female,0,No,No,10,Yes,No,DSL,No,Yes,Yes,Yes,No,Yes,Two year,Yes,Bank transfer (automatic),67.65,682.71,No
1389-ADHUP,Female,0,No,Yes,18,Yes,No,No,No internet service,No internet service,No internet service,No internet service,No internet service,No internet service,One year,Yes,Credit card (automatic),21.21,396.65,No
8045-DIORU,Female,0,No,No,22,Yes,No,Fiber optic,No,No,No,Yes,Yes,No,One year,Yes,Electronic check,92.1,2058.41,No
8325-ZKPBT,Male,0,Yes,Yes,21,Yes,No,DSL,Yes,Yes,Yes,No,No,No,Month-to-month,No,Bank transfer (automatic),60.11,1254.31,Yes
8890-GMAFP,Female,0,No,No,7,Yes,No,Fiber optic,No,Yes,No,Yes,No,Yes,Month-to-month,Yes,Mailed check,99.97,700.21,Yes
4504-YYKBW,Female,0,No,No,68,Yes,No,DSL,No,Yes,Yes,No,Yes,No,One year,Yes,Mailed check,63.34,4278.62,No
2039-ZBUZJ,Female,0,No,No,14,Yes,Yes,Fiber optic,Yes,No,No,No,Yes,Yes,Two year,Yes,Bank transfer (automatic),95.63,1346.01,No
7606-CUPFP,Male,1,No,No,60,Yes,Yes,No,No internet service,No internet service,No internet service,No internet service,No internet service,No internet service,Two year,No,Bank transfer (automatic),23.93,1427.25,No
9948-UKCUW,Male,0,Yes,Yes,70,No,No phone service,Fiber optic,Yes,Yes,No,Yes,No,Yes,Month-to-month,No,Electronic check,102.66,7187.85,No
2684-UWYSD,Male,1,Yes,Yes,7,Yes,No,No,No internet service,No internet service,No internet service,No internet service,No internet service,No internet service,One year,No,Mailed check,21.79,114.37,No
2920-UJUBV,Female,0,Yes,Yes,0,No,No phone service,DSL,No,No,Yes,Yes,No,No,Month-to-month,Yes,Credit card (automatic),50.18,1.1,No
1628-GCHLF,Male,0,No,No,22,Yes,No,DSL,No,No,No,No,Yes,No,Month-to-month,Yes,Credit card (automatic),68.11,1482.6,No
1731-AIIGY,Male,0,Yes,Yes,70,Yes,Yes,DSL,Yes,Yes,No,No,No,Yes,Two year,No,Mailed check,73.55,5128.53,No
4723-MXMGJ,Female,0,No,No,57,Yes,Yes,No,No internet service,No internet service,No internet service,No internet service,No internet service,No internet service,Two year,Yes,Credit card (automatic),25.09,1438.46,No
6894-HPYUL,Female,0,Yes,Yes,25,Yes,No,DSL,No,Yes,No,No,Yes,Yes,One year,No,Bank transfer (automatic),70.91,1746.29,No
9125-KSYWK,Male,0,No,No,32,Yes,Yes,DSL,No,No,Yes,No,Yes,No,Month-to-month,No,Credit card (automatic),59.18,1885.42,No
5130-VIRXI,Female,0,No,No,72,Yes,No,DSL,Yes,Yes,No,No,No,No,Month-to-month,Yes,Electronic check,59.52,4279.13,No
6811-UGRAJ,Female,0,Yes,Yes,3,Yes,No,Fiber optic,No,No,No,No,No,Yes,One year,No,Mailed check,93.62,260.51,No
5139-NJBRO,Male,0,Yes,Yes,1,Yes,Yes,Fiber optic,No,Yes,No,No,Yes,No,Two year,Yes,Electronic check,91.77,58.54,No
4814-JBICC,Female,0,No,No,0,Yes,No,Fiber optic,No,Yes,Yes,No,No,No,Two year,Yes,Electronic check,95.86,0.0,No
8803-NYOXH,Male,0,Yes,No,19,Yes,Yes,DSL,No,No,No,No,No,Yes,Two year,No,Electronic check,61.73,1170.54,No
9876-FBVVG,Male,0,Yes,Yes,23,Yes,No,Fiber optic,No,No,No,No,Yes,Yes,One year,No,Mailed check,91.19,2084.52,No
6992-HXTOA,Female,0,Yes,Yes,13,Yes,No,Fiber optic,No,No,No,No,No,No,Two year,Yes,Electronic check,81.65,1063.69,No
7977-SRMAN,Female,0,Yes,No,56,Yes,No,Fiber optic,No,Yes,Yes,No,No,No,Month-to-month,No,Electronic check,90.2,5066.05,No
8650-SXINE,Male,0,Yes,No,3,Yes,Yes,No,No internet service,No internet service,No internet service,No internet service,No internet service,No internet service,Two year,Yes,Credit card (automatic),20.77,29.45,No
5989-YACKY,Male,0,No,No,25,Yes,No,Fiber optic,No,No,No,No,No,No,One year,No,Mailed check,77.35,1935.37,No
7938-JYETY,Male,1,No,No,3,Yes,Yes,Fiber optic,Yes,No,Yes,Yes,No,Yes,Month-to-month,Yes,Bank transfer (automatic),103.82,337.07,Yes
6976-VNXNW,Female,0,No,Yes,23,Yes,No,DSL,No,Yes,Yes,No,No,No,Month-to-month,Yes,Credit card (automatic),58.52,1374.92,No
2463-INCVJ,Male,0,No,No,17,Yes,No,No,No internet service,No internet service,No internet service,No internet service,No internet service,No internet service,Month-to-month,No,Bank transfer (automatic),22.06,393.45,Yes
5613-JXUQW,Male,0,No,No,10,No,No phone service,No,No internet service,No internet service,No internet service,No internet service,No internet service,No internet service,Month-to-month,No,Credit card (automatic),18.25,195.27,No
1426-LSGCU,Female,0,No,No,46,Yes,No,Fiber optic,No,Yes,No,No,No,Yes,Month-to-month,Yes,Credit card (automatic),88.16,4008.13,Yes
5262-XXXCK,Male,0,No,No,9,Yes,No,DSL,No,No,No,Yes,No,No,Two year,Yes,Electronic check,54.23,489.9,No
2019-CPXUF,Male,1,Yes,No,12,Yes,Yes,DSL,Yes,No,Yes,No,Yes,No,Month-to-month,No,Credit card (automatic),64.86,797.32,No
2313-GRYPX,Male,0,Yes,Yes,5,Yes,No,Fiber optic,No,No,Yes,No,Yes,No,Month-to-month,No,Credit card (automatic),90.06,450.23,Yes
3459-FIFPU,Male,0,Yes,No,43,Yes,Yes,Fiber optic,No,Yes,No,No,No,Yes,Two year,No,Electronic check,96.05,4133.54,No
3198-OLEVZ,Female,1,No,No,65,Yes,Yes,DSL,Yes,No,No,No,Yes,No,Month-to-month,No,Electronic check,59.27,3854.27,No
7754-MWBOU,Male,0,No,No,14,Yes,No,Fiber optic,No,Yes,No,No,No,No,Two year,Yes,Mailed check,91.66,1290.99,No
8874-BSRFJ,Female,0,No,No,72,Yes,No,Fiber optic,No,No,Yes,Yes,Yes,Yes,One year,No,Bank transfer (automatic),105.3,7574.45,No
8327-LVIUN,Male,0,Yes,No,15,Yes,Yes,No,No internet service,No internet service,No internet service,No internet service,No internet service,No internet service,Month-to-month,Yes,Mailed check,23.3,371.51,No
8790-DONZY,Male,1,No,Yes,63,Yes,No,DSL,Yes,No,No,No,No,Yes,Month-to-month,No,Credit card (automatic),58.82,3715.98,No
3363-FYQGD,Male,0,No,No,6,Yes,No,No,No internet service,No internet service,No internet service,No internet service,No internet service,No internet service,One year,Yes,Bank transfer (automatic),23.25,140.91,No
5309-GUEMX,Male,1,No,No,4,Yes,No,No,No internet service,No internet service,No internet service,No internet service,No internet service,No internet service,Month-to-month,Yes,Mailed check,23.45,87.87,Yes
1795-JOJZI,Male,0,No,No,3,Yes,Yes,Fiber optic,Yes,Yes,No,No,Yes,Yes,Month-to-month,No,Electronic check,110.28,327.75,No
9869-FVOLV,Female,0,Yes,No,55,Yes,Yes,DSL,Yes,Yes,No,No,Yes,No,Month-to-month,Yes,Electronic check,69.98,3855.75,No
1579-KWTRR,Male,0,No,No,68,Yes,No,DSL,No,No,No,Yes,No,No,Two year,No,Bank transfer (automatic),51.54,3517.06,No
7802-HUCSN,Male,0,Yes,Yes,3,Yes,No,Fiber optic,No,Yes,No,No,No,Yes,Two year,Yes,Credit card (automatic),95.31,324.24,No
5513-CTMCG,Female,0,Yes,Yes,19,Yes,Yes,Fiber optic,No,No,Yes,No,Yes,No,Month-to-month,Yes,Electronic check,89.69,1714.13,No
9005-DQSYE,Female,0,No,No,72,Yes,No,Fiber optic,Yes,No,No,Yes,Yes,Yes,One year,Yes,Mailed check,106.73,7708.35,No
3764-WGBZE,Male,0,No,No,7,Yes,No,DSL,No,No,Yes,No,No,No,Month-to-month,Yes,Electronic check,60.65,444.6,No
4960-YOFDZ,Male,0,Yes,Yes,14,Yes,No,No,No internet service,No internet service,No internet service,No internet service,No internet service,No internet service,Month-to-month,No,Credit card (automatic),25.96,364.6,No
5440-XDWQF,Female,0,Yes,Yes,4,Yes,Yes,Fiber optic,No,No,No,No,No,No,Month-to-month,No,Electronic check,78.69,329.69,Yes
9455-WSWUO,Male,0,Yes,No,59,Yes,No,No,No internet service,No internet service,No internet service,No internet service,No internet service,No internet service,One year,Yes,Credit card (automatic),22.52,1351.53,No
8983-RHKOC,Male,0,No,No,36,No,No phone service,DSL,No,No,Yes,No,No,No,Month-to-month,Yes,Electronic check,52.05,1863.61,No
3695-LGCLN,Male,0,Yes,Yes,17,No,No phone service,DSL,No,No,Yes,No,Yes,Yes,Month-to-month,Yes,Bank transfer (automatic),60.36,1035.53,No
7380-UEXTI,Female,0,Yes,No,14,Yes,No,Fiber optic,Yes,No,No,Yes,Yes,No,Month-to-month,Yes,Electronic check,104.77,1493.16,No
9806-REFAI,Female,0,Yes,No,52,Yes,No,No,No internet service,No internet service,No internet service,No internet service,No internet service,No internet service,Two year,Yes,Credit card (automatic),22.77,1195.98,No
7586-PHTYK,Female,0,Yes,No,6,Yes,Yes,Fiber optic,No,No,Yes,No,Yes,No,One year,Yes,Credit card (automatic),94.98,557.21,No
7275-TVCUZ,Female,0,Yes,Yes,37,Yes,No,Fiber optic,Yes,Yes,Yes,No,Yes,No,Two year,No,Electronic check,97.21,3585.05,No
3820-SDZGQ,Male,1,No,No,8,Yes,Yes,Fiber optic,No,No,No,No,Yes,No,Month-to-month,No,Electronic check,86.43,705.32,Yes
1867-YCLPW,Female,0,Yes,No,3,No,No phone service,No,No internet service,No internet service,No internet service,No internet service,No internet service,No internet service,Month-to-month,Yes,Credit card (automatic),25.67,110.52,No
5855-CMZMF,Female,1,No,No,2,Yes,No,Fiber optic,No,Yes,No,No,No,No,Two year,No,Electronic check,81.76,169.16,No
2969-LKVRY,Male,0,No,No,11,Yes,No,No,No internet service,No internet service,No internet service,No internet service,No internet service,No internet service,Two year,No,Credit card (automatic),25.73,313.55,Yes
6978-KOLZI,Male,0,Yes,Yes,63,Yes,Yes,Fiber optic,No,No,No,Yes,No,No,Month-to-month,Yes,Credit card (automatic),85.17,5363.79,No
1320-MZBCV,Female,0,No,No,2,Yes,No,DSL,Yes,No,No,No,No,No,Month-to-month,Yes,Electronic check,51.76,114.47,Yes
8165-VXGFV,Male,0,Yes,Yes,19,No,No phone service,Fiber optic,No,No,Yes,No,No,No,Month-to-month,Yes,Bank transfer (automatic),78.54,1490.87,No
3945-QVJDH,Female,0,No,No,55,No,No phone service,Fiber optic,No,Yes,No,No,Yes,No,One year,Yes,Electronic check,89.03,4891.98,No
4456-CVYHB,Female,0,No,No,1,Yes,No,DSL,No,No,Yes,No,No,Yes,Month-to-month,Yes,Credit card (automatic),63.36,38.79,Yes
9963-GABUE,Male,1,Yes,Yes,1,Yes,Yes,DSL,No,No,No,Yes,Yes,Yes,One year,Yes,Mailed check,66.6,63.46,No
4596-UODJP,Male,0,Yes,Yes,7,Yes,No,Fiber optic,Yes,Yes,No,Yes,No,No,Month-to-month,No,Mailed check,91.02,610.5,Yes
3991-JTHWJ,Female,0,No,No,15,No,No phone service,Fiber optic,Yes,No,No,No,No,No,Month-to-month,Yes,Mailed check,79.63,1198.61,Yes
6075-SRKPU,Female,0,Yes,No,11,Yes,Yes,No,No internet service,No internet service,No internet service,No internet service,No internet service,No internet service,Month-to-month,Yes,Mailed check,26.82,284.34,No
4932-JYFRR,Female,0,No,No,24,Yes,No,Fiber optic,No,Yes,No,No,No,No,Month-to-month,No,Electronic check,89.87,2166.03,Yes
9768-BRZDA,Male,0,No,No,18,Yes,No,Fiber optic,Yes,No,No,No,No,Yes,Month-to-month,Yes,Electronic check,93.37,1687.18,Yes
8456-NRICK,Male,0,No,No,6,Yes,Yes,Fiber optic,No,Yes,Yes,No,No,No,One year,Yes,Bank transfer (automatic),91.44,510.73,No
8882-IEOBF,Female,1,No,No,62,Yes,No,No,No internet service,No internet service,No internet service,No internet service,No internet service,No internet service,Two year,Yes,Mailed check,28.07,1706.94,No
7130-YHBWX,Male,0,Yes,Yes,56,Yes,No,Fiber optic,No,No,No,No,No,No,Month-to-month,No,Credit card (automatic),80.39,4510.37,No
6412-OLXLN,Male,0,Yes,No,56,Yes,No,DSL,No,No,No,No,No,Yes,Two year,Yes,Electronic check,58.08,3236.75,No
3085-CTMZX,Male,0,No,No,2,Yes,Yes,Fiber optic,No,No,No,No,Yes,No,Two year,Yes,Mailed check,87.84,160.81,No
2068-BHCBP,Female,0,No,No,68,Yes,No,No,No internet service,No internet service,No internet service,No internet service,No internet service,No internet service,Month-to-month,Yes,Bank transfer (automatic),26.0,1781.15,No
7808-ZKFXS,Male,0,Yes,No,4,Yes,Yes,No,No internet service,No internet service,No internet service,No internet service,No internet service,No internet service,Month-to-month,Yes,Mailed check,30.06,148.06,No
4647-UEPHY,Female,0,No,No,3,Yes,Yes,Fiber optic,Yes,Yes,No,No,Yes,Yes,Month-to-month,Yes,Mailed check,111.67,327.58,Yes
3171-YNPRV,Male,0,No,No,2,No,No phone service,DSL,Yes,No,No,No,No,No,Month-to-month,Yes,Credit card (automatic),47.39,63.26,Yes
9689-BPGFH,Male,0,No,No,14,Yes,Yes,Fiber optic,No,No,No,Yes,No,No,One year,No,Electronic check,84.46,1183.95,Yes
2459-AIESI,Female,0,No,No,18,Yes,No,Fiber optic,No,No,Yes,No,No,No,Month-to-month,No,Electronic check,89.34,1637.23,Yes
8916-ZLWQM,Male,0,No,No,1,Yes,No,No,No internet service,No internet service,No internet service,No internet service,No internet service,No internet service,One year,No,Electronic check,25.32,38.9,No
1164-AEGMS,Male,0,Yes,No,49,Yes,No,No,No internet service,No internet service,No internet service,No internet service,No internet service,No internet service,Two year,Yes,Electronic check,22.96,1142.92,No
5241-JYUGE,Male,0,Yes,No,1,Yes,Yes,DSL,No,No,Yes,No,No,Yes,Two year,Yes,Credit card (automatic),65.0,56.85,No
7020-MXPZJ,Female,0,No,No,14,Yes,Yes,DSL,No,No,No,No,Yes,Yes,Month-to-month,No,Credit card (automatic),66.03,901.41,No
8048-WAGWG,Male,0,No,No,24,Yes,No,Fiber optic,No,No,No,Yes,No,No,Two year,Yes,Credit card (automatic),86.78,2078.42,No
3489-VUCTP,Female,1,Yes,No,54,Yes,No,DSL,No,No,Yes,Yes,No,Yes,Two year,No,Mailed check,62.1,3351.7,No
4597-QQKXY,Female,0,Yes,No,68,Yes,No,DSL,No,No,Yes,Yes,No,No,Two year,Yes,Electronic check,58.07,3928.43,No
4362-FLFGK,Male,1,No,Yes,3,Yes,Yes,Fiber optic,No,No,No,No,No,No,Month-to-month,No,Electronic check,82.05,223.42,Yes
4178-ROONT,Male,0,Yes,Yes,57,Yes,No,Fiber optic,Yes,No,Yes,No,Yes,Yes,One year,Yes,Electronic check,108.97,6201.73,No
4800-RRJYG,Female,0,Yes,No,25,Yes,No,Fiber optic,Yes,Yes,No,No,Yes,Yes,Two year,Yes,Bank transfer (automatic),106.16,2644.31,No
6028-JASRP,Female,0,Yes,Yes,64,Yes,No,Fiber optic,No,No,No,No,Yes,Yes,One year,Yes,Electronic check,92.14,5915.31,No
1722-KNZLC,Female,0,No,No,6,Yes,Yes,Fiber optic,Yes,No,Yes,No,Yes,No,Month-to-month,No,Bank transfer (automatic),100.58,641.35,No
2964-JMWAS,Male,0,Yes,Yes,1,Yes,Yes,Fiber optic,Yes,No,No,Yes,Yes,Yes,Two year,No,Electronic check,107.34,87.83,No
2121-VVLAV,Male,1,No,No,17,Yes,Yes,Fiber optic,No,No,No,Yes,Yes,No,Month-to-month,No,Electronic check,93.23,1575.93,Yes
8750-YBLBQ,Female,0,Yes,No,65,Yes,Yes,DSL,Yes,No,Yes,Yes,No,Yes,Month-to-month,Yes,Electronic check,71.55,4640.55,No
7328-PNYQQ,Female,0,Yes,No,4,Yes,Yes,Fiber optic,No,No,No,Yes,Yes,No,Month-to-month,Yes,Bank transfer (automatic),92.54,360.82,Yes
8531-KRSGP,Male,0,No,Yes,60,Yes,No,Fiber optic,No,No,No,No,Yes,No,Two year,No,Electronic check,93.85,5622.59,No
1830-RFAUZ,Female,1,No,No,3,Yes,No,Fiber optic,No,No,No,No,No,No,Month-to-month,No,Mailed check,84.71,241.17,Yes
9443-PLQAU,Female,0,Yes,Yes,49,Yes,Yes,DSL,No,No,No,No,No,No,Two year,No,Mailed check,49.8,2423.68,No
2574-LKLMN,Female,0,No,No,2,Yes,Yes,DSL,No,No,No,No,No,No,Two year,No,Mailed check,49.37,108.08,No
2073-ECFNZ,Male,0,Yes,Yes,11,Yes,Yes,Fiber optic,No,No,No,No,Yes,Yes,Two year,Yes,Electronic check,99.55,1110.98,No
9417-PCAFO,Female,0,Yes,Yes,42,Yes,No,DSL,No,No,Yes,Yes,No,No,Month-to-month,Yes,Mailed check,57.74,2448.36,No
7414-FYODC,Male,0,No,No,2,Yes,No,No,No internet service,No internet service,No internet service,No internet service,No internet service,No internet service,Two year,No,Mailed check,33.06,77.4,No
7368-OOHQU,Female,0,Yes,Yes,4,Yes,Yes,Fiber optic,Yes,Yes,No,Yes,Yes,No,Month-to-month,Yes,Bank transfer (automatic),106.0,425.72,Yes
4065-LKDGM,Female,0,Yes,No,3,Yes,No,No,No internet service,No internet service,No internet service,No internet service,No internet service,No internet service,One year,No,Credit card (automatic),27.12,67.35,No
5614-PGIDA,Female,0,Yes,No,13,Yes,Yes,DSL,No,No,Yes,Yes,Yes,No,Month-to-month,No,Credit card (automatic),69.45,937.03,Yes
6844-EQNZM,Male,0,Yes,Yes,44,Yes,Yes,DSL,No,No,Yes,Yes,Yes,Yes,Two year,No,Credit card (automatic),73.62,3240.95,No
3233-HGPIH,Male,0,No,No,35,Yes,No,Fiber optic,Yes,Yes,No,Yes,Yes,No,Month-to-month,Yes,Credit card (automatic),99.83,3485.01,No
8276-HINRJ,Male,0,No,No,18,Yes,Yes,DSL,No,No,Yes,No,Yes,No,Two year,Yes,Electronic check,64.34,1129.92,No
2243-FWRSX,Female,1,No,No,6,Yes,Yes,No,No internet service,No internet service,No internet service,No internet service,No internet service,No internet service,Month-to-month,No,Mailed check,29.74,154.69,Yes
8034-YHMPC,Male,0,Yes,No,46,Yes,No,DSL,No,No,Yes,No,Yes,Yes,Two year,No,Credit card (automatic),67.09,3077.45,No
8462-LEWLF,Female,0,No,No,13,Yes,Yes,DSL,Yes,Yes,No,Yes,Yes,No,Month-to-month,Yes,Credit card (automatic),76.52,954.12,No
3530-UIWHH,Male,1,No,No,4,Yes,Yes,No,No internet service,No internet service,No internet service,No internet service,No internet service,No internet service,Two year,No,Bank transfer (automatic),22.35,95.29,No
4552-MUVUP,Female,1,Yes,No,3,Yes,Yes,Fiber optic,No,No,No,Yes,No,No,One year,Yes,Electronic check,74.82,231.06,No
5520-WQFIS,Male,0,Yes,Yes,17,Yes,No,Fiber optic,No,Yes,Yes,Yes,Yes,Yes,Two year,Yes,Credit card (automatic),102.61,1733.23,No
9688-LLQEQ,Male,0,No,No,68,Yes,Yes,Fiber optic,Yes,Yes,Yes,No,No,No,Month-to-month,Yes,Electronic check,99.24,6728.66,No
2344-SNAWN,Female,0,Yes,No,32,Yes,No,DSL,Yes,No,Yes,Yes,No,No,Two year,Yes,Credit card (automatic),62.85,2006.29,No
7523-BDIBV,Female,0,No,No,1,Yes,No,DSL,No,No,No,No,Yes,Yes,Month-to-month,Yes,Mailed check,71.18,39.83,Yes
1184-JEMRJ,Male,0,Yes,No,51,Yes,Yes,DSL,No,No,Yes,No,No,No,One year,Yes,Mailed check,52.95,2703.13,No
4373-UFBSR,Female,0,Yes,Yes,63,Yes,Yes,Fiber optic,No,No,No,No,No,No,One year,Yes,Bank transfer (automatic),78.08,4880.64,No
4357-TEYXE,Male,0,No,No,18,Yes,No,DSL,No,Yes,Yes,No,Yes,Yes,Two year,Yes,Electronic check,77.48,1376.31,No
5526-KNRNW,Female,0,No,No,18,Yes,No,Fiber optic,No,No,Yes,Yes,Yes,No,Month-to-month,No,Credit card (automatic),101.74,1823.24,No
1587-DYXIO,Male,0,Yes,Yes,8,Yes,No,DSL,No,No,Yes,Yes,No,No,Month-to-month,No,Bank transfer (automatic),56.11,440.13,No
4253-EBUMV,Female,0,Yes,Yes,4,Yes,No,DSL,No,No,No,No,No,No,Month-to-month,Yes,Electronic check,50.62,164.39,No
9518-YXCNB,Female,0,No,No,14,Yes,No,Fiber optic,No,No,No,Yes,Yes,Yes,Month-to-month,No,Electronic check,100.67,1385.81,Yes
6907-IIOPN,Male,0,No,No,29,Yes,Yes,DSL,No,Yes,Yes,No,Yes,No,Two year,Yes,Credit card (automatic),69.19,1960.49,No
3049-RQEPH,Female,0,Yes,No,25,Yes,No,DSL,No,No,Yes,No,No,No,Month-to-month,Yes,Electronic check,59.57,1478.6,No
6086-JTQZT,Male,0,No,No,70,Yes,No,Fiber optic,No,No,No,No,No,Yes,One year,Yes,Electronic check,84.59,5917.95,No
6756-NKXIX,Female,0,Yes,Yes,27,Yes,No,No,No internet service,No internet service,No internet service,No internet service,No internet service,No internet service,Month-to-month,Yes,Bank transfer (automatic),31.59,856.58,Yes
8473-QLEFG,Male,0,Yes,Yes,70,Yes,Yes,No,No internet service,No internet service,No internet service,No internet service,No internet service,No internet service,Month-to-month,Yes,Bank transfer (automatic),28.36,1975.85,No
8079-KDVYN,Female,0,Yes,Yes,7,Yes,No,DSL,No,No,No,No,No,Yes,Month-to-month,Yes,Bank transfer (automatic),55.62,374.74,Yes
5654-FCSPD,Male,1,No,No,0,Yes,No,No,No internet service,No internet service,No internet service,No internet service,No internet service,No internet service,Month-to-month,No,Credit card (automatic),23.31,0.0,No
9735-UBPMI,Female,0,No,No,63,Yes,Yes,No,No internet service,No internet service,No internet service,No internet service,No internet service,No internet service,Month-to-month,Yes,Bank transfer (automatic),21.72,1384.79,No
6052-HJSSC,Female,0,No,No,70,Yes,No,DSL,No,No,No,No,Yes,Yes,Month-to-month,Yes,Bank transfer (automatic),71.17,4969.23,No
4125-BTFFP,Female,0,No,No,13,No,No phone service,Fiber optic,No,No,No,No,Yes,No,Month-to-month,No,Mailed check,82.99,1075.33,Yes
4759-WWLZG,Female,0,No,No,11,Yes,No,Fiber optic,No,No,No,Yes,Yes,Yes,Month-to-month,Yes,Electronic check,103.57,1131.0,Yes
3773-NKLWE,Female,0,No,Yes,44,Yes,Yes,Fiber optic,Yes,No,No,No,Yes,No,Two year,No,Credit card (automatic),95.18,4180.01,Yes
9538-WGEQJ,Female,0,Yes,Yes,2,Yes,No,DSL,No,Yes,No,Yes,No,Yes,One year,Yes,Electronic check,72.74,159.29,No
3406-QKMFG,Male,0,Yes,Yes,34,Yes,Yes,DSL,Yes,Yes,No,No,Yes,Yes,Two year,No,Mailed check,68.02,2328.6,No
8678-UUXIN,Female,0,No,No,16,Yes,Yes,DSL,No,Yes,No,No,No,Yes,Month-to-month,Yes,Electronic check,67.51,1070.77,Yes
9816-DYGSO,Female,1,No,Yes,51,Yes,No,Fiber optic,No,No,No,Yes,No,No,Month-to-month,Yes,Mailed check,87.47,4467.25,No
3479-YXVRM,Male,0,No,No,1,Yes,No,Fiber optic,No,No,No,No,No,Yes,Month-to-month,No,Electronic check,89.53,70.69,Yes
9297-FEGAA,Male,0,Yes,No,23,No,No phone service,Fiber optic,No,No,No,Yes,No,Yes,Month-to-month,Yes,Credit card (automatic),86.91,1995.63,Yes
2436-SQFNP,Male,0,No,No,72,Yes,Yes,Fiber optic,Yes,No,No,Yes,No,Yes,Month-to-month,Yes,Bank transfer (automatic),96.67,7010.24,No
1985-APOSB,Male,0,No,No,9,Yes,No,DSL,No,No,No,No,No,No,Month-to-month,No,Bank transfer (automatic),49.57,442.62,Yes
4813-PFJTJ,Female,0,No,No,44,Yes,No,Fiber optic,Yes,No,No,No,Yes,No,One year,Yes,Bank transfer (automatic),94.64,4156.54,No
5190-VAIGX,Female,0,No,No,57,No,No phone service,DSL,Yes,Yes,No,No,No,Yes,Two year,Yes,Bank transfer (automatic),66.57,3810.2,No
1505-YAUQX,Male,0,No,No,60,Yes,No,DSL,Yes,No,Yes,No,Yes,No,Two year,Yes,Mailed check,67.71,4050.0,No
1359-YGBUG,Male,0,Yes,Yes,20,Yes,No,DSL,Yes,No,Yes,Yes,Yes,Yes,Month-to-month,Yes,Credit card (automatic),78.11,1584.42,No
3192-HNJTR,Female,0,No,No,2,Yes,Yes,Fiber optic,Yes,No,Yes,No,Yes,Yes,Month-to-month,Yes,Mailed check,106.11,242.87,Yes
4773-HCKYD,Female,0,Yes,No,10,Yes,Yes,Fiber optic,No,No,No,Yes,No,Yes,One year,Yes,Electronic check,92.73,882.41,Yes
6823-MHWTV,Male,0,Yes,Yes,4,Yes,Yes,DSL,No,Yes,Yes,No,Yes,Yes,Month-to-month,No,Electronic check,72.62,303.76,No
7391-HTFLT,Male,0,No,No,47,Yes,No,Fiber optic,Yes,Yes,Yes,No,Yes,Yes,One year,Yes,Mailed check,113.75,5351.23,No
7160-AGHZT,Male,0,No,No,59,Yes,No,No,No internet service,No internet service,No internet service,No internet service,No internet service,No internet service,Month-to-month,No,Mailed check,24.6,1442.54,No
1426-QKNAM,Male,0,Yes,Yes,7,Yes,No,DSL,No,No,No,Yes,No,Yes,Two year,Yes,Electronic check,63.22,455.88,No
5653-YELBL,Male,1,No,No,56,Yes,No,DSL,Yes,No,No,No,Yes,No,Two year,Yes,Credit card (automatic),67.59,3798.57,No
3204-KUDOZ,Male,0,No,No,48,Yes,Yes,DSL,No,No,Yes,No,Yes,No,One year,Yes,Mailed check,61.46,2957.89,No
4833-VMNIK,Female,1,No,No,55,Yes,Yes,DSL,Yes,Yes,No,No,No,Yes,Month-to-month,No,Electronic check,67.34,3711.78,No
9796-UOADY,Female,0,Yes,Yes,17,Yes,No,Fiber optic,No,No,No,No,No,No,Month-to-month,Yes,Credit card (automatic),82.95,1459.67,No
5398-WQWBM,Female,0,No,No,9,Yes,No,Fiber optic,No,Yes,No,No,No,Yes,Month-to-month,Yes,Mailed check,93.88,849.9,No
1978-UIXCV,Female,0,No,No,0,Yes,Yes,No,No internet service,No internet service,No internet service,No internet service,No internet service,No internet service,Month-to-month,Yes,Electronic check,29.59,17.8,Yes
3348-VNXGR,Male,0,Yes,Yes,6,No,No phone service,Fiber optic,No,No,Yes,Yes,No,Yes,Two year,Yes,Bank transfer (automatic),93.91,567.2,No
6432-YMZDV,Female,0,Yes,Yes,3,Yes,No,Fiber optic,No,No,Yes,No,Yes,Yes,Month-to-month,Yes,Electronic check,100.58,318.14,Yes
7365-LMGBN,Male,0,Yes,Yes,57,Yes,No,No,No internet service,No internet service,No internet service,No internet service,No internet service,No internet service,Month-to-month,Yes,Electronic check,22.86,1280.81,Yes
4563-VTLIP,Female,0,No,No,3,Yes,Yes,Fiber optic,No,No,No,No,Yes,No,One year,Yes,Mailed check,92.49,255.05,No
8632-IHWHI,Male,0,Yes,Yes,17,Yes,No,No,No internet service,No internet service,No internet service,No internet service,No internet service,No internet service,Month-to-month,Yes,Electronic check,29.92,482.53,No
8391-AUHFZ,Male,0,Yes,Yes,22,Yes,Yes,Fiber optic,No,Yes,Yes,No,No,No,Month-to-month,No,Electronic check,86.64,1931.04,Yes
7848-LSUYM,Male,0,Yes,No,7,Yes,No,Fiber optic,No,No,No,Yes,No,No,Month-to-month,Yes,Bank transfer (automatic),80.65,556.22,Yes
4850-ETIIR,Female,0,Yes,No,2,Yes,No,No,No internet service,No internet service,No internet service,No internet service,No internet service,No internet service,Month-to-month,No,Electronic check,25.88,27.82,Yes
6679-VELDX,Female,0,No,No,69,Yes,Yes,DSL,No,Yes,No,No,Yes,No,Month-to-month,Yes,Mailed check,62.99,4368.46,No
6520-TACXE,Female,0,No,No,19,Yes,No,DSL,Yes,No,No,No,No,Yes,Month-to-month,No,Mailed check,58.85,1152.88,No
4546-DWLEZ,Male,0,No,No,63,Yes,No,Fiber optic,Yes,No,No,No,No,No,Month-to-month,Yes,Electronic check,85.8,5380.75,No
3902-NRCHQ,Female,1,No,No,16,Yes,No,DSL,Yes,Yes,No,No,No,No,Month-to-month,Yes,Credit card (automatic),60.48,981.3,No
5853-HQBTY,Female,0,Yes,No,39,No,No phone service,DSL,No,No,No,No,No,No,Month-to-month,Yes,Mailed check,47.09,1827.14,No
2193-EYEJS,Male,0,No,No,58,Yes,No,DSL,No,No,No,No,Yes,No,One year,No,Bank transfer (automatic),55.77,3257.0,No
2539-AGPFS,Female,0,No,Yes,15,Yes,No,No,No internet service,No internet service,No internet service,No internet service,No internet service,No internet service,Month-to-month,No,Mailed check,27.13,368.11,No
1776-SJYSN,Female,0,Yes,Yes,11,Yes,No,Fiber optic,No,Yes,No,No,No,Yes,Month-to-month,Yes,Electronic check,102.2,1146.97,Yes
7015-YOTRE,Female,1,Yes,Yes,1,Yes,Yes,Fiber optic,No,No,No,No,No,No,Month-to-month,No,Electronic check,79.36,79.7,Yes
5486-FVUKD,Female,0,No,No,52,Yes,No,No,No internet service,No internet service,No internet service,No internet service,No internet service,No internet service,Month-to-month,No,Mailed check,25.72,1341.67,No
9210-BIDPI,Female,0,Yes,No,2,No,No phone service,Fiber optic,No,Yes,No,Yes,Yes,No,Month-to-month,Yes,Credit card (automatic),93.17,187.02,No
4438-VLEGY,Female,0,No,No,71,Yes,Yes,Fiber optic,No,No,No,No,Yes,No,Two year,Yes,Credit card (automatic),89.65,6341.58,No
8062-BVCWE,Female,0,No,No,61,Yes,No,No,No internet service,No internet service,No internet service,No internet service,No internet service,No internet service,Month-to-month,Yes,Credit card (automatic),28.02,1676.47,No
1351-HQWYX,Male,0,Yes,Yes,15,Yes,No,DSL,No,No,No,No,Yes,Yes,Month-to-month,No,Mailed check,68.47,1000.7,No
4182-UYOWX,Female,0,Yes,No,22,Yes,No,DSL,No,Yes,No,No,Yes,Yes,One year,Yes,Bank transfer (automatic),71.7,1624.82,No
2367-VRBYV,Male,0,No,No,9,Yes,Yes,Fiber optic,Yes,Yes,No,Yes,Yes,No,Two year,Yes,Mailed check,107.26,944.62,No
3236-GXIUO,Male,0,No,No,15,Yes,No,Fiber optic,No,No,No,No,No,No,Month-to-month,Yes,Bank transfer (automatic),80.79,1206.96,Yes
9028-IPHPW,Female,0,No,No,16,Yes,Yes,DSL,Yes,No,No,No,No,Yes,Two year,Yes,Mailed check,63.91,1026.93,No
6726-BHPWN,Male,0,Yes,No,21,Yes,No,DSL,No,Yes,Yes,No,No,No,One year,No,Credit card (automatic),62.24,1303.19,No
7011-LVAHO,Female,0,Yes,Yes,9,Yes,Yes,No,No internet service,No internet service,No internet service,No internet service,No internet service,No internet service,Month-to-month,No,Electronic check,27.77,271.2,Yes
8224-RYOVU,Male,0,No,No,17,Yes,No,No,No internet service,No internet service,No internet service,No internet service,No internet service,No internet service,Month-to-month,No,Electronic check,26.42,492.07,No
1952-HATHG,Male,0,No,No,66,Yes,No,DSL,No,Yes,No,No,No,No,Month-to-month,Yes,Electronic check,53.52,3550.26,No
6273-OZLCV,Male,0,No,Yes,17,Yes,Yes,DSL,No,Yes,Yes,No,No,No,Month-to-month,Yes,Mailed check,59.91,1054.73,No
2727-UOGBZ,Female,0,Yes,Yes,63,Yes,No,DSL,No,Yes,No,No,Yes,Yes,Two year,No,Electronic check,73.86,4628.47,No
2730-KIZFD,Female,0,Yes,Yes,5,Yes,No,Fiber optic,Yes,No,Yes,Yes,No,Yes,Month-to-month,Yes,Bank transfer (automatic),105.21,536.08,Yes
6449-WQMIQ,Female,0,No,Yes,3,Yes,Yes,No,No internet service,No internet service,No internet service,No internet service,No internet service,No internet service,Month-to-month,Yes,Bank transfer (automatic),29.69,96.66,Yes
9583-OZRNV,Female,0,Yes,Yes,71,Yes,No,DSL,No,No,No,No,No,No,One year,Yes,Electronic check,49.74,3525.09,No
9816-MWHGZ,Male,0,No,No,72,Yes,Yes,No,No internet service,No internet service,No internet service,No internet service,No internet service,No internet service,Month-to-month,Yes,Electronic check,27.89,2017.41,No
5710-IDYHT,Female,0,Yes,Yes,33,Yes,No,DSL,No,Yes,Yes,Yes,No,Yes,Two year,Yes,Mailed check,76.29,2509.74,No
3245-EFSTS,Female,0,No,No,65,Yes,No,Fiber optic,No,No,Yes,Yes,No,No,Month-to-month,No,Electronic check,87.29,5670.42,No
2216-REXIP,Female,0,Yes,No,25,Yes,Yes,No,No internet service,No internet service,No internet service,No internet service,No internet service,No internet service,Month-to-month,Yes,Electronic check,25.64,623.43,Yes
2455-IATSL,Male,0,No,Yes,72,Yes,No,Fiber optic,No,No,No,No,Yes,No,Month-to-month,No,Bank transfer (automatic),87.49,6341.84,No
9437-CHHKO,Female,0,No,No,3,Yes,No,No,No internet service,No internet service,No internet service,No internet service,No internet service,No internet service,Month-to-month,Yes,Bank transfer (automatic),24.66,72.88,Yes
6150-XKQYY,Male,0,No,No,10,No,No phone service,Fiber optic,No,Yes,No,No,Yes,Yes,Month-to-month,Yes,Bank transfer (automatic),102.51,1012.84,Yes
8327-AXMPL,Female,1,No,No,11,Yes,No,DSL,No,Yes,Yes,Yes,Yes,No,One year,Yes,Electronic check,82.08,890.97,No
9117-SJBPJ,Male,0,Yes,No,1,Yes,Yes,No,No internet service,No internet service,No internet service,No internet service,No internet service,No internet service,Month-to-month,No,Electronic check,25.99,74.2,Yes
6082-MHJEW,Male,0,Yes,No,22,Yes,No,No,No internet service,No internet service,No internet service,No internet service,No internet service,No internet service,One year,No,Mailed check,25.17,537.13,No
1876-EYCAW,Male,1,No,No,72,Yes,No,Fiber optic,No,No,Yes,No,No,No,Month-to-month,Yes,Electronic check,80.61,5818.88,Yes
6691-RLBDB,Male,0,Yes,No,55,Yes,Yes,Fiber optic,No,No,No,Yes,No,No,Month-to-month,Yes,Bank transfer (automatic),89.07,4921.23,No
3324-ZSPPC,Female,0,No,No,10,Yes,No,Fiber optic,No,No,Yes,No,No,No,Month-to-month,Yes,Credit card (automatic),84.9,825.99,Yes
2392-KJBCK,Male,0,No,No,12,Yes,Yes,Fiber optic,Yes,No,Yes,No,No,Yes,Month-to-month,Yes,Electronic check,101.66,1221.03,No
1316-DHAAN,Female,0,Yes,No,20,Yes,No,DSL,Yes,No,No,No,No,No,Month-to-month,Yes,Bank transfer (automatic),57.2,1152.32,No
1802-JTJMG,Male,1,No,No,63,Yes,No,No,No internet service,No internet service,No internet service,No internet service,No internet service,No internet service,Month-to-month,No,Bank transfer (automatic),22.9,1427.32,No
4359-LXYGQ,Male,0,No,No,0,No,No phone service,Fiber optic,Yes,Yes,No,Yes,No,No,Month-to-month,Yes,Electronic check,95.42,0.0,Yes
2019-VMBYO,Female,0,Yes,Yes,72,Yes,Yes,Fiber optic,Yes,No,Yes,No,No,Yes,Month-to-month,Yes,Credit card (automatic),91.32,6586.6,No
1853-JAIDV,Female,0,Yes,Yes,4,Yes,No,Fiber optic,Yes,No,No,No,No,No,Month-to-month,Yes,Mailed check,87.29,332.72,Yes
2800-XAWFD,Male,0,Yes,Yes,32,Yes,Yes,No,No internet service,No internet service,No internet service,No internet service,No internet service,No internet service,Two year,No,Credit card (automatic),26.71,824.91,No
7322-MLGIN,Female,0,Yes,Yes,69,Yes,No,Fiber optic,No,Yes,No,No,Yes,Yes,Month-to-month,Yes,Mailed check,103.07,7132.0,No
8759-HJWUW,Female,1,No,No,50,Yes,Yes,Fiber optic,No,No,No,No,Yes,Yes,One year,No,Bank transfer (automatic),95.04,4769.6,No
6781-XLDBH,Female,0,Yes,Yes,23,Yes,No,DSL,Yes,Yes,Yes,No,No,No,Month-to-month,Yes,Electronic check,64.92,1505.89,No
5401-NQIOI,Female,0,No,Yes,3,Yes,No,DSL,No,No,Yes,No,No,Yes,Month-to-month,No,Electronic check,68.27,195.78,Yes
5338-XGXXT,Female,0,No,No,32,No,No phone service,DSL,Yes,No,Yes,No,No,Yes,Month-to-month,No,Electronic check,68.7,2178.84,No
8632-KQGRG,Male,0,Yes,Yes,6,Yes,No,DSL,No,No,No,Yes,No,Yes,One year,Yes,Electronic check,65.22,395.95,No
8684-DYINU,Male,1,Yes,Yes,66,Yes,Yes,DSL,No,Yes,Yes,No,No,No,One year,Yes,Electronic check,59.06,3880.58,No
9709-MXYJP,Male,0,Yes,No,7,Yes,No,Fiber optic,No,No,No,No,No,No,Month-to-month,Yes,Bank transfer (automatic),80.71,530.74,Yes
7875-VHANZ,Female,1,No,No,43,Yes,Yes,DSL,Yes,Yes,No,No,No,No,Two year,No,Bank transfer (automatic),62.34,2670.67,No
4426-IUDJI,Female,0,Yes,Yes,24,Yes,No,DSL,Yes,No,No,No,No,Yes,One year,Yes,Bank transfer (automatic),57.73,1397.19,No
7017-ISQHJ,Female,0,No,No,12,Yes,No,Fiber optic,No,No,Yes,No,Yes,Yes,Two year,Yes,Credit card (automatic),97.55,1170.22,No
2892-CUEIG,Male,0,No,No,61,Yes,No,Fiber optic,No,No,Yes,Yes,No,No,Two year,No,Credit card (automatic),90.34,5502.02,No
5041-ACXSR,Female,0,Yes,No,51,Yes,No,DSL,No,No,No,No,Yes,No,Two year,No,Electronic check,63.21,3224.58,No
4378-ADPHA,Male,0,Yes,Yes,61,Yes,No,No,No internet service,No internet service,No internet service,No internet service,No internet service,No internet service,Month-to-month,Yes,Electronic check,26.6,1612.01,No
2646-SIRZF,Female,0,Yes,Yes,34,Yes,Yes,Fiber optic,No,No,Yes,No,No,No,Month-to-month,Yes,Mailed check,79.96,2704.77,Yes
4771-LKVXO,Male,0,No,No,22,Yes,Yes,DSL,Yes,Yes,Yes,Yes,No,No,Two year,Yes,Mailed check,72.31,1618.66,No
8744-HDPZH,Male,1,Yes,Yes,12,Yes,Yes,DSL,No,No,No,Yes,No,Yes,Two year,Yes,Mailed check,68.83,817.5,No
1443-TYXTI,Female,0,Yes,Yes,3,Yes,No,DSL,No,No,Yes,Yes,Yes,No,One year,No,Electronic check,64.97,233.37,No
5427-WMAMS,Female,0,No,No,60,Yes,No,No,No internet service,No internet service,No internet service,No internet service,No internet service,No internet service,Month-to-month,No,Credit card (automatic),26.23,1564.8,No
2887-PBSDS,Female,0,No,Yes,22,Yes,No,Fiber optic,No,No,No,No,Yes,No,One year,Yes,Mailed check,83.2,1827.63,No
4932-RDNBI,Male,0,No,No,4,Yes,Yes,No,No internet service,No internet service,No internet service,No internet service,No internet service,No internet service,Month-to-month,Yes,Electronic check,23.19,115.53,Yes
4196-EINIK,Female,1,Yes,No,21,Yes,No,No,No internet service,No internet service,No internet service,No internet service,No internet service,No internet service,One year,Yes,Credit card (automatic),22.88,468.37,No
5191-MNWUF,Male,0,Yes,No,5,Yes,Yes,No,No internet service,No internet service,No internet service,No internet service,No internet service,No internet service,One year,Yes,Bank transfer (automatic),29.92,135.52,No
5643-LNGPR,Male,0,No,Yes,6,Yes,No,No,No internet service,No internet service,No internet service,No internet service,No internet service,No internet service,Month-to-month,Yes,Mailed check,18.52,92.78,No
1324-CVZBA,Male,0,No,No,60,Yes,Yes,DSL,No,No,No,No,No,No,One year,No,Electronic check,51.14,3029.21,No
6225-FTZDF,Male,0,Yes,Yes,16,Yes,No,DSL,Yes,Yes,No,Yes,No,No,One year,Yes,Credit card (automatic),64.48,1068.93,No
6031-LFBYC,Female,0,No,Yes,0,Yes,No,No,No internet service,No internet service,No internet service,No internet service,No internet service,No internet service,One year,No,Electronic check,25.37,3.4,No
9759-CMZYL,Male,0,No,No,64,Yes,Yes,DSL,No,No,No,No,No,No,One year,Yes,Credit card (automatic),47.35,3011.6,No
6538-JGXCL,Male,1,Yes,No,72,Yes,Yes,DSL,No,No,Yes,No,No,No,Month-to-month,No,Mailed check,52.67,3819.01,No
5556-JLCMM,Female,0,No,Yes,70,Yes,Yes,Fiber optic,No,No,Yes,No,Yes,No,Month-to-month,Yes,Electronic check,95.93,6683.7,No
1176-QLQCC,Male,0,No,No,30,Yes,Yes,No,No internet service,No internet service,No internet service,No internet service,No internet service,No internet service,Month-to-month,No,Mailed check,30.46,927.19,No
6713-GPCBI,Male,0,No,No,2,Yes,No,Fiber optic,Yes,Yes,No,No,No,Yes,Month-to-month,No,Bank transfer (automatic),95.18,140.36,Yes
1943-OJBZG,Male,0,No,No,69,Yes,No,Fiber optic,No,No,Yes,Yes,Yes,Yes,Month-to-month,No,Mailed check,106.86,7374.53,No
5623-BTSJV,Female,0,No,No,3,Yes,No,DSL,Yes,Yes,Yes,No,Yes,Yes,Month-to-month,No,Electronic check,81.05,223.66,Yes
3570-DCYON,Male,0,No,No,46,Yes,No,Fiber optic,No,No,Yes,Yes,Yes,No,Two year,No,Mailed check,94.08,4309.08,No
9793-ZEXEY,Male,1,No,No,19,Yes,No,No,No internet service,No internet service,No internet service,No internet service,No internet service,No internet service,Month-to-month,Yes,Mailed check,28.75,586.55,No
5295-VSUOD,Female,0,No,Yes,12,Yes,Yes,DSL,No,No,No,No,Yes,No,One year,Yes,Bank transfer (automatic),62.18,759.47,No
4424-MYFON,Male,0,No,No,2,Yes,Yes,Fiber optic,Yes,Yes,No,Yes,No,No,Month-to-month,Yes,Credit card (automatic),96.86,189.58,Yes
3420-TAXYG,Female,0,Yes,Yes,15,Yes,Yes,No,No internet service,No internet service,No internet service,No internet service,No internet service,No internet service,Month-to-month,No,Electronic check,18.25,256.48,Yes
7489-OLOVT,Female,0,No,No,61,Yes,No,No,No internet service,No internet service,No internet service,No internet service,No internet service,No internet service,Month-to-month,Yes,Mailed check,22.09,1372.54,No
3713-XTBOV,Male,0,No,No,72,Yes,No,Fiber optic,Yes,No,No,No,Yes,No,Two year,No,Bank transfer (automatic),97.53,7053.48,No
5671-ZIVFK,Male,0,No,No,52,Yes,No,Fiber optic,Yes,No,Yes,Yes,Yes,Yes,Month-to-month,Yes,Credit card (automatic),103.69,5431.26,No
5414-ONQZI,Male,0,No,No,1,Yes,Yes,DSL,Yes,No,Yes,Yes,Yes,No,Two year,Yes,Credit card (automatic),76.74,107.31,No
3315-LUROO,Female,0,No,Yes,2,Yes,No,DSL,Yes,No,Yes,No,Yes,Yes,Two year,Yes,Electronic check,75.74,143.29,Yes
1771-LGLTW,Male,0,No,No,24,Yes,Yes,Fiber optic,No,No,Yes,No,No,No,Month-to-month,Yes,Mailed check,80.66,1888.75,No
1669-QRKTZ,Male,1,Yes,No,9,Yes,Yes,DSL,No,No,Yes,No,No,Yes,One year,Yes,Mailed check,63.03,565.52,No
4210-YYXYR,Female,0,No,No,0,Yes,No,DSL,No,Yes,No,No,Yes,No,Month-to-month,Yes,Mailed check,62.43,0.0,Yes
6408-DYYNY,Female,0,No,No,28,No,No phone service,DSL,Yes,No,Yes,No,Yes,No,One year,Yes,Credit card (automatic),62.84,1759.03,No
5196-OUGMB,Female,0,No,No,47,No,No phone service,No,No internet service,No internet service,No internet service,No internet service,No internet service,No internet service,One year,Yes,Credit card (automatic),18.25,837.55,No
2050-ANDOK,Male,0,Yes,No,58,Yes,Yes,DSL,No,Yes,No,No,No,No,One year,Yes,Credit card (automatic),60.13,3439.64,No
5464-TAEUC,Female,0,Yes,No,8,Yes,No,Fiber optic,Yes,No,No,No,No,No,Month-to-month,Yes,Electronic check,86.55,686.5,Yes
9200-TFULV,Female,0,No,No,72,Yes,No,Fiber optic,No,Yes,No,Yes,No,No,Month-to-month,Yes,Bank transfer (automatic),94.33,6775.05,No
8992-XJBDC,Male,1,Yes,No,62,Yes,No,Fiber optic,No,No,Yes,No,No,Yes,Two year,No,Mailed check,93.94,5807.34,No
9793-ETJZN,Female,0,Yes,No,27,Yes,No,Fiber optic,Yes,Yes,No,Yes,No,Yes,One year,Yes,Electronic check,100.39,2694.12,No
2175-JKCBL,Female,1,No,No,56,Yes,No,Fiber optic,No,No,No,No,Yes,No,Month-to-month,Yes,Bank transfer (automatic),93.18,5216.38,No
4826-FMEJT,Male,0,Yes,No,65,Yes,Yes,No,No internet service,No internet service,No internet service,No internet service,No internet service,No internet service,Month-to-month,Yes,Bank transfer (automatic),24.0,1607.02,No
4029-BAFWQ,Female,0,Yes,No,2,Yes,Yes,Fiber optic,Yes,No,Yes,No,No,No,Month-to-month,No,Mailed check,88.89,148.58,Yes
1547-BPIGG,Male,0,No,No,15,Yes,Yes,Fiber optic,No,Yes,No,No,No,Yes,Month-to-month,No,Bank transfer (automatic),91.47,1346.04,Yes
3677-NDVYH,Female,0,Yes,No,37,Yes,No,No,No internet service,No internet service,No internet service,No internet service,No internet service,No internet service,Month-to-month,Yes,Credit card (automatic),28.61,1040.25,Yes
7066-NWGQL,Male,0,No,No,18,Yes,Yes,Fiber optic,No,No,Yes,No,No,No,Month-to-month,Yes,Electronic check,84.5,1555.53,Yes
1269-WMIRI,Male,0,No,No,18,Yes,No,No,No internet service,No internet service,No internet service,No internet service,No internet service,No internet service,Month-to-month,No,Electronic check,24.85,434.86,Yes
1870-GAMVO,Male,0,No,No,3,Yes,No,Fiber optic,No,No,No,Yes,No,No,Two year,Yes,Electronic check,90.08,267.17,Yes
9259-QNEOE,Male,0,No,No,14,Yes,Yes,Fiber optic,No,No,Yes,Yes,Yes,Yes,Month-to-month,No,Electronic check,116.67,1612.09,No
6635-NOZRP,Male,1,No,Yes,68,Yes,No,DSL,Yes,Yes,No,Yes,No,No,Two year,Yes,Mailed check,62.38,4226.28,No
6683-XNVDF,Female,0,No,No,19,Yes,Yes,No,No internet service,No internet service,No internet service,No internet service,No internet service,No internet service,One year,Yes,Mailed check,26.12,506.53,No
6781-TGSWR,Male,0,Yes,No,3,No,No phone service,Fiber optic,Yes,No,Yes,Yes,No,No,Two year,Yes,Electronic check,87.66,254.03,Yes
6935-IEDYQ,Male,0,No,No,13,Yes,No,Fiber optic,No,No,No,No,Yes,No,Month-to-month,Yes,Mailed check,85.3,1121.16,Yes
6152-RTEKQ,Male,0,No,No,66,Yes,Yes,DSL,No,No,No,No,Yes,No,Month-to-month,Yes,Electronic check,49.38,3235.14,No
4575-RJJCC,Female,1,Yes,Yes,13,No,No phone service,No,No internet service,No internet service,No internet service,No internet service,No internet service,No internet service,Two year,Yes,Electronic check,23.1,328.95,No
6909-CERUA,Male,0,Yes,Yes,72,Yes,Yes,Fiber optic,Yes,No,No,No,No,Yes,One year,No,Mailed check,92.26,6648.49,No
8528-VWJVU,Female,0,No,No,56,Yes,Yes,DSL,No,No,Yes,No,No,No,Month-to-month,Yes,Electronic check,56.44,3164.45,No
2151-SZYIN,Male,0,Yes,No,7,Yes,Yes,DSL,Yes,No,No,Yes,No,Yes,Month-to-month,Yes,Credit card (automatic),71.51,525.47,Yes
5932-PDSDI,Female,0,Yes,Yes,5,Yes,Yes,Fiber optic,Yes,No,No,No,Yes,No,Month-to-month,No,Electronic check,91.46,441.49,No
8944-OQGDH,Female,0,Yes,No,72,Yes,Yes,Fiber optic,No,No,Yes,No,No,No,One year,No,Bank transfer (automatic),85.27,6137.59,No
9025-KJPRY,Female,0,Yes,Yes,1,Yes,Yes,Fiber optic,No,No,No,No,No,No,Month-to-month,Yes,Electronic check,80.74,87.27,Yes
6667-LEQSV,Female,1,No,No,13,Yes,No,DSL,No,No,Yes,No,No,No,Month-to-month,No,Bank transfer (automatic),59.33,771.71,Yes
4264-BMKCO,Female,0,Yes,Yes,2,Yes,Yes,Fiber optic,No,Yes,Yes,No,Yes,No,Month-to-month,No,Electronic check,92.15,234.3,Yes
8488-UUSOH,Male,1,Yes,Yes,28,No,No phone service,Fiber optic,Yes,No,No,No,No,No,One year,Yes,Mailed check,81.46,2254.5,No
4770-JXNZW,Female,0,No,No,1,Yes,No,DSL,Yes,Yes,No,Yes,No,Yes,One year,Yes,Electronic check,66.17,93.82,No
8053-PQYRS,Male,0,Yes,No,16,Yes,Yes,DSL,Yes,Yes,No,No,No,Yes,Two year,Yes,Credit card (automatic),72.27,1142.98,No
3966-AWOGR,Male,0,No,No,2,Yes,Yes,DSL,No,Yes,No,No,No,Yes,Month-to-month,No,Electronic check,66.75,107.98,Yes
2198-FPVOX,Female,0,No,No,5,Yes,Yes,Fiber optic,No,No,No,No,Yes,Yes,Two year,No,Electronic check,90.61,481.43,Yes
2445-OXXTN,Female,0,Yes,Yes,11,Yes,Yes,DSL,No,Yes,Yes,No,No,Yes,One year,Yes,Credit card (automatic),65.82,699.3,No
4339-UPBVC,Male,0,Yes,No,62,Yes,No,DSL,Yes,No,Yes,No,No,Yes,Month-to-month,No,Bank transfer (automatic),66.84,4128.92,No
2117-FDWTR,Female,0,Yes,No,41,Yes,No,Fiber optic,No,No,No,No,No,No,Two year,No,Electronic check,81.66,3337.13,Yes
6257-PEQBI,Female,0,No,No,2,Yes,No,No,No internet service,No internet service,No internet service,No internet service,No internet service,No internet service,Month-to-month,No,Bank transfer (automatic),28.09,71.32,Yes
1259-ZZJBS,Female,0,No,No,35,Yes,No,Fiber optic,Yes,Yes,No,No,No,Yes,Two year,No,Bank transfer (automatic),102.78,3607.9,No
1328-GKXYA,Female,0,No,No,8,No,No phone service,DSL,Yes,No,Yes,No,No,Yes,Month-to-month,Yes,Credit card (automatic),57.99,467.66,Yes
2376-IGCVE,Male,0,No,No,34,Yes,No,DSL,Yes,No,Yes,No,No,Yes,Month-to-month,Yes,Electronic check,65.55,2226.27,No
8741-AIPBY,Female,0,No,No,5,Yes,Yes,DSL,Yes,No,No,Yes,No,No,Month-to-month,No,Mailed check,55.91,294.33,Yes
6245-JFROR,Male,0,No,No,51,Yes,Yes,Fiber optic,No,No,No,No,No,No,Month-to-month,Yes,Electronic check,81.91,4154.28,Yes
7966-JICQZ,Female,1,No,No,23,Yes,Yes,No,No internet service,No internet service,No internet service,No internet service,No internet service,No internet service,Two year,No,Electronic check,26.34,593.4,No
5260-DGTGB,Female,0,No,No,1,Yes,No,Fiber optic,Yes,No,Yes,Yes,No,No,Month-to-month,No,Mailed check,92.97,105.49,Yes
6688-OPOLA,Female,0,Yes,Yes,20,Yes,Yes,Fiber optic,Yes,No,No,No,No,No,Two year,No,Credit card (automatic),84.19,1699.31,Yes
8552-ZHMYB,Male,0,Yes,Yes,0,Yes,Yes,Fiber optic,No,No,Yes,No,No,No,Month-to-month,Yes,Bank transfer (automatic),82.86,0.0,Yes
4488-WHAVN,Male,0,Yes,Yes,14,Yes,Yes,DSL,No,Yes,No,No,No,No,Month-to-month,Yes,Credit card (automatic),60.26,879.03,Yes
4493-FGGRE,Male,1,Yes,No,72,Yes,No,Fiber optic,No,No,No,Yes,No,No,Two year,No,Mailed check,87.37,6326.04,No
9175-DDRXN,Male,0,No,No,68,Yes,Yes,Fiber optic,Yes,No,No,No,Yes,No,Month-to-month,No,Mailed check,97.95,6660.82,Yes
8367-OEGJI,Male,1,No,No,21,Yes,Yes,No,No internet service,No internet service,No internet service,No internet service,No internet service,No internet service,Month-to-month,Yes,Bank transfer (automatic),23.88,494.49,No
8319-EBXZA,Male,1,Yes,Yes,5,Yes,No,No,No internet service,No internet service,No internet service,No internet service,No internet service,No internet service,One year,Yes,Mailed check,28.07,139.03,Yes
3519-FJCGU,Female,0,No,No,66,Yes,No,Fiber optic,No,Yes,No,Yes,Yes,No,Two year,No,Bank transfer (automatic),91.44,6020.72,No
9337-XTOIQ,Male,0,Yes,No,72,Yes,Yes,DSL,No,No,No,Yes,Yes,Yes,Two year,Yes,Mailed check,67.93,4919.83,No
3947-JQLTK,Female,0,Yes,Yes,57,Yes,No,Fiber optic,No,Yes,No,No,No,Yes,Two year,Yes,Mailed check,92.8,5289.19,No
6999-KKGLK,Male,0,No,No,43,Yes,No,DSL,No,No,No,No,Yes,No,Month-to-month,Yes,Electronic check,60.8,2610.96,Yes
4927-MNDLF,Female,0,No,No,6,Yes,Yes,DSL,No,No,Yes,Yes,No,Yes,Month-to-month,No,Electronic check,63.78,426.07,Yes
4410-FGODL,Female,0,Yes,No,66,Yes,No,DSL,No,Yes,No,No,No,Yes,One year,No,Electronic check,52.31,3445.58,No
6031-BUXKE,Male,0,Yes,No,68,Yes,Yes,Fiber optic,No,No,Yes,No,Yes,Yes,Month-to-month,Yes,Mailed check,99.11,6756.67,Yes
3046-YRAJS,Female,0,Yes,No,14,No,No phone service,DSL,No,No,No,No,Yes,No,Month-to-month,No,Bank transfer (automatic),56.6,800.41,No
7825-YAGTI,Female,1,No,No,25,Yes,Yes,Fiber optic,No,No,Yes,No,Yes,No,One year,No,Electronic check,94.9,2370.41,No
5319-BNJMH,Male,0,Yes,No,1,Yes,No,Fiber optic,No,No,Yes,Yes,Yes,No,Two year,Yes,Mailed check,96.25,125.88,No
8537-ONMHL,Male,0,No,Yes,12,Yes,Yes,DSL,No,No,No,No,No,No,Month-to-month,Yes,Electronic check,57.2,657.08,Yes
9152-HQKRT,Female,0,Yes,Yes,2,Yes,Yes,Fiber optic,No,No,No,Yes,No,Yes,Month-to-month,Yes,Credit card (automatic),96.09,182.61,Yes
8253-EXPPV,Male,0,No,Yes,21,Yes,Yes,Fiber optic,Yes,Yes,Yes,No,Yes,Yes,Month-to-month,Yes,Mailed check,110.78,2304.1,No
7513-YEKUQ,Female,0,Yes,No,1,Yes,No,DSL,Yes,No,No,No,Yes,No,Month-to-month,No,Electronic check,68.4,43.33,Yes
2383-ISCIU,Female,0,Yes,No,16,Yes,No,Fiber optic,No,No,No,No,No,Yes,Month-to-month,Yes,Bank transfer (automatic),87.62,1421.89,Yes
8559-UNNQT,Male,0,Yes,Yes,5,Yes,Yes,DSL,No,No,No,No,Yes,Yes,One year,Yes,Mailed check,67.85,359.45,No
7482-PREEZ,Female,0,No,No,59,Yes,No,Fiber optic,No,Yes,Yes,No,Yes,Yes,Month-to-month,Yes,Bank transfer (automatic),100.69,5922.24,No
5230-EVAXH,Female,0,No,Yes,8,Yes,No,Fiber optic,Yes,No,Yes,No,No,No,Two year,No,Electronic check,90.12,734.87,No
4136-MTUAY,Female,0,Yes,Yes,3,Yes,No,Fiber optic,No,No,No,No,No,Yes,Month-to-month,No,Electronic check,90.82,307.32,No
2185-AKSGI,Male,0,No,No,14,Yes,No,No,No internet service,No internet service,No internet service,No internet service,No internet service,No internet service,One year,Yes,Mailed check,20.6,297.37,Yes
5791-TQKUC,Female,0,Yes,Yes,5,Yes,Yes,Fiber optic,Yes,Yes,Yes,No,Yes,Yes,Month-to-month,Yes,Electronic check,107.92,525.71,Yes
3730-SOIDH,Female,0,Yes,Yes,30,Yes,No,Fiber optic,Yes,Yes,No,No,No,No,One year,Yes,Electronic check,91.26,2737.88,No
2886-QGLWD,Male,1,No,Yes,23,Yes,No,No,No internet service,No internet service,No internet service,No internet service,No internet service,No internet service,Two year,Yes,Mailed check,26.85,597.01,No
2434-YSGEM,Female,0,Yes,No,63,Yes,Yes,Fiber optic,No,Yes,No,No,No,No,One year,Yes,Bank transfer (automatic),80.87,5100.77,No
5450-PGKCI,Male,0,Yes,Yes,38,Yes,Yes,Fiber optic,No,No,No,No,Yes,Yes,Month-to-month,Yes,Bank transfer (automatic),104.5,3986.04,Yes
5022-WYLIS,Male,1,Yes,No,12,Yes,No,DSL,Yes,Yes,No,No,No,No,One year,Yes,Credit card (automatic),54.87,618.88,No
3394-IJOPI,Male,0,No,No,6,No,No phone service,Fiber optic,Yes,Yes,No,No,No,No,Month-to-month,Yes,Credit card (automatic),81.29,497.57,No
3318-DZVBO,Female,0,No,No,24,Yes,Yes,DSL,No,No,Yes,No,No,No,One year,No,Credit card (automatic),53.11,1296.22,No
4414-BIHUT,Male,0,No,No,17,Yes,Yes,DSL,Yes,No,Yes,No,No,Yes,Month-to-month,No,Mailed check,69.87,1144.75,No
7524-STRLQ,Female,1,No,No,35,Yes,Yes,Fiber optic,No,No,No,No,No,Yes,Month-to-month,Yes,Mailed check,86.98,3055.04,Yes
4705-CSZCK,Male,0,No,No,30,Yes,Yes,Fiber optic,Yes,Yes,No,Yes,No,Yes,One year,Yes,Electronic check,95.07,2873.46,No
1300-XOTUC,Male,0,Yes,Yes,0,Yes,No,Fiber optic,No,Yes,No,Yes,No,No,One year,No,Electronic check,92.54,50.0,No
7654-KQFHB,Male,0,No,No,10,Yes,No,DSL,Yes,No,No,No,No,No,One year,No,Bank transfer (automatic),54.89,534.97,No
2672-YRDUC,Female,0,No,Yes,26,Yes,No,DSL,No,Yes,No,No,No,No,Month-to-month,Yes,Credit card (automatic),55.26,1416.16,Yes
1969-XMBOO,Female,1,Yes,No,67,Yes,Yes,No,No internet service,No internet service,No internet service,No internet service,No internet service,No internet service,Two year,No,Electronic check,23.57,1576.64,No
5266-ZOJQW,Female,0,Yes,No,35,Yes,No,Fiber optic,No,Yes,No,Yes,Yes,No,One year,No,Mailed check,101.06,3529.51,No
1387-CWZGD,Male,0,No,Yes,67,Yes,No,Fiber optic,No,No,No,No,No,Yes,Month-to-month,Yes,Credit card (automatic),91.32,6147.4,No
6786-CQWFX,Female,0,No,No,4,Yes,No,Fiber optic,No,No,No,Yes,No,No,Month-to-month,No,Bank transfer (automatic),85.26,317.87,Yes
4613-APOJV,Male,0,No,No,17,No,No phone service,No,No internet service,No internet service,No internet service,No internet service,No internet service,No internet service,Month-to-month,Yes,Electronic check,19.08,315.01,Yes
6283-OGDYY,Female,0,Yes,Yes,9,Yes,No,Fiber optic,No,Yes,No,No,No,No,Two year,Yes,Credit card (automatic),87.61,764.37,No
8168-SRYOR,Female,1,No,No,60,Yes,Yes,DSL,No,No,No,Yes,Yes,No,Month-to-month,No,Electronic check,67.14,4040.93,No
9788-ENHFZ,Female,1,No,No,72,No,No phone service,No,No internet service,No internet service,No internet service,No internet service,No internet service,No internet service,Month-to-month,Yes,Bank transfer (automatic),18.25,1316.67,No
8549-XVPUX,Female,0,Yes,No,13,Yes,Yes,Fiber optic,Yes,No,No,Yes,No,No,Two year,No,Mailed check,91.26,1179.16,No
3867-PUZYF,Male,0,No,No,56,Yes,No,Fiber optic,No,No,No,Yes,Yes,Yes,One year,Yes,Credit card (automatic),107.38,5990.82,No
9009-TUFTH,Female,0,Yes,No,59,Yes,No,No,No internet service,No internet service,No internet service,No internet service,No internet service,No internet service,One year,Yes,Electronic check,28.62,1676.73,No
6712-FHTMM,Male,0,Yes,No,8,Yes,Yes,Fiber optic,Yes,Yes,No,No,No,No,One year,No,Mailed check,91.41,747.99,No
6140-YIZPR,Male,0,No,No,3,Yes,Yes,DSL,No,No,No,No,Yes,Yes,Month-to-month,Yes,Credit card (automatic),71.64,218.01,No
5553-TIPHC,Female,0,Yes,No,38,Yes,No,Fiber optic,No,No,No,Yes,Yes,Yes,Two year,Yes,Electronic check,95.5,3612.03,No
1932-YTPOH,Female,0,No,No,2,Yes,Yes,Fiber optic,Yes,No,No,No,No,Yes,One year,Yes,Mailed check,98.23,196.32,No
6407-XFLEW,Male,1,Yes,Yes,18,Yes,Yes,Fiber optic,No,Yes,No,Yes,Yes,No,Two year,Yes,Bank transfer (automatic),96.35,1739.41,No
1641-CEWHP,Female,0,No,No,45,Yes,Yes,Fiber optic,Yes,Yes,No,No,No,No,Month-to-month,Yes,Bank transfer (automatic),93.18,4191.68,No
7938-LSGYM,Female,0,Yes,No,66,Yes,No,Fiber optic,No,Yes,No,No,No,Yes,Month-to-month,Yes,Electronic check,92.77,6106.24,Yes
8798-SHNOW,Female,1,Yes,Yes,10,Yes,No,No,No internet service,No internet service,No internet service,No internet service,No internet service,No internet service,Month-to-month,Yes,Mailed check,24.88,252.3,No
3206-CLKQL,Male,0,Yes,Yes,14,Yes,No,Fiber optic,No,No,No,No,No,No,Month-to-month,Yes,Bank transfer (automatic),76.56,1067.86,No
2055-XCBGM,Female,0,Yes,No,41,Yes,Yes,Fiber optic,No,Yes,No,Yes,No,Yes,One year,No,Bank transfer (automatic),98.98,4023.37,No
1368-VFQOZ,Female,0,Yes,Yes,65,Yes,No,DSL,No,No,No,No,Yes,Yes,Month-to-month,No,Credit card (automatic),69.68,4507.71,No
4286-VOJIC,Male,0,No,No,25,Yes,Yes,Fiber optic,No,No,No,No,Yes,No,Month-to-month,No,Electronic check,90.28,2291.04,Yes
6021-AVXAI,Female,0,Yes,No,2,Yes,No,Fiber optic,No,No,No,No,No,No,Month-to-month,Yes,Bank transfer (automatic),82.02,139.69,Yes
4770-FPHYM,Female,0,No,No,59,Yes,No,No,No internet service,No internet service,No internet service,No internet service,No internet service,No internet service,Month-to-month,Yes,Mailed check,25.98,1546.99,No
6153-LPRRX,Female,0,No,No,35,Yes,Yes,No,No internet service,No internet service,No internet service,No internet service,No internet service,No internet service,Two year,No,Electronic check,28.46,1012.9,No
8658-NWBSF,Male,0,Yes,No,51,Yes,No,Fiber optic,Yes,No,Yes,No,Yes,Yes,Month-to-month,No,Credit card (automatic),104.73,5340.92,Yes
9148-JDHUW,Female,0,Yes,No,66,Yes,No,DSL,Yes,Yes,No,No,No,Yes,Two year,No,Electronic check,60.28,3988.42,No
5905-UTRCS,Male,0,Yes,Yes,12,Yes,No,Fiber optic,No,No,No,No,No,No,Month-to-month,Yes,Mailed check,83.0,1037.18,Yes
8281-BXLPE,Male,0,No,No,27,Yes,Yes,Fiber optic,Yes,No,No,No,No,No,Month-to-month,Yes,Credit card (automatic),82.27,2229.17,Yes
5538-HRCHG,Male,0,No,No,27,Yes,Yes,No,No internet service,No internet service,No internet service,No internet service,No internet service,No internet service,Month-to-month,No,Electronic check,20.49,528.88,Yes
3363-KLOWV,Male,1,Yes,Yes,35,Yes,No,DSL,No,No,No,No,No,No,Two year,Yes,Mailed check,58.38,2022.01,No
8638-SRLSL,Male,0,Yes,Yes,60,Yes,No,Fiber optic,No,No,No,Yes,Yes,Yes,Two year,No,Credit card (automatic),102.81,6153.53,No
4943-DYYXD,Female,0,No,No,7,Yes,No,Fiber optic,No,Yes,No,Yes,Yes,No,Two year,No,Electronic check,95.78,654.65,No
5173-FXTDH,Male,0,Yes,Yes,55,Yes,Yes,Fiber optic,Yes,Yes,No,No,Yes,Yes,Month-to-month,No,Credit card (automatic),105.35,5822.54,Yes
3802-ENCBH,Female,0,No,No,60,No,No phone service,No,No internet service,No internet service,No internet service,No internet service,No internet service,No internet service,Month-to-month,Yes,Credit card (automatic),18.25,1093.51,No
2674-XZWRM,Female,0,Yes,No,1,Yes,Yes,DSL,No,No,Yes,No,Yes,Yes,One year,No,Mailed check,61.12,45.66,No
3262-YMGTW,Female,0,No,No,10,Yes,No,DSL,Yes,No,No,Yes,Yes,No,Month-to-month,Yes,Credit card (automatic),69.55,697.23,Yes
5402-SUPOU,Male,0,Yes,No,23,Yes,Yes,Fiber optic,No,No,Yes,No,No,Yes,Month-to-month,No,Electronic check,92.84,2147.9,Yes
2258-MRRGI,Female,1,Yes,Yes,6,Yes,No,DSL,No,No,No,Yes,No,Yes,One year,Yes,Credit card (automatic),70.78,437.25,No
4603-YVVPO,Female,0,No,No,4,Yes,No,DSL,Yes,Yes,No,No,No,No,Two year,Yes,Electronic check,51.94,200.29,No
2601-TMBSL,Male,0,Yes,Yes,51,Yes,No,Fiber optic,No,No,No,No,Yes,Yes,Month-to-month,No,Credit card (automatic),104.05,5315.31,Yes
6592-FMALF,Female,0,No,No,32,Yes,Yes,DSL,Yes,Yes,Yes,No,Yes,No,Two year,Yes,Credit card (automatic),73.12,2350.55,No
5754-FSDFF,Male,0,No,No,55,Yes,Yes,DSL,No,No,No,Yes,Yes,No,One year,Yes,Bank transfer (automatic),62.9,3419.73,No
8837-GLXGW,Male,1,No,Yes,49,Yes,No,Fiber optic,No,No,No,No,Yes,No,Month-to-month,No,Mailed check,87.63,4304.74,Yes
5633-QPWSR,Female,0,No,No,28,Yes,No,DSL,Yes,No,No,No,No,No,One year,Yes,Mailed check,52.94,1465.68,No
4222-AMKUQ,Female,0,No,No,22,Yes,Yes,Fiber optic,No,No,Yes,No,Yes,No,Two year,Yes,Electronic check,93.22,2053.35,No
3308-VETZM,Male,0,No,No,5,Yes,No,Fiber optic,Yes,No,Yes,No,No,No,One year,No,Bank transfer (automatic),94.28,469.7,No
4516-HTHOL,Female,0,No,No,43,Yes,Yes,DSL,No,No,Yes,No,Yes,No,Month-to-month,Yes,Electronic check,64.79,2758.37,Yes
6430-WHXZR,Male,1,No,No,42,No,No phone service,No,No internet service,No internet service,No internet service,No internet service,No internet service,No internet service,One year,Yes,Credit card (automatic),22.6,976.35,No
5533-MQPEY,Female,0,No,No,11,Yes,No,No,No internet service,No internet service,No internet service,No internet service,No internet service,No internet service,Two year,No,Credit card (automatic),18.25,175.01,No
7582-HPFDM,Female,0,Yes,Yes,66,No,No phone service,No,No internet service,No internet service,No internet service,No internet service,No internet service,No internet service,One year,Yes,Electronic check,20.33,1331.76,No
3951-UAXNR,Female,0,No,No,38,Yes,Yes,DSL,No,No,No,Yes,Yes,Yes,Month-to-month,Yes,Credit card (automatic),68.61,2597.37,No
3515-MYKBO,Male,1,Yes,Yes,60,Yes,Yes,DSL,No,No,Yes,No,Yes,No,One year,No,Bank transfer (automatic),60.82,3662.13,No
8473-KFJKN,Female,0,No,No,3,Yes,Yes,Fiber optic,No,No,No,Yes,No,Yes,Two year,Yes,Electronic check,92.68,235.71,No
7179-WPYUF,Female,0,No,No,65,Yes,No,Fiber optic,No,Yes,Yes,Yes,Yes,Yes,Month-to-month,No,Mailed check,112.72,7360.13,No
3162-KIRUT,Female,0,No,No,19,Yes,Yes,DSL,No,No,Yes,No,No,No,Two year,No,Mailed check,58.02,1137.13,No
4874-NIIQA,Female,0,No,No,68,Yes,Yes,No,No internet service,No internet service,No internet service,No internet service,No internet service,No internet service,One year,Yes,Bank transfer (automatic),20.67,1394.1,No
2392-NOLGV,Male,0,Yes,No,6,Yes,Yes,No,No internet service,No internet service,No internet service,No internet service,No internet service,No internet service,Two year,Yes,Mailed check,26.82,175.27,No
1579-TEKCB,Female,0,No,No,71,Yes,No,Fiber optic,No,Yes,Yes,Yes,No,No,One year,No,Mailed check,96.78,6859.26,No
4375-ZCDHO,Female,1,No,No,10,Yes,Yes,DSL,No,Yes,No,No,Yes,No,One year,No,Electronic check,58.69,605.87,No
8633-NXXWQ,Male,1,No,No,67,Yes,Yes,Fiber optic,Yes,Yes,No,No,No,No,Month-to-month,No,Credit card (automatic),80.94,5416.42,No
2609-ZOKQV,Male,1,No,No,72,Yes,No,No,No internet service,No internet service,No internet service,No internet service,No internet service,No internet service,Month-to-month,Yes,Electronic check,26.47,1907.44,No
6429-NOJTW,Female,0,No,No,30,Yes,No,No,No internet service,No internet service,No internet service,No internet service,No internet service,No internet service,Two year,Yes,Credit card (automatic),23.5,690.19,No
4444-JNUXX,Female,1,Yes,Yes,24,Yes,Yes,Fiber optic,No,Yes,No,No,Yes,Yes,Month-to-month,Yes,Mailed check,97.8,2359.14,No
7917-TPVSD,Male,1,No,No,10,Yes,No,DSL,No,Yes,No,Yes,No,Yes,Month-to-month,Yes,Electronic check,73.75,737.98,No
1021-QBXPD,Male,0,Yes,Yes,4,Yes,No,DSL,No,Yes,No,No,No,No,Two year,Yes,Electronic check,58.72,204.22,Yes
8277-ZFJIW,Female,0,Yes,No,40,Yes,No,Fiber optic,No,No,Yes,Yes,Yes,No,Two year,No,Electronic check,91.45,3668.72,No
6702-YWJIL,Female,0,No,No,13,Yes,No,Fiber optic,No,Yes,Yes,No,No,No,Month-to-month,No,Credit card (automatic),88.84,1122.22,Yes
1060-UMGNJ,Female,0,Yes,Yes,23,Yes,No,Fiber optic,No,No,No,No,Yes,No,Two year,No,Bank transfer (automatic),85.21,1949.92,Yes
4185-ZJKLK,Female,0,Yes,Yes,5,Yes,Yes,DSL,No,No,No,Yes,No,No,One year,No,Mailed check,55.14,313.43,No
4653-GRJFD,Male,0,No,Yes,29,Yes,Yes,Fiber optic,Yes,No,Yes,No,No,Yes,Month-to-month,No,Mailed check,102.96,3014.25,No
1430-JBEAH,Female,0,Yes,Yes,13,Yes,Yes,Fiber optic,No,Yes,No,No,Yes,Yes,Two year,Yes,Credit card (automatic),99.62,1296.25,No
9997-OTRXL,Female,0,No,No,25,Yes,Yes,DSL,Yes,No,No,No,No,No,Month-to-month,Yes,Electronic check,55.12,1374.87,No
6982-CZVRA,Male,0,Yes,Yes,64,Yes,Yes,DSL,No,Yes,No,No,No,No,Month-to-month,Yes,Electronic check,57.36,3664.81,No
8329-EZJKR,Female,0,No,No,6,No,No phone service,DSL,No,No,Yes,Yes,No,No,Two year,No,Electronic check,58.45,327.65,Yes
2626-MPYWX,Male,0,No,No,72,Yes,No,No,No internet service,No internet service,No internet service,No internet service,No internet service,No internet service,Month-to-month,Yes,Credit card (automatic),25.06,1811.22,No
5582-MFZFC,Female,0,Yes,No,72,Yes,No,DSL,Yes,No,No,No,No,No,Month-to-month,Yes,Credit card (automatic),54.44,3921.93,No
9659-KVOUS,Male,0,No,No,24,Yes,No,DSL,Yes,No,No,No,Yes,No,Month-to-month,Yes,Mailed check,56.18,1348.26,No
7093-QLURQ,Male,0,Yes,No,2,Yes,Yes,No,No internet service,No internet service,No internet service,No internet service,No internet service,No internet service,Two year,Yes,Mailed check,30.25,56.71,No
9547-NUCCT,Female,0,No,No,36,Yes,No,No,No internet service,No internet service,No internet service,No internet service,No internet service,No internet service,Month-to-month,Yes,Mailed check,22.86,838.9,Yes
3710-YIKBB,Male,1,No,No,72,Yes,No,Fiber optic,No,Yes,Yes,No,Yes,No,One year,Yes,Mailed check,96.6,6944.47,No
2379-VTURZ,Male,0,No,No,34,Yes,No,Fiber optic,No,No,No,No,No,No,Month-to-month,Yes,Mailed check,84.69,2844.08,Yes
8465-QBLAP,Male,0,No,No,9,Yes,Yes,DSL,Yes,No,No,Yes,No,Yes,Two year,No,Mailed check,64.23,588.08,No
2424-GGAXT,Male,1,Yes,Yes,33,Yes,No,Fiber optic,No,No,No,Yes,Yes,No,One year,No,Bank transfer (automatic),89.26,2942.41,No
4270-KENUG,Female,0,No,No,5,Yes,Yes,Fiber optic,Yes,Yes,Yes,Yes,Yes,No,Two year,Yes,Mailed check,104.83,551.86,No
6733-NUTXR,Female,0,No,Yes,50,Yes,Yes,DSL,Yes,No,Yes,No,Yes,No,One year,No,Electronic check,74.53,3724.61,No
7382-BZAKJ,Male,0,No,No,10,Yes,Yes,Fiber optic,Yes,Yes,No,No,No,Yes,Month-to-month,No,Bank transfer (automatic),89.99,925.0,Yes
1277-LDDKI,Female,0,Yes,Yes,72,Yes,Yes,No,No internet service,No internet service,No internet service,No internet service,No internet service,No internet service,Two year,Yes,Mailed check,24.04,1738.78,No
8962-PTUHO,Female,0,No,No,5,Yes,Yes,DSL,No,Yes,Yes,No,Yes,Yes,Month-to-month,Yes,Bank transfer (automatic),73.37,364.45,No
1756-GVSRK,Female,0,No,Yes,1,Yes,Yes,DSL,Yes,Yes,No,Yes,Yes,Yes,Month-to-month,No,Mailed check,78.85,93.43,Yes
5111-GXCKP,Male,0,Yes,No,9,Yes,No,Fiber optic,No,No,Yes,No,Yes,No,Two year,Yes,Credit card (automatic),88.29,771.71,No
9652-DAOJK,Male,1,No,No,2,Yes,No,Fiber optic,No,No,Yes,No,No,No,Month-to-month,Yes,Electronic check,84.88,171.77,Yes
5606-SYTWU,Male,1,No,No,8,Yes,No,No,No internet service,No internet service,No internet service,No internet service,No internet service,No internet service,Month-to-month,Yes,Electronic check,24.61,198.04,No
3232-WCOTH,Female,0,No,No,30,Yes,Yes,No,No internet service,No internet service,No internet service,No internet service,No internet service,No internet service,Month-to-month,No,Electronic check,20.02,644.98,No
9200-XGMHY,Male,0,Yes,Yes,24,Yes,Yes,DSL,Yes,No,No,No,Yes,No,Month-to-month,No,Bank transfer (automatic),61.18,1463.83,No
4615-EITPG,Female,0,No,No,4,Yes,Yes,DSL,Yes,Yes,No,Yes,Yes,No,Two year,No,Electronic check,67.54,246.05,No
4967-SNMXW,Female,0,No,Yes,28,Yes,No,Fiber optic,No,No,Yes,No,No,No,One year,Yes,Bank transfer (automatic),86.84,2427.15,No
6549-WYJJY,Male,0,No,No,33,Yes,No,DSL,No,No,No,Yes,Yes,No,Month-to-month,No,Mailed check,63.1,2106.04,No
5410-PPZUN,Male,0,Yes,Yes,0,Yes,No,No,No internet service,No internet service,No internet service,No internet service,No internet service,No internet service,One year,Yes,Bank transfer (automatic),33.23,26.41,No
2144-JJNWE,Male,0,Yes,No,49,Yes,Yes,DSL,No,Yes,Yes,No,Yes,Yes,One year,No,Bank transfer (automatic),83.65,4093.7,No
1073-EYAYX,Male,0,Yes,Yes,2,Yes,No,DSL,No,No,No,No,Yes,Yes,One year,No,Credit card (automatic),66.41,127.28,No
4977-ZPUUD,Female,0,Yes,Yes,16,Yes,No,No,No internet service,No internet service,No internet service,No internet service,No internet service,No internet service,Month-to-month,Yes,Electronic check,23.23,396.62,No
8216-ITCVO,Male,0,Yes,No,58,Yes,No,Fiber optic,No,Yes,No,Yes,No,No,Month-to-month,Yes,Mailed check,87.58,5064.03,Yes
4274-CGAZF,Female,0,No,Yes,57,Yes,No,Fiber optic,No,No,Yes,No,No,No,Month-to-month,Yes,Credit card (automatic),86.31,4937.77,No
1423-LFPPF,Female,0,No,No,23,Yes,Yes,Fiber optic,Yes,Yes,Yes,No,Yes,No,One year,No,Credit card (automatic),106.47,2436.03,No
7699-MWHOT,Male,1,No,Yes,20,Yes,Yes,No,No internet service,No internet service,No internet service,No internet service,No internet service,No internet service,Two year,Yes,Mailed check,29.44,579.48,No
5268-NLNQN,Female,0,No,No,5,Yes,Yes,Fiber optic,Yes,No,Yes,No,No,Yes,One year,Yes,Bank transfer (automatic),98.8,513.34,No
4571-OQKJM,Male,0,No,No,10,Yes,Yes,No,No internet service,No internet service,No internet service,No internet service,No internet service,No internet service,One year,Yes,Electronic check,19.65,167.85,No
8200-AJIMY,Female,0,Yes,No,0,Yes,Yes,DSL,No,No,Yes,No,Yes,No,Month-to-month,Yes,Electronic check,65.59,0.0,Yes
6195-RMNDE,Male,0,No,No,9,Yes,No,No,No internet service,No internet service,No internet service,No internet service,No internet service,No internet service,Month-to-month,No,Credit card (automatic),19.34,158.67,Yes
3213-GUBDS,Male,0,Yes,No,20,Yes,No,No,No internet service,No internet service,No internet service,No internet service,No internet service,No internet service,Month-to-month,Yes,Electronic check,27.17,520.19,No
6959-GOADF,Male,1,No,No,30,Yes,No,Fiber optic,No,No,No,No,No,No,Month-to-month,No,Electronic check,84.16,2534.35,Yes
9019-EANJQ,Female,0,No,No,52,Yes,No,No,No internet service,No internet service,No internet service,No internet service,No internet service,No internet service,Month-to-month,Yes,Electronic check,19.52,1001.6,No
2794-WNXHN,Male,0,Yes,Yes,16,Yes,No,Fiber optic,No,Yes,No,No,No,Yes,Month-to-month,Yes,Credit card (automatic),94.65,1536.17,Yes
2074-VOSEC,Male,1,Yes,Yes,11,Yes,Yes,DSL,No,Yes,No,Yes,Yes,No,Month-to-month,No,Mailed check,68.74,735.97,Yes
6109-NJBYQ,Female,0,Yes,No,2,Yes,No,Fiber optic,No,No,No,No,Yes,No,One year,No,Electronic check,88.63,170.53,No
8613-XJREB,Female,0,No,Yes,4,Yes,Yes,DSL,No,No,No,No,No,No,Month-to-month,No,Electronic check,51.94,208.9,No
7231-DKPLM,Male,0,Yes,No,61,Yes,No,DSL,Yes,No,No,No,Yes,No,One year,Yes,Electronic check,62.55,3805.85,No
8517-JDRXA,Male,0,No,No,66,Yes,Yes,No,No internet service,No internet service,No internet service,No internet service,No internet service,No internet service,One year,Yes,Bank transfer (automatic),29.45,1954.55,No
4706-GOBJS,Male,0,No,Yes,7,Yes,No,Fiber optic,No,No,Yes,No,Yes,Yes,One year,No,Electronic check,96.81,658.38,No
7447-XMZDS,Female,0,Yes,Yes,20,Yes,No,Fiber optic,No,No,No,No,No,No,One year,Yes,Electronic check,75.81,1496.59,Yes
6026-CRJOA,Male,0,No,Yes,67,No,No phone service,No,No internet service,No internet service,No internet service,No internet service,No internet service,No internet service,Two year,Yes,Credit card (automatic),18.25,1228.98,No
3593-JYGCN,Male,0,Yes,Yes,1,Yes,Yes,DSL,No,Yes,No,No,No,No,Month-to-month,Yes,Electronic check,56.16,20.47,No
4147-KFNCP,Female,0,Yes,Yes,62,Yes,No,DSL,No,No,Yes,No,Yes,Yes,Month-to-month,Yes,Credit card (automatic),70.05,4346.47,No
9149-ROQZW,Male,0,No,No,68,Yes,No,Fiber optic,Yes,No,No,No,Yes,No,Month-to-month,Yes,Credit card (automatic),94.4,6397.63,No
7443-KPJRD,Female,0,No,No,3,Yes,Yes,Fiber optic,Yes,No,No,No,No,No,Month-to-month,Yes,Electronic check,86.43,254.7,Yes
9013-TQRGF,Male,1,No,No,62,No,No phone service,DSL,Yes,No,Yes,Yes,No,Yes,One year,No,Credit card (automatic),63.33,3935.3,No
7540-ZTYUS,Female,0,Yes,No,19,Yes,Yes,DSL,Yes,Yes,Yes,No,No,No,One year,Yes,Electronic check,67.72,1302.91,No
9372-VJJUK,Female,0,No,No,40,No,No phone service,No,No internet service,No internet service,No internet service,No internet service,No internet service,No internet service,Two year,No,Credit card (automatic),18.25,703.52,No
6154-LBHTT,Male,0,No,No,12,Yes,No,Fiber optic,Yes,No,No,No,No,Yes,One year,No,Mailed check,85.67,1030.01,Yes
8251-UAQGR,Female,0,No,No,53,Yes,Yes,No,No internet service,No internet service,No internet service,No internet service,No internet service,No internet service,Month-to-month,Yes,Electronic check,24.28,1286.59,No
3224-NDODJ,Male,0,Yes,Yes,15,Yes,No,Fiber optic,Yes,Yes,Yes,Yes,No,No,Month-to-month,No,Bank transfer (automatic),98.34,1467.25,No
8424-UCESX,Female,0,No,Yes,69,Yes,No,Fiber optic,No,Yes,No,Yes,Yes,No,Two year,Yes,Mailed check,96.93,6658.79,No
9917-CYUIH,Male,0,No,No,19,No,No phone service,No,No internet service,No internet service,No internet service,No internet service,No internet service,No internet service,One year,Yes,Bank transfer (automatic),19.62,373.19,No
6648-GNMEZ,Male,0,No,No,68,Yes,Yes,Fiber optic,Yes,No,No,No,No,Yes,Two year,Yes,Credit card (automatic),90.25,6125.73,No
8415-QGKFY,Female,0,Yes,No,8,Yes,No,No,No internet service,No internet service,No internet service,No internet service,No internet service,No internet service,Month-to-month,No,Electronic check,24.62,210.29,No
8998-GLFFB,Female,0,Yes,Yes,54,Yes,No,DSL,No,No,No,No,No,No,Month-to-month,Yes,Electronic check,47.24,2550.44,No
1097-TKIJA,Male,1,Yes,No,11,Yes,No,Fiber optic,No,Yes,Yes,No,Yes,No,Month-to-month,Yes,Credit card (automatic),97.47,1075.81,Yes
2541-JHDVN,Female,0,No,No,32,Yes,No,No,No internet service,No internet service,No internet service,No internet service,No internet service,No internet service,Month-to-month,Yes,Mailed check,27.01,896.76,Yes
8080-TTTKW,Male,0,Yes,Yes,70,Yes,No,No,No internet service,No internet service,No internet service,No internet service,No internet service,No internet service,Month-to-month,No,Electronic check,22.08,1557.76,No
1780-WPICT,Male,0,Yes,Yes,6,No,No phone service,Fiber optic,No,Yes,Yes,No,No,Yes,Month-to-month,Yes,Mailed check,90.59,550.93,Yes
8712-PIZVA,Male,0,No,No,68,Yes,No,Fiber optic,No,Yes,Yes,No,No,Yes,One year,No,Bank transfer (automatic),100.78,6873.18,No
9638-EITHS,Male,0,No,Yes,69,Yes,No,DSL,No,No,Yes,No,No,Yes,Two year,No,Credit card (automatic),66.53,4571.35,No
6448-NBKGS,Male,0,Yes,Yes,1,Yes,Yes,Fiber optic,Yes,No,No,Yes,No,Yes,Month-to-month,Yes,Electronic check,95.07,80.38,Yes
3420-TNWJZ,Male,0,Yes,Yes,25,Yes,Yes,Fiber optic,Yes,No,No,No,No,Yes,Two year,Yes,Credit card (automatic),90.44,2278.79,No
2610-XJDKB,Female,0,Yes,No,22,Yes,No,No,No internet service,No internet service,No internet service,No internet service,No internet service,No internet service,Month-to-month,Yes,Bank transfer (automatic),18.47,400.35,No
2627-EGYSA,Male,0,No,No,9,Yes,Yes,Fiber optic,No,No,No,No,No,Yes,One year,No,Electronic check,81.84,746.06,No
5380-EGWHL,Male,0,No,No,23,Yes,Yes,DSL,No,Yes,No,No,No,Yes,Month-to-month,Yes,Bank transfer (automatic),67.74,1529.65,No
4825-IQDBS,Male,0,Yes,Yes,7,Yes,Yes,Fiber optic,No,No,No,No,Yes,Yes,Month-to-month,Yes,Electronic check,94.51,642.99,Yes
5683-ZVWSH,Female,0,Yes,No,29,Yes,No,Fiber optic,Yes,No,No,No,No,No,One year,Yes,Mailed check,78.8,2304.08,No
4064-SAZWN,Female,0,Yes,No,71,Yes,Yes,Fiber optic,Yes,No,No,No,No,No,Two year,Yes,Credit card (automatic),85.32,6013.49,No
9631-JPBUY,Female,0,Yes,Yes,16,Yes,No,DSL,Yes,Yes,No,No,Yes,Yes,One year,No,Mailed check,75.05,1244.97,No
8756-ILLNP,Female,0,Yes,No,0,Yes,Yes,DSL,No,Yes,No,Yes,No,No,Month-to-month,Yes,Electronic check,56.44,0.0,Yes
7418-UWJZL,Male,0,No,No,6,Yes,No,DSL,Yes,Yes,No,No,No,No,Month-to-month,No,Electronic check,56.92,333.65,No
3876-WHQIQ,Female,1,Yes,No,12,Yes,Yes,No,No internet service,No internet service,No internet service,No internet service,No internet service,No internet service,Month-to-month,Yes,Mailed check,27.09,309.0,No
2874-ILGXU,Male,1,Yes,Yes,41,Yes,Yes,Fiber optic,No,No,Yes,No,No,No,Two year,Yes,Electronic check,78.34,3179.73,No
2726-OJRUA,Female,0,Yes,Yes,40,Yes,Yes,Fiber optic,No,Yes,No,Yes,Yes,Yes,Month-to-month,No,Mailed check,100.37,4043.61,No
7753-XDBMB,Female,1,No,Yes,15,Yes,No,DSL,No,No,No,Yes,Yes,No,One year,Yes,Mailed check,60.77,879.9,No
7056-WGVAL,Male,0,No,No,58,Yes,No,Fiber optic,No,No,No,No,Yes,Yes,Month-to-month,Yes,Bank transfer (automatic),94.83,5502.05,No
1719-UHNWK,Female,0,No,No,5,Yes,Yes,Fiber optic,No,No,No,No,Yes,No,Month-to-month,Yes,Credit card (automatic),87.4,428.59,No
4559-FODGO,Female,1,Yes,Yes,32,Yes,No,Fiber optic,Yes,No,Yes,Yes,No,No,One year,Yes,Electronic check,91.67,2983.44,No
5990-WHDGG,Male,1,No,No,2,Yes,No,DSL,No,No,No,Yes,No,Yes,Month-to-month,Yes,Credit card (automatic),65.35,121.65,Yes
8339-HPKWX,Male,1,No,No,22,Yes,No,Fiber optic,No,Yes,Yes,No,Yes,No,Two year,Yes,Credit card (automatic),101.83,2273.25,No
9656-EJZPO,Male,0,No,No,4,Yes,No,DSL,Yes,Yes,No,No,Yes,No,Month-to-month,Yes,Credit card (automatic),68.62,272.87,No
2424-NDUDR,Male,0,No,No,0,Yes,Yes,DSL,No,No,No,Yes,No,No,Month-to-month,Yes,Electronic check,52.71,0.7,Yes
4156-YBTGK,Male,0,Yes,No,5,Yes,Yes,No,No internet service,No internet service,No internet service,No internet service,No internet service,No internet service,Month-to-month,No,Electronic check,28.91,138.47,Yes
7707-RUEWR,Female,0,Yes,No,69,Yes,Yes,No,No internet service,No internet service,No internet service,No internet service,No internet service,No internet service,Month-to-month,No,Credit card (automatic),26.08,1824.22,No
6681-NBJKZ,Female,0,No,No,2,Yes,No,DSL,Yes,No,Yes,No,No,No,Month-to-month,No,Electronic check,65.16,158.05,Yes
4101-TUTJV,Male,1,No,No,55,Yes,No,DSL,No,No,No,No,No,Yes,Month-to-month,Yes,Credit card (automatic),59.7,3264.22,No
2106-QFWLL,Female,0,No,No,21,Yes,No,Fiber optic,No,Yes,No,No,Yes,No,One year,No,Bank transfer (automatic),90.08,1904.22,No
8346-WHDYO,Male,0,Yes,Yes,65,Yes,Yes,Fiber optic,Yes,Yes,Yes,No,No,Yes,Two year,Yes,Electronic check,96.43,6280.95,No
6004-NCXQF,Female,0,No,Yes,6,Yes,No,Fiber optic,No,Yes,No,Yes,Yes,No,Two year,Yes,Credit card (automatic),101.97,603.67,No
8841-LZMLG,Male,0,Yes,No,68,Yes,Yes,Fiber optic,No,Yes,No,No,No,No,One year,Yes,Electronic check,85.35,5805.07,No
2168-OGXMV,Female,0,Yes,No,38,Yes,No,Fiber optic,No,No,No,Yes,No,Yes,Month-to-month,No,Credit card (automatic),89.86,3453.59,Yes
1578-NPAIT,Female,0,No,No,72,Yes,No,DSL,No,No,Yes,No,No,No,Two year,No,Bank transfer (automatic),55.15,3956.2,No
4922-XDMXS,Female,1,Yes,No,14,Yes,Yes,No,No internet service,No internet service,No internet service,No internet service,No internet service,No internet service,Two year,No,Bank transfer (automatic),27.91,364.3,No
9163-GMUNY,Male,0,No,No,67,Yes,Yes,Fiber optic,No,Yes,No,Yes,No,No,Month-to-month,Yes,Credit card (automatic),90.82,6101.9,No
2211-YKBCA,Female,0,No,No,32,Yes,Yes,DSL,Yes,No,Yes,No,Yes,Yes,Month-to-month,No,Electronic check,76.52,2476.95,Yes
2002-AZUQL,Male,1,No,No,72,Yes,No,Fiber optic,No,Yes,No,No,No,Yes,One year,No,Bank transfer (automatic),93.52,6689.01,Yes
7140-VPEZI,Female,0,Yes,No,25,Yes,No,Fiber optic,No,No,No,Yes,No,No,Two year,No,Electronic check,85.43,2112.13,No
2733-PDCII,Male,0,Yes,Yes,71,Yes,No,DSL,Yes,No,No,No,Yes,No,One year,Yes,Credit card (automatic),59.85,4232.29,No
8456-BDWCL,Male,0,Yes,Yes,9,Yes,Yes,Fiber optic,No,No,Yes,No,No,No,Month-to-month,Yes,Mailed check,87.33,809.47,Yes
9600-MPQTX,Male,0,No,No,72,Yes,No,DSL,Yes,No,No,Yes,No,Yes,Two year,No,Mailed check,69.65,4985.25,No
2167-NYZPE,Female,0,Yes,Yes,24,Yes,Yes,No,No internet service,No internet service,No internet service,No internet service,No internet service,No internet service,Two year,Yes,Bank transfer (automatic),21.63,535.95,Yes
6977-PQRYW,Female,1,No,Yes,13,Yes,Yes,DSL,Yes,Yes,No,No,Yes,Yes,One year,No,Mailed check,77.69,999.27,No
2844-BRZUA,Male,0,Yes,Yes,3,Yes,No,No,No internet service,No internet service,No internet service,No internet service,No internet service,No internet service,One year,Yes,Electronic check,25.96,64.35,No
6376-WGSNO,Female,0,No,Yes,0,Yes,Yes,DSL,Yes,No,Yes,No,No,Yes,Month-to-month,No,Credit card (automatic),71.1,0.0,No
5575-LIQQR,Male,0,No,No,24,Yes,No,Fiber optic,No,No,No,Yes,No,No,Two year,No,Electronic check,88.69,2142.76,Yes
9783-CXENX,Female,0,No,No,24,Yes,No,DSL,Yes,Yes,No,No,No,Yes,One year,Yes,Credit card (automatic),68.58,1598.84,No
7337-FPMYH,Female,1,No,No,39,Yes,Yes,Fiber optic,Yes,Yes,No,No,Yes,No,Month-to-month,Yes,Mailed check,101.47,3955.82,Yes
3160-CSGTR,Female,0,Yes,Yes,26,Yes,No,Fiber optic,No,Yes,No,No,Yes,No,Month-to-month,Yes,Mailed check,94.47,2454.41,No
9908-IAQOX,Male,0,Yes,No,12,No,No phone service,DSL,No,No,No,No,No,No,Month-to-month,Yes,Electronic check,47.2,580.18,Yes
6877-FXLAC,Male,0,No,No,58,No,No phone service,DSL,No,Yes,No,Yes,Yes,No,Two year,Yes,Bank transfer (automatic),57.11,3318.9,No
3439-ZPXLP,Male,0,Yes,Yes,15,Yes,Yes,Fiber optic,No,Yes,No,No,No,Yes,Month-to-month,Yes,Credit card (automatic),97.46,1449.35,Yes
7018-HHACY,Female,0,No,No,45,Yes,No,Fiber optic,Yes,No,Yes,Yes,No,No,Month-to-month,Yes,Electronic check,94.79,4254.31,No
8928-GMWFE,Female,0,No,No,54,Yes,Yes,Fiber optic,No,No,No,No,No,Yes,Month-to-month,Yes,Mailed check,89.58,4849.89,No
3093-ANDBD,Male,0,No,Yes,51,Yes,No,DSL,Yes,No,No,No,No,No,Month-to-month,No,Electronic check,50.81,2620.21,No
9125-AYPQM,Male,0,No,No,2,No,No phone service,Fiber optic,Yes,Yes,Yes,No,No,No,Two year,Yes,Mailed check,90.05,169.76,No
5466-RNRQN,Male,0,No,No,19,Yes,Yes,DSL,No,No,Yes,No,Yes,No,Month-to-month,Yes,Electronic check,62.5,1223.35,No
1791-DCVUE,Male,0,Yes,No,22,Yes,No,DSL,No,No,No,Yes,Yes,No,One year,No,Mailed check,62.07,1342.85,No
5744-QGHRZ,Female,0,No,No,10,Yes,No,Fiber optic,No,Yes,No,No,Yes,No,One year,No,Mailed check,85.99,873.34,No
7958-QADDE,Male,1,Yes,No,72,Yes,Yes,Fiber optic,No,Yes,No,Yes,No,Yes,One year,No,Bank transfer (automatic),91.58,6563.44,No
7423-AFGUX,Male,0,Yes,Yes,33,Yes,Yes,No,No internet service,No internet service,No internet service,No internet service,No internet service,No internet service,One year,Yes,Credit card (automatic),23.64,761.32,No
3352-HHZCC,Female,0,No,No,28,Yes,Yes,No,No internet service,No internet service,No internet service,No internet service,No internet service,No internet service,Month-to-month,Yes,Mailed check,26.12,741.46,No
8932-GNPMY,Female,1,Yes,No,33,Yes,No,Fiber optic,Yes,No,No,No,No,No,One year,Yes,Electronic check,87.43,2875.08,No
5654-FRGTV,Female,0,Yes,No,12,No,No phone service,DSL,No,No,No,Yes,No,Yes,Month-to-month,Yes,Credit card (automatic),61.13,760.3,No
3937-FBUKX,Female,1,No,No,65,Yes,No,Fiber optic,No,No,No,No,Yes,No,Month-to-month,Yes,Mailed check,91.24,5944.68,No
9606-VEGAD,Female,0,Yes,No,31,Yes,Yes,No,No internet service,No internet service,No internet service,No internet service,No internet service,No internet service,One year,No,Electronic check,29.44,932.08,No
7482-HKHNM,Male,1,No,No,59,Yes,No,DSL,No,No,No,No,No,No,Month-to-month,No,Electronic check,49.03,2885.05,No
1525-CTSBS,Male,0,Yes,No,9,Yes,No,DSL,No,No,Yes,No,No,No,Month-to-month,Yes,Mailed check,55.37,504.36,No
1470-JJDBL,Female,0,No,No,31,Yes,Yes,Fiber optic,Yes,Yes,Yes,No,No,No,Two year,Yes,Bank transfer (automatic),91.74,2842.03,No
2897-GVIYN,Male,0,No,No,57,Yes,Yes,DSL,Yes,Yes,Yes,No,No,Yes,Month-to-month,Yes,Bank transfer (automatic),70.21,3968.39,No
1895-LFCKO,Female,0,Yes,No,7,Yes,No,DSL,No,No,No,No,Yes,Yes,Month-to-month,Yes,Bank transfer (automatic),71.57,524.4,No
4066-RAEVI,Female,0,Yes,Yes,60,Yes,Yes,Fiber optic,No,Yes,Yes,No,No,No,Two year,No,Bank transfer (automatic),94.84,5697.22,No
9620-HNWAP,Female,0,Yes,No,70,Yes,No,No,No internet service,No internet service,No internet service,No internet service,No internet service,No internet service,Month-to-month,No,Credit card (automatic),25.14,1740.35,No
3948-JGCFS,Female,0,Yes,No,9,No,No phone service,Fiber optic,No,Yes,No,Yes,No,No,Month-to-month,Yes,Electronic check,86.22,781.55,No
6108-HOZHE,Male,0,No,No,16,Yes,No,No,No internet service,No internet service,No internet service,No internet service,No internet service,No internet service,Month-to-month,Yes,Bank transfer (automatic),23.77,383.73,No
4478-JVGXU,Male,0,No,No,63,Yes,No,Fiber optic,No,Yes,No,No,No,No,Two year,No,Electronic check,92.01,5806.39,No
8656-CUSFM,Male,0,Yes,No,36,Yes,No,Fiber optic,No,No,No,Yes,Yes,No,Month-to-month,No,Credit card (automatic),88.3,3171.26,No
8174-MCFGU,Female,0,No,No,11,Yes,No,No,No internet service,No internet service,No internet service,No internet service,No internet service,No internet service,One year,Yes,Electronic check,21.18,197.84,No
6232-WWDJK,Male,0,Yes,No,4,No,No phone service,No,No internet service,No internet service,No internet service,No internet service,No internet service,No internet service,Month-to-month,Yes,Electronic check,18.41,74.58,No
1835-IMOMM,Male,0,No,No,3,Yes,No,Fiber optic,No,No,No,Yes,Yes,No,Two year,No,Mailed check,92.76,294.28,No
3137-IJCGF,Male,0,Yes,Yes,72,Yes,No,DSL,No,No,No,Yes,No,No,One year,No,Mailed check,55.99,4032.21,No
3687-TTSIM,Female,0,Yes,No,65,Yes,No,No,No internet service,No internet service,No internet service,No internet service,No internet service,No internet service,Month-to-month,Yes,Electronic check,31.38,2019.69,Yes
8471-JJOYL,Female,0,Yes,Yes,65,Yes,No,Fiber optic,No,Yes,Yes,No,Yes,No,Month-to-month,Yes,Mailed check,94.44,6137.0,No
9932-YZHNA,Male,0,No,No,36,No,No phone service,No,No internet service,No internet service,No internet service,No internet service,No internet service,No internet service,Month-to-month,Yes,Credit card (automatic),18.25,695.06,No
5221-DIYZX,Female,0,Yes,Yes,72,Yes,Yes,No,No internet service,No internet service,No internet service,No internet service,No internet service,No internet service,Month-to-month,Yes,Electronic check,24.26,1728.8,No
2685-BEYSA,Male,1,No,No,1,Yes,No,DSL,No,No,No,No,Yes,Yes,One year,No,Credit card (automatic),60.92,110.92,No
4727-TNJFJ,Male,0,No,No,40,Yes,No,DSL,Yes,No,No,No,No,Yes,Month-to-month,No,Mailed check,58.63,2318.11,Yes
5202-VHAYO,Male,1,Yes,Yes,65,Yes,No,Fiber optic,No,Yes,No,No,No,No,Month-to-month,No,Bank transfer (automatic),92.52,6024.91,No
9947-VSJGM,Female,0,No,Yes,15,Yes,No,Fiber optic,No,No,Yes,No,No,No,Two year,Yes,Bank transfer (automatic),89.62,1341.31,No
2618-HRMLS,Male,0,Yes,No,21,Yes,No,No,No internet service,No internet service,No internet service,No internet service,No internet service,No internet service,Month-to-month,Yes,Bank transfer (automatic),28.72,604.99,No
2797-GEXIR,Male,0,No,No,4,Yes,Yes,DSL,No,No,No,No,Yes,No,Two year,Yes,Bank transfer (automatic),56.78,204.57,No
3817-YAZQP,Female,0,No,Yes,54,Yes,No,Fiber optic,Yes,Yes,Yes,No,No,Yes,Month-to-month,Yes,Mailed check,105.56,5726.91,No
5802-TYHZK,Male,0,No,No,9,Yes,No,DSL,No,No,Yes,No,No,No,Month-to-month,Yes,Bank transfer (automatic),56.07,494.76,No
1104-KYIVQ,Female,1,No,No,20,Yes,No,DSL,No,No,Yes,No,No,No,Month-to-month,No,Credit card (automatic),59.38,1206.35,No
9599-YLMXA,Male,0,Yes,No,22,Yes,Yes,No,No internet service,No internet service,No internet service,No internet service,No internet service,No internet service,Month-to-month,No,Electronic check,25.42,531.76,No
8817-USWVX,Female,0,Yes,Yes,8,Yes,No,No,No internet service,No internet service,No internet service,No internet service,No internet service,No internet service,Month-to-month,Yes,Bank transfer (automatic),22.48,185.42,No
2340-NYUYC,Female,1,No,No,10,Yes,Yes,DSL,No,Yes,Yes,No,Yes,No,Month-to-month,Yes,Mailed check,66.73,617.3,No
3923-EKYFZ,Female,0,No,No,51,Yes,Yes,DSL,Yes,No,No,No,Yes,Yes,Month-to-month,Yes,Electronic check,70.3,3575.22,No
8796-GNEPD,Female,0,Yes,Yes,0,Yes,No,No,No internet service,No internet service,No internet service,No internet service,No internet service,No internet service,Two year,No,Mailed check,22.42,5.93,No
7967-XUGUR,Female,0,No,No,14,Yes,Yes,DSL,No,No,No,No,No,Yes,Month-to-month,Yes,Mailed check,57.62,814.48,Yes
5325-TAKMU,Male,0,Yes,Yes,20,Yes,No,Fiber optic,No,No,No,No,No,No,Month-to-month,Yes,Bank transfer (automatic),78.95,1556.33,Yes
8049-JUUAF,Female,1,Yes,Yes,46,Yes,Yes,DSL,No,No,Yes,Yes,Yes,Yes,Month-to-month,Yes,Mailed check,69.28,3205.84,Yes
4101-GDMLH,Female,0,Yes,No,47,Yes,Yes,Fiber optic,No,Yes,No,No,No,No,Month-to-month,No,Electronic check,87.57,4128.16,No
1493-MPGWB,Male,0,Yes,Yes,55,Yes,No,DSL,No,No,Yes,Yes,No,Yes,Month-to-month,Yes,Electronic check,67.83,3733.97,Yes
3682-JNGDW,Male,0,Yes,Yes,0,Yes,No,No,No internet service,No internet service,No internet service,No internet service,No internet service,No internet service,Month-to-month,No,Bank transfer (automatic),29.59,0.0,No
6763-AHZRB,Female,0,No,No,16,Yes,Yes,Fiber optic,Yes,No,Yes,No,No,No,Month-to-month,No,Mailed check,91.03,1484.63,No
3648-HPOJV,Male,0,No,No,19,Yes,No,Fiber optic,No,Yes,No,No,No,No,Month-to-month,Yes,Mailed check,88.68,1677.06,Yes
5272-MQDRQ,Male,0,No,No,5,Yes,No,DSL,No,Yes,Yes,No,Yes,No,Month-to-month,Yes,Mailed check,65.68,335.7,No
7411-DPLAX,Female,0,No,No,20,Yes,No,No,No internet service,No internet service,No internet service,No internet service,No internet service,No internet service,Two year,Yes,Electronic check,29.56,570.57,No
7024-ISSWK,Male,0,No,No,26,No,No phone service,Fiber optic,No,No,No,No,Yes,No,Month-to-month,Yes,Electronic check,79.11,2048.46,No
8815-DINFO,Female,0,Yes,Yes,30,Yes,Yes,No,No internet service,No internet service,No internet service,No internet service,No internet service,No internet service,One year,Yes,Electronic check,23.49,706.7,No
5989-IKBXG,Female,0,Yes,Yes,62,Yes,No,DSL,No,No,No,No,No,No,Two year,No,Mailed check,56.69,3520.32,No
2677-MTUXP,Male,0,No,No,48,Yes,Yes,DSL,Yes,No,Yes,No,No,No,One year,Yes,Bank transfer (automatic),61.33,2965.77,No
2565-SRQFJ,Female,1,Yes,Yes,62,Yes,No,Fiber optic,No,No,No,No,Yes,Yes,Month-to-month,No,Credit card (automatic),103.28,6419.39,No
8806-BDNMO,Female,0,Yes,No,5,Yes,No,Fiber optic,No,Yes,Yes,No,No,No,One year,No,Electronic check,88.05,450.22,Yes
1545-GFPJX,Male,0,Yes,No,30,Yes,Yes,DSL,No,Yes,Yes,Yes,Yes,No,One year,Yes,Credit card (automatic),69.81,2101.73,No
8653-JJTDR,Female,0,Yes,No,9,Yes,No,No,No internet service,No internet service,No internet service,No internet service,No internet service,No internet service,Month-to-month,Yes,Credit card (automatic),22.79,203.25,No
4128-EWUFF,Male,1,Yes,Yes,61,Yes,Yes,Fiber optic,No,No,No,No,No,Yes,Month-to-month,No,Credit card (automatic),86.66,5280.24,No
5068-RNXLH,Female,0,No,No,2,Yes,No,No,No internet service,No internet service,No internet service,No internet service,No internet service,No internet service,One year,Yes,Electronic check,26.39,43.46,No
4863-WGFKD,Female,0,Yes,Yes,12,Yes,No,Fiber optic,No,No,No,No,No,No,One year,Yes,Electronic check,82.14,968.05,Yes
1910-ZEWVI,Female,0,Yes,No,2,Yes,Yes,No,No internet service,No internet service,No internet service,No internet service,No internet service,No internet service,Two year,No,Bank transfer (automatic),27.65,39.54,Yes
9603-KVEED,Male,1,Yes,No,7,Yes,No,DSL,No,Yes,Yes,No,Yes,Yes,Month-to-month,Yes,Credit card (automatic),74.9,534.29,Yes
5355-CDGZF,Male,0,No,No,41,Yes,No,Fiber optic,No,No,Yes,No,No,Yes,Month-to-month,No,Mailed check,91.92,3745.19,No
8262-XKXFX,Male,0,No,No,6,Yes,Yes,Fiber optic,No,No,No,No,No,Yes,Month-to-month,No,Electronic check,91.97,501.82,Yes
4693-JXGPP,Male,1,No,No,10,Yes,No,Fiber optic,No,No,Yes,No,No,No,Month-to-month,Yes,Mailed check,88.31,926.6,Yes
2942-BOXCH,Male,0,No,No,58,Yes,No,No,No internet service,No internet service,No internet service,No internet service,No internet service,No internet service,One year,Yes,Electronic check,32.42,1879.47,No
8124-FWRDH,Male,0,No,No,56,Yes,Yes,DSL,Yes,No,No,No,Yes,No,One year,Yes,Bank transfer (automatic),59.2,3320.66,No
5634-OMIMK,Female,1,No,No,42,Yes,No,No,No internet service,No internet service,No internet service,No internet service,No internet service,No internet service,Month-to-month,Yes,Electronic check,30.44,1260.65,No
6963-JQUPR,Male,0,No,No,59,Yes,No,DSL,Yes,No,Yes,No,Yes,No,Two year,No,Credit card (automatic),68.4,4043.58,No
6316-EXZRH,Male,0,No,No,37,No,No phone service,Fiber optic,Yes,Yes,No,Yes,No,Yes,Month-to-month,No,Bank transfer (automatic),95.48,3529.32,No
2159-CVAFC,Female,0,Yes,No,7,Yes,No,Fiber optic,No,No,No,Yes,Yes,Yes,Month-to-month,Yes,Mailed check,96.99,668.58,No
7807-GFXEM,Male,0,No,No,7,Yes,No,Fiber optic,No,No,No,No,No,Yes,Month-to-month,Yes,Mailed check,93.38,629.24,No
4742-JWXHR,Male,0,No,Yes,8,Yes,No,No,No internet service,No internet service,No internet service,No internet service,No internet service,No internet service,Month-to-month,No,Credit card (automatic),29.81,231.28,No
8949-NIVYT,Female,0,Yes,No,53,Yes,No,No,No internet service,No internet service,No internet service,No internet service,No internet service,No internet service,Month-to-month,No,Electronic check,32.02,1666.56,No
5512-EANSB,Female,0,Yes,Yes,51,Yes,No,Fiber optic,No,No,No,Yes,No,No,One year,No,Electronic check,77.48,3946.4,No
9266-IXTDP,Female,0,Yes,Yes,68,Yes,No,DSL,No,Yes,No,No,No,Yes,Month-to-month,Yes,Credit card (automatic),58.92,4007.31,No
6760-PSRYX,Female,0,Yes,Yes,8,Yes,Yes,DSL,No,No,No,No,No,Yes,Month-to-month,No,Mailed check,53.46,391.87,No
3200-XIZZZ,Female,1,No,No,32,Yes,Yes,No,No internet service,No internet service,No internet service,No internet service,No internet service,No internet service,Two year,Yes,Bank transfer (automatic),27.95,884.44,No
7744-BYHOD,Male,0,Yes,Yes,6,Yes,Yes,DSL,No,Yes,Yes,Yes,No,No,Month-to-month,Yes,Electronic check,54.56,317.45,No
9261-ZHAYG,Female,0,Yes,No,41,Yes,No,No,No internet service,No internet service,No internet service,No internet service,No internet service,No internet service,Month-to-month,No,Credit card (automatic),23.75,1002.86,No
1045-KCSPM,Female,1,Yes,Yes,33,Yes,No,DSL,No,No,Yes,No,No,Yes,One year,No,Mailed check,61.17,2030.82,No
1535-JJAZC,Female,0,No,No,0,Yes,No,No,No internet service,No internet service,No internet service,No internet service,No internet service,No internet service,One year,Yes,Electronic check,24.31,,No
7012-ZLMQV,Female,0,No,No,1,Yes,No,Fiber optic,Yes,Yes,No,No,No,Yes,Month-to-month,Yes,Credit card (automatic),101.41,85.23,Yes
4343-LJTJB,Male,0,Yes,No,9,Yes,No,Fiber optic,No,No,Yes,No,No,Yes,Month-to-month,No,Mailed check,95.05,838.03,No
9093-JBJQA,Female,0,No,No,25,Yes,No,Fiber optic,No,No,No,No,Yes,No,Month-to-month,Yes,Credit card (automatic),85.39,2160.42,No
5855-UOGFK,Male,0,Yes,Yes,68,Yes,Yes,Fiber optic,No,No,No,No,Yes,Yes,Month-to-month,No,Mailed check,95.22,6457.94,Yes
4604-GZHRW,Female,0,Yes,Yes,60,Yes,Yes,Fiber optic,No,No,Yes,Yes,No,No,One year,No,Mailed check,90.77,5470.2,No
7352-SXPAY,Female,0,Yes,Yes,6,Yes,Yes,Fiber optic,No,No,No,No,No,No,Two year,Yes,Mailed check,77.16,492.82,Yes
8753-BDFQY,Male,0,No,No,38,Yes,Yes,Fiber optic,No,No,No,No,No,No,Month-to-month,Yes,Mailed check,81.22,3101.07,No
1747-RPSYJ,Male,0,No,No,72,Yes,Yes,Fiber optic,Yes,No,Yes,No,No,No,Month-to-month,No,Electronic check,92.73,6636.71,No
3238-MFRYK,Male,0,Yes,Yes,8,Yes,Yes,No,No internet service,No internet service,No internet service,No internet service,No internet service,No internet service,Month-to-month,Yes,Bank transfer (automatic),19.7,153.02,Yes
3303-ELJDX,Male,0,No,No,19,Yes,No,Fiber optic,No,No,Yes,No,No,Yes,Month-to-month,No,Electronic check,92.73,1764.67,Yes
9484-KXSBO,Male,0,Yes,Yes,41,Yes,No,Fiber optic,No,No,No,No,Yes,Yes,Two year,No,Mailed check,94.75,3897.47,No
3767-VJVME,Male,1,No,No,19,Yes,No,No,No internet service,No internet service,No internet service,No internet service,No internet service,No internet service,Month-to-month,Yes,Bank transfer (automatic),28.12,549.82,Yes
4114-FDFJD,Male,0,Yes,Yes,62,Yes,No,DSL,No,Yes,No,Yes,Yes,No,Two year,Yes,Credit card (automatic),74.65,4635.5,No
8854-RQGGZ,Male,0,Yes,No,63,Yes,No,DSL,No,No,Yes,No,No,Yes,One year,No,Mailed check,63.54,3996.35,No
4520-QEUBM,Female,0,Yes,No,27,No,No phone service,DSL,No,No,Yes,No,No,Yes,Month-to-month,Yes,Electronic check,53.08,1473.34,No
7035-GGJQK,Female,0,Yes,Yes,59,Yes,Yes,Fiber optic,No,Yes,No,No,No,No,Month-to-month,No,Bank transfer (automatic),85.83,5059.56,No
5203-TKLRU,Male,0,No,Yes,42,Yes,Yes,Fiber optic,Yes,No,Yes,No,No,No,Month-to-month,Yes,Electronic check,91.29,3822.29,No
8473-YJVJS,Female,0,Yes,Yes,22,Yes,No,Fiber optic,No,No,No,Yes,No,Yes,One year,Yes,Credit card (automatic),95.44,2085.3,No
7014-OWZGU,Male,0,No,No,53,Yes,No,DSL,No,Yes,Yes,No,No,No,Month-to-month,Yes,Electronic check,58.49,3080.74,Yes
5027-ECOKZ,Female,0,Yes,Yes,59,Yes,Yes,Fiber optic,No,Yes,Yes,Yes,No,Yes,Month-to-month,Yes,Mailed check,91.57,5429.11,No
8448-AJSZE,Female,0,No,No,1,Yes,No,Fiber optic,Yes,Yes,Yes,Yes,No,No,Month-to-month,Yes,Credit card (automatic),90.2,114.19,Yes
2302-NIOOL,Male,0,No,No,16,Yes,Yes,No,No internet service,No internet service,No internet service,No internet service,No internet service,No internet service,One year,No,Credit card (automatic),21.46,329.66,No
2204-ILOET,Female,0,Yes,No,4,Yes,Yes,No,No internet service,No internet service,No internet service,No internet service,No internet service,No internet service,Month-to-month,Yes,Credit card (automatic),28.5,128.8,Yes
9961-GUBFH,Male,0,No,No,64,Yes,No,No,No internet service,No internet service,No internet service,No internet service,No internet service,No internet service,One year,Yes,Mailed check,24.35,1562.24,No
8371-KBBAF,Female,0,No,No,26,Yes,Yes,No,No internet service,No internet service,No internet service,No internet service,No internet service,No internet service,Month-to-month,Yes,Electronic check,24.28,617.02,Yes
5294-HSUCT,Male,0,Yes,No,72,Yes,No,DSL,Yes,No,No,No,Yes,Yes,One year,No,Electronic check,69.98,5082.36,No
9135-XJOHB,Male,1,No,No,68,Yes,No,Fiber optic,No,No,Yes,No,No,Yes,Month-to-month,No,Electronic check,89.82,6117.19,Yes
1670-BZWDX,Female,0,No,No,19,Yes,No,No,No internet service,No internet service,No internet service,No internet service,No internet service,No internet service,One year,Yes,Bank transfer (automatic),27.86,536.91,No
9594-RNBQL,Male,0,No,Yes,7,Yes,No,Fiber optic,No,No,No,Yes,Yes,No,One year,No,Electronic check,93.79,652.43,No
5616-TTNXQ,Male,0,Yes,Yes,40,Yes,No,Fiber optic,Yes,No,Yes,No,No,Yes,One year,Yes,Mailed check,94.4,3773.5,No
2879-PHCPD,Male,0,No,No,33,Yes,Yes,Fiber optic,No,No,No,Yes,Yes,Yes,Two year,Yes,Electronic check,91.35,3010.42,No
4011-HNYTF,Male,0,No,No,6,Yes,No,DSL,Yes,Yes,No,No,Yes,No,Month-to-month,Yes,Credit card (automatic),65.82,419.09,Yes
2958-NBNKY,Male,0,No,No,19,Yes,Yes,Fiber optic,No,Yes,Yes,No,Yes,No,One year,No,Credit card (automatic),92.91,1767.1,Yes
6150-KQPIT,Female,0,No,No,1,Yes,No,No,No internet service,No internet service,No internet service,No internet service,No internet service,No internet service,Two year,Yes,Electronic check,25.17,17.6,No
6078-EOYPB,Male,0,Yes,No,15,Yes,Yes,Fiber optic,No,Yes,No,Yes,No,Yes,Two year,No,Electronic check,99.01,1498.39,No
4287-JFEAE,Male,0,No,No,70,Yes,Yes,No,No internet service,No internet service,No internet service,No internet service,No internet service,No internet service,Month-to-month,Yes,Credit card (automatic),23.1,1617.01,No
5097-GKTNX,Male,0,Yes,Yes,22,Yes,Yes,DSL,No,No,Yes,No,No,Yes,One year,Yes,Mailed check,66.11,1462.01,No
6655-WNLJH,Female,0,Yes,Yes,71,Yes,Yes,Fiber optic,No,No,No,No,No,Yes,Month-to-month,Yes,Mailed check,91.02,6488.65,No
4445-XLHGQ,Male,1,No,No,42,Yes,Yes,DSL,No,No,Yes,No,No,No,Month-to-month,No,Bank transfer (automatic),48.83,2048.51,No
9325-PXFJU,Male,0,Yes,Yes,42,Yes,Yes,Fiber optic,Yes,Yes,No,No,No,Yes,Month-to-month,No,Credit card (automatic),99.74,4186.23,Yes
8102-HUHQV,Male,0,Yes,Yes,71,Yes,No,No,No internet service,No internet service,No internet service,No internet service,No internet service,No internet service,Two year,Yes,Electronic check,18.52,1330.38,No
2584-MAWVU,Male,0,No,No,15,Yes,No,No,No internet service,No internet service,No internet service,No internet service,No internet service,No internet service,Month-to-month,No,Electronic check,26.68,382.01,Yes
7272-TCINB,Female,1,No,No,8,Yes,No,No,No internet service,No internet service,No internet service,No internet service,No internet service,No internet service,Month-to-month,No,Bank transfer (automatic),28.78,224.65,No
1728-FZXBK,Male,0,Yes,Yes,9,Yes,No,Fiber optic,Yes,Yes,No,No,No,No,Month-to-month,Yes,Electronic check,91.24,827.5,Yes
6731-SVDPD,Male,0,Yes,Yes,3,Yes,No,No,No internet service,No internet service,No internet service,No internet service,No internet service,No internet service,Month-to-month,No,Electronic check,30.88,85.72,Yes
1574-NEKLH,Male,0,No,No,61,Yes,No,No,No internet service,No internet service,No internet service,No internet service,No internet service,No internet service,Month-to-month,Yes,Electronic check,18.25,1126.4,Yes
8006-NCSWM,Male,0,No,No,3,Yes,Yes,Fiber optic,No,No,No,Yes,No,No,Two year,No,Mailed check,84.82,227.27,No
9148-YHTGX,Female,0,Yes,No,15,Yes,Yes,Fiber optic,Yes,No,No,No,Yes,No,Month-to-month,Yes,Electronic check,94.73,1393.72,Yes
9887-KQWAN,Male,0,No,No,2,Yes,Yes,Fiber optic,No,No,Yes,No,No,Yes,One year,Yes,Credit card (automatic),99.34,195.47,Yes
3269-ZGFCD,Male,0,Yes,No,4,Yes,No,Fiber optic,No,No,No,No,No,Yes,Two year,No,Mailed check,85.61,346.45,No
3556-ERERX,Male,0,No,Yes,9,Yes,No,Fiber optic,Yes,Yes,No,No,No,No,Month-to-month,No,Mailed check,91.12,870.08,Yes
8985-HGDFV,Male,1,Yes,Yes,41,Yes,Yes,DSL,No,No,Yes,No,No,No,Month-to-month,Yes,Electronic check,57.14,2347.47,No
5847-VLWTS,Male,0,Yes,No,63,Yes,Yes,No,No internet service,No internet service,No internet service,No internet service,No internet service,No internet service,Month-to-month,No,Bank transfer (automatic),23.55,1480.68,No
3726-YDSPF,Male,0,Yes,Yes,17,Yes,No,Fiber optic,No,Yes,Yes,Yes,No,No,Two year,Yes,Electronic check,94.32,1615.2,No
4340-ZBPJM,Male,0,Yes,No,4,Yes,No,Fiber optic,No,No,Yes,Yes,No,No,Month-to-month,Yes,Electronic check,90.97,371.32,No
1346-QAOIX,Female,0,Yes,No,2,Yes,Yes,DSL,No,No,No,No,Yes,No,One year,Yes,Electronic check,60.18,117.97,No
6630-CPXTZ,Male,1,No,No,10,Yes,No,DSL,No,No,No,No,Yes,No,One year,Yes,Mailed check,61.9,625.6,No
7176-YCFEI,Male,1,Yes,No,28,Yes,Yes,DSL,Yes,No,Yes,Yes,No,Yes,Two year,Yes,Credit card (automatic),75.37,2096.26,No
2079-TEILP,Male,0,Yes,Yes,2,Yes,Yes,Fiber optic,Yes,No,No,No,No,No,Two year,No,Credit card (automatic),87.18,175.61,No
6291-KHXAM,Female,0,Yes,Yes,51,Yes,Yes,Fiber optic,No,No,No,No,No,No,Month-to-month,No,Bank transfer (automatic),85.49,4347.13,No
9762-THEFL,Female,0,Yes,Yes,7,Yes,Yes,No,No internet service,No internet service,No internet service,No internet service,No internet service,No internet service,Two year,Yes,Mailed check,29.97,186.28,No
6695-FTQQR,Female,0,No,No,27,Yes,Yes,Fiber optic,No,No,No,Yes,No,No,Month-to-month,Yes,Electronic check,80.08,2138.28,No
1888-LLCZB,Female,0,Yes,No,39,Yes,Yes,DSL,No,No,No,No,Yes,No,Month-to-month,Yes,Bank transfer (automatic),60.46,2346.46,Yes
3600-NURRY,Female,0,No,No,8,Yes,No,Fiber optic,No,No,No,No,Yes,No,Month-to-month,No,Mailed check,85.27,718.46,Yes
8236-YCYEF,Male,0,No,No,2,Yes,Yes,DSL,Yes,No,No,Yes,Yes,Yes,Month-to-month,Yes,Electronic check,77.83,139.93,Yes
6234-OHGSH,Male,0,No,No,16,Yes,Yes,DSL,No,No,No,No,No,Yes,Month-to-month,Yes,Credit card (automatic),61.55,988.17,No
5392-OZGMQ,Male,1,No,No,72,Yes,No,Fiber optic,Yes,No,No,No,Yes,Yes,Month-to-month,No,Mailed check,102.62,7414.02,No
4156-PYNON,Male,0,Yes,Yes,49,Yes,Yes,No,No internet service,No internet service,No internet service,No internet service,No internet service,No internet service,Month-to-month,No,Electronic check,21.34,1044.01,No
6827-VFVEL,Female,0,No,No,58,Yes,No,DSL,No,No,Yes,No,No,Yes,One year,Yes,Electronic check,66.17,3817.93,No
6305-DTLXH,Female,1,Yes,No,2,Yes,Yes,Fiber optic,No,Yes,No,No,Yes,No,Two year,No,Electronic check,93.28,172.06,No
9718-EFZSZ,Male,1,Yes,Yes,7,Yes,No,No,No internet service,No internet service,No internet service,No internet service,No internet service,No internet service,Month-to-month,Yes,Electronic check,24.89,160.01,No
1327-TFRCE,Male,0,Yes,Yes,72,Yes,No,No,No internet service,No internet service,No internet service,No internet service,No internet service,No internet service,Month-to-month,No,Electronic check,29.14,2127.02,No
9435-UTXTL,Male,0,No,No,72,Yes,No,DSL,No,No,No,No,No,No,One year,Yes,Bank transfer (automatic),54.65,3890.91,No
8363-VBDWT,Male,0,Yes,No,3,Yes,Yes,DSL,No,Yes,No,Yes,No,No,Month-to-month,No,Bank transfer (automatic),57.89,130.93,Yes
3661-YJWYI,Male,0,Yes,Yes,11,Yes,Yes,No,No internet service,No internet service,No internet service,No internet service,No internet service,No internet service,One year,Yes,Mailed check,26.68,290.53,No
6967-XOSMV,Male,0,No,No,43,Yes,No,Fiber optic,No,No,Yes,Yes,Yes,Yes,Month-to-month,No,Credit card (automatic),106.29,4584.23,No
8799-QZYBJ,Male,0,No,No,10,No,No phone service,DSL,No,No,Yes,Yes,No,No,Month-to-month,Yes,Electronic check,50.79,520.82,Yes
4798-GUWLL,Male,0,Yes,No,20,Yes,No,No,No internet service,No internet service,No internet service,No internet service,No internet service,No internet service,Two year,Yes,Mailed check,22.0,435.5,No
3973-JJKRJ,Female,0,Yes,Yes,3,No,No phone service,DSL,Yes,Yes,Yes,No,Yes,No,Month-to-month,No,Mailed check,66.92,207.84,Yes
1829-NFQAM,Male,0,No,No,36,No,No phone service,Fiber optic,No,Yes,Yes,No,No,No,Month-to-month,Yes,Credit card (automatic),89.07,3197.96,Yes
3098-PIJKL,Female,0,Yes,No,1,Yes,No,DSL,Yes,Yes,Yes,No,No,No,Two year,Yes,Mailed check,68.11,69.05,No
3744-SBINM,Female,1,No,No,71,Yes,Yes,Fiber optic,No,No,No,No,Yes,Yes,Month-to-month,No,Credit card (automatic),102.29,7253.88,No
3670-UOIIK,Female,0,Yes,No,3,Yes,No,Fiber optic,No,No,No,Yes,Yes,Yes,Month-to-month,Yes,Bank transfer (automatic),99.73,305.84,Yes
4735-KFSNG,Male,0,Yes,Yes,57,Yes,Yes,Fiber optic,No,No,No,No,Yes,No,One year,Yes,Electronic check,89.4,5110.45,No
5594-ZPQLY,Female,0,Yes,Yes,7,Yes,Yes,Fiber optic,Yes,No,No,No,No,No,Two year,Yes,Electronic check,83.69,617.4,No
8618-AUAKX,Female,0,No,No,72,Yes,No,Fiber optic,No,Yes,No,No,No,Yes,One year,No,Bank transfer (automatic),95.84,6931.28,No
8943-SEBKT,Male,0,Yes,No,72,Yes,No,Fiber optic,No,No,No,No,No,No,Two year,No,Bank transfer (automatic),84.31,6092.93,No
1851-PDGUD,Female,0,Yes,No,25,Yes,Yes,Fiber optic,No,Yes,No,No,No,No,Month-to-month,No,Bank transfer (automatic),82.35,2050.51,Yes
4822-WZVKC,Male,0,No,No,26,Yes,No,Fiber optic,No,No,Yes,No,Yes,Yes,Month-to-month,Yes,Mailed check,96.2,2474.11,Yes
9581-OHPXU,Female,0,Yes,Yes,2,Yes,No,No,No internet service,No internet service,No internet service,No internet service,No internet service,No internet service,Month-to-month,Yes,Credit card (automatic),20.04,36.83,Yes
3390-MZRKG,Male,1,Yes,Yes,9,Yes,No,Fiber optic,No,No,No,Yes,Yes,Yes,Month-to-month,Yes,Electronic check,102.26,917.8,Yes
4399-JMXDC,Female,0,Yes,Yes,55,Yes,Yes,DSL,No,No,No,No,No,No,Month-to-month,Yes,Electronic check,58.23,3233.04,Yes
2202-MTWQQ,Female,0,No,No,22,Yes,Yes,DSL,Yes,Yes,Yes,Yes,No,No,Two year,Yes,Mailed check,74.18,1633.39,No
8135-LNOPB,Female,0,Yes,No,13,Yes,No,No,No internet service,No internet service,No internet service,No internet service,No internet service,No internet service,Month-to-month,No,Credit card (automatic),25.56,309.67,No
1113-QNTXG,Male,1,Yes,Yes,9,Yes,Yes,Fiber optic,Yes,No,Yes,No,Yes,Yes,Month-to-month,No,Electronic check,107.48,940.07,No
2883-VOUAH,Female,0,No,Yes,43,Yes,Yes,DSL,Yes,No,No,No,Yes,No,Month-to-month,Yes,Credit card (automatic),63.1,2742.04,Yes
6948-PAFCI,Female,0,Yes,Yes,58,Yes,No,DSL,No,Yes,Yes,Yes,Yes,No,Month-to-month,No,Mailed check,76.03,4410.08,No
2263-QKERI,Female,0,No,No,16,Yes,No,Fiber optic,No,Yes,No,No,Yes,Yes,Two year,Yes,Mailed check,102.0,1619.41,No
4283-BFPQQ,Female,0,Yes,No,67,No,No phone service,DSL,No,No,Yes,No,No,No,Month-to-month,Yes,Electronic check,55.94,3740.25,No
9640-SHLGI,Female,0,No,Yes,18,Yes,No,DSL,No,Yes,No,No,No,No,One year,Yes,Bank transfer (automatic),55.8,1004.09,No
4688-ICWAZ,Female,0,Yes,Yes,67,Yes,Yes,DSL,No,No,No,Yes,Yes,No,Two year,Yes,Mailed check,62.93,4195.44,No
4670-SYXOE,Female,0,Yes,Yes,8,Yes,Yes,No,No internet service,No internet service,No internet service,No internet service,No internet service,No internet service,Month-to-month,No,Credit card (automatic),24.68,182.43,Yes
8039-IEYSU,Female,0,No,No,30,Yes,Yes,No,No internet service,No internet service,No internet service,No internet service,No internet service,No internet service,Month-to-month,Yes,Mailed check,28.46,841.7,No
2273-OUKZI,Male,0,No,No,19,Yes,Yes,DSL,No,Yes,Yes,No,Yes,No,One year,Yes,Mailed check,64.32,1200.27,No
9444-BBUGU,Male,0,Yes,No,18,Yes,No,Fiber optic,No,No,No,No,Yes,No,Two year,Yes,Credit card (automatic),87.01,1538.85,No
9214-SYDCD,Male,0,No,No,64,Yes,No,DSL,Yes,No,Yes,No,No,Yes,Month-to-month,Yes,Electronic check,74.54,4757.54,No
7874-WNXCO,Male,1,No,No,61,Yes,No,Fiber optic,No,No,No,No,No,No,Month-to-month,No,Credit card (automatic),82.33,5072.13,No
2994-YPKEJ,Female,0,Yes,No,65,Yes,No,DSL,Yes,Yes,No,No,Yes,No,Month-to-month,Yes,Bank transfer (automatic),72.91,4729.84,No
4688-WDCDG,Male,0,Yes,No,0,No,No phone service,Fiber optic,No,Yes,Yes,No,No,No,Month-to-month,No,Electronic check,85.79,14.43,Yes
9631-UTKAR,Male,0,No,No,63,No,No phone service,DSL,No,Yes,Yes,No,No,No,Month-to-month,No,Electronic check,53.85,3394.86,No
1199-CMQPE,Female,0,Yes,Yes,10,Yes,No,Fiber optic,Yes,No,No,No,No,Yes,Two year,Yes,Bank transfer (automatic),94.71,966.18,No
6567-ZDLRY,Male,0,No,No,72,Yes,Yes,No,No internet service,No internet service,No internet service,No internet service,No internet service,No internet service,Two year,No,Credit card (automatic),24.78,1818.39,No
7453-TQWDO,Male,0,Yes,No,7,Yes,Yes,No,No internet service,No internet service,No internet service,No internet service,No internet service,No internet service,One year,No,Bank transfer (automatic),27.36,192.84,No
8473-MHMVG,Male,0,Yes,No,13,Yes,Yes,Fiber optic,No,No,Yes,No,No,No,Month-to-month,Yes,Credit card (automatic),85.32,1106.42,No
2512-UMOJJ,Male,1,Yes,No,49,Yes,No,DSL,No,Yes,No,No,No,No,Two year,Yes,Mailed check,55.94,2756.67,No
5650-SUAIH,Male,1,No,No,70,Yes,Yes,No,No internet service,No internet service,No internet service,No internet service,No internet service,No internet service,Two year,Yes,Bank transfer (automatic),27.95,1932.56,No
7810-XQZIW,Female,0,No,No,5,Yes,No,DSL,No,Yes,Yes,Yes,No,No,One year,Yes,Mailed check,64.95,295.69,No
4168-TKKJS,Male,0,Yes,Yes,11,Yes,Yes,DSL,No,No,No,No,No,Yes,Two year,No,Credit card (automatic),59.15,650.0,No
5201-JAZFU,Female,0,No,No,72,Yes,No,Fiber optic,No,No,Yes,No,Yes,Yes,One year,Yes,Electronic check,101.13,7304.12,No
9539-ZMGMU,Male,0,Yes,Yes,55,Yes,No,Fiber optic,No,No,No,No,No,Yes,One year,Yes,Electronic check,89.71,4911.23,No
7605-ZJJAD,Male,0,No,Yes,53,Yes,Yes,DSL,No,No,No,Yes,Yes,Yes,One year,Yes,Mailed check,73.02,3864.59,No
7017-HNLGS,Male,0,Yes,No,14,Yes,No,Fiber optic,No,No,Yes,No,Yes,No,One year,No,Bank transfer (automatic),84.87,1183.93,No
1828-XBLWL,Male,0,Yes,Yes,1,Yes,No,No,No internet service,No internet service,No internet service,No internet service,No internet service,No internet service,One year,Yes,Electronic check,27.68,25.24,No
2126-IENYM,Female,0,Yes,Yes,72,Yes,No,Fiber optic,No,No,Yes,No,No,No,Month-to-month,Yes,Electronic check,88.57,6387.9,No
6134-UEGQB,Male,0,No,No,63,Yes,Yes,Fiber optic,No,No,No,No,Yes,No,Two year,Yes,Electronic check,91.76,5784.35,No
8598-INYSF,Female,0,Yes,No,27,Yes,Yes,No,No internet service,No internet service,No internet service,No internet service,No internet service,No internet service,Two year,Yes,Bank transfer (automatic),25.31,664.27,No
4218-IENCP,Male,0,No,No,11,Yes,Yes,DSL,Yes,No,Yes,No,Yes,Yes,One year,Yes,Electronic check,77.17,828.5,No
4495-BYORB,Male,1,No,No,3,Yes,Yes,Fiber optic,No,No,No,No,No,Yes,One year,No,Electronic check,90.89,268.75,No
1603-KGYFH,Female,1,No,No,49,Yes,Yes,Fiber optic,No,Yes,No,No,Yes,No,Two year,Yes,Electronic check,91.45,4509.76,No
2249-RQEVC,Male,0,Yes,Yes,9,Yes,No,No,No internet service,No internet service,No internet service,No internet service,No internet service,No internet service,Two year,No,Credit card (automatic),28.33,259.07,No
1083-JDMPY,Female,0,Yes,No,10,Yes,No,DSL,Yes,No,No,Yes,No,No,One year,No,Mailed check,55.46,551.01,No
8742-DTKPH,Female,0,No,No,72,No,No phone service,No,No internet service,No internet service,No internet service,No internet service,No internet service,No internet service,Month-to-month,No,Bank transfer (automatic),18.25,1324.89,Yes
3438-ABXLG,Female,1,No,No,4,Yes,No,No,No internet service,No internet service,No internet service,No internet service,No internet service,No internet service,Month-to-month,Yes,Credit card (automatic),29.54,126.34,No
9559-WEWOR,Male,0,Yes,No,0,Yes,No,Fiber optic,No,No,No,No,No,Yes,Two year,Yes,Mailed check,89.28,0.0,No
1340-PPHEK,Male,0,Yes,Yes,13,Yes,Yes,Fiber optic,No,No,No,No,Yes,No,Month-to-month,Yes,Credit card (automatic),90.17,1184.09,No
1984-LNDFE,Female,0,Yes,No,6,Yes,No,Fiber optic,Yes,Yes,No,No,No,No,Month-to-month,No,Mailed check,88.94,553.77,Yes
9659-ZIMDI,Male,0,No,No,33,No,No phone service,Fiber optic,No,No,Yes,Yes,No,Yes,Month-to-month,Yes,Electronic check,92.09,3064.34,Yes
9006-YXASF,Male,0,No,No,59,Yes,Yes,No,No internet service,No internet service,No internet service,No internet service,No internet service,No internet service,Month-to-month,No,Mailed check,24.33,1428.65,No
6565-IENEG,Female,1,Yes,No,59,Yes,No,No,No internet service,No internet service,No internet service,No internet service,No internet service,No internet service,Month-to-month,Yes,Credit card (automatic),24.9,1455.99,No
2922-CQCFC,Male,1,Yes,Yes,15,No,No phone service,Fiber optic,No,No,No,Yes,No,Yes,Two year,No,Electronic check,86.7,1319.37,No
6910-ETZLV,Female,0,No,No,4,Yes,Yes,No,No internet service,No internet service,No internet service,No internet service,No internet service,No internet service,Two year,Yes,Bank transfer (automatic),24.25,84.43,No
5618-XMOEX,Male,0,Yes,No,50,Yes,No,Fiber optic,No,Yes,Yes,Yes,Yes,Yes,Month-to-month,Yes,Mailed check,109.3,5433.59,Yes
4412-SSVBM,Female,0,No,Yes,65,Yes,No,No,No internet service,No internet service,No internet service,No internet service,No internet service,No internet service,Month-to-month,No,Electronic check,32.1,2088.65,No
8720-TEVZP,Female,1,Yes,No,38,No,No phone service,Fiber optic,Yes,Yes,Yes,No,No,No,Two year,Yes,Mailed check,92.99,3546.76,No
4259-PZGAW,Male,0,No,No,34,Yes,Yes,DSL,No,No,No,No,Yes,Yes,One year,No,Mailed check,68.37,2307.0,No
3218-TGIUT,Female,0,Yes,No,3,Yes,No,Fiber optic,No,No,No,No,Yes,No,One year,Yes,Bank transfer (automatic),89.01,258.92,No
8914-WYCSD,Female,0,Yes,Yes,59,Yes,No,DSL,No,No,Yes,Yes,Yes,No,Month-to-month,Yes,Bank transfer (automatic),64.26,3799.71,No
2396-QZHSD,Male,0,No,No,12,Yes,No,Fiber optic,No,No,Yes,No,Yes,Yes,Month-to-month,No,Mailed check,106.32,1268.13,No
5409-MFEIR,Female,0,Yes,No,11,Yes,No,No,No internet service,No internet service,No internet service,No internet service,No internet service,No internet service,Two year,Yes,Credit card (automatic),30.64,345.95,No
9995-PPUZH,Female,0,Yes,Yes,65,Yes,Yes,No,No internet service,No internet service,No internet service,No internet service,No internet service,No internet service,One year,No,Electronic check,22.3,1435.43,No
2109-ERZRU,Female,1,No,No,70,No,No phone service,DSL,No,No,No,No,Yes,No,Month-to-month,Yes,Bank transfer (automatic),55.39,3891.61,No
7825-UIALH,Female,0,Yes,No,55,No,No phone service,Fiber optic,No,No,No,No,No,Yes,Month-to-month,Yes,Electronic check,81.29,4445.62,No
8633-KHZNG,Female,0,Yes,Yes,34,Yes,Yes,Fiber optic,No,Yes,Yes,No,No,No,Two year,No,Bank transfer (automatic),92.02,3138.42,No
3812-WLZXT,Female,0,No,Yes,7,Yes,No,DSL,Yes,No,No,No,No,No,Month-to-month,No,Mailed check,51.64,381.33,Yes
4371-JGTYZ,Female,0,No,No,56,Yes,Yes,Fiber optic,No,No,Yes,No,Yes,Yes,Month-to-month,Yes,Bank transfer (automatic),100.99,5675.0,No
3176-RDVPE,Male,0,Yes,Yes,55,Yes,No,No,No internet service,No internet service,No internet service,No internet service,No internet service,No internet service,Month-to-month,Yes,Credit card (automatic),19.56,1053.1,No
3295-SCFTU,Male,1,No,No,4,Yes,Yes,Fiber optic,No,No,Yes,No,No,No,Month-to-month,Yes,Credit card (automatic),86.91,353.97,Yes
9872-OXJYM,Male,0,Yes,Yes,45,No,No phone service,DSL,Yes,Yes,No,No,No,No,Two year,Yes,Bank transfer (automatic),51.74,2330.7,No
4641-DSMFL,Female,0,No,No,0,Yes,Yes,No,No internet service,No internet service,No internet service,No internet service,No internet service,No internet service,Two year,No,Mailed check,29.87,1.06,No
9158-YPYHO,Male,0,Yes,Yes,7,Yes,No,DSL,No,Yes,No,Yes,No,Yes,Month-to-month,No,Bank transfer (automatic),63.82,404.16,Yes
